"identity_key","identity_status","production_uuid","legacy_item_code","source_item_code","target_item_code","sql_present","csv_production_present","csv_workbook_present","csv_record_rows","json_mapping_present","json_exclusion_present","xlsx_present","xlsx_physical_row","xlsx_item_id","xlsx_source_row","pdf_present","pdf_page","pdf_table","pdf_row","pdf_locator","pdf_row_digest","name_sql_raw","name_sql_normalized","name_xlsx_raw","name_xlsx_normalized","name_pdf_raw","name_pdf_normalized","unit_sql_raw","unit_sql_normalized","unit_xlsx_raw","unit_xlsx_normalized","unit_pdf_raw","unit_pdf_normalized","material_sql","labor_sql","total_sql","material_xlsx","labor_xlsx","total_xlsx","material_pdf","labor_pdf","total_pdf","sql_vs_xlsx","xlsx_vs_pdf","sql_vs_pdf","identity_match_method","identity_confidence","identity_name_similarity","identity_unit_equal","identity_ordinal_equal","classification","p50d_decision_required","notes"
"prod:fa1b3f6d-9505-4b23-b96c-8c9a998b3ae2","stable_uuid","fa1b3f6d-9505-4b23-b96c-8c9a998b3ae2","ITEM-0001","CIC-PVC-001","CIC-PVC-001","true","true","true","2","true","false","true","2","1","52","true","2","1","5","p02:t1:r5:display-1","22b0b75509ffbe6875c0cd877d6eacd95cc801ee98fb6aea654e28764d90b99f","งานวางท่อ 1-Ø1½"" PVC หุ้ม ค.ส.ล.","งานวางท่อ 1-Ø11⁄2"" PVC หุ้ม ค.ส.ล.","งานวางท่อ 1-Ø1½"" PVC หุ้ม ค.ส.ล.","งานวางท่อ 1-Ø11⁄2"" PVC หุ้ม ค.ส.ล.","งานวางท่อ 1-Ø11⁄2"" PVC หุ้ม ค.ส.ล.","งานวางท่อ 1-Ø11⁄2"" PVC หุ้ม ค.ส.ล.","ม.","ม.","ม.","ม.","ม.","ม.","1152","616","1768","1152","616","1768","1152","616","1768","equal","equal","equal","order_constrained_name_unit_source_ordinal","high","1","true","true","matched","false",""
"prod:fa56f4ea-d24f-4404-ac23-c7f41e32911b","stable_uuid","fa56f4ea-d24f-4404-ac23-c7f41e32911b","ITEM-0002","CIC-PVC-002","CIC-PVC-002","true","true","true","3","true","false","true","3","2","53","true","2","1","6","p02:t1:r6:display-2","ca0e089a85917db8928453145d8a12ebb7e609d0ed467c09e570e17aeb8ab43b","งานวางท่อ 2-Ø1½"" PVC หุ้ม ค.ส.ล.","งานวางท่อ 2-Ø11⁄2"" PVC หุ้ม ค.ส.ล.","งานวางท่อ 2-Ø1½"" PVC หุ้ม ค.ส.ล.","งานวางท่อ 2-Ø11⁄2"" PVC หุ้ม ค.ส.ล.","งานวางท่อ 2-Ø11⁄2"" PVC หุ้ม ค.ส.ล.","งานวางท่อ 2-Ø11⁄2"" PVC หุ้ม ค.ส.ล.","ม.","ม.","ม.","ม.","ม.","ม.","1637","699","2336","1637","699","2336","1637","699","2336","equal","equal","equal","order_constrained_name_unit_source_ordinal","high","1","true","true","matched","false",""
"prod:a8033ea1-0e12-4c84-a1e4-9b8cdcbc260d","stable_uuid","a8033ea1-0e12-4c84-a1e4-9b8cdcbc260d","ITEM-0003","CIC-PVC-003","CIC-PVC-003","true","true","true","4","true","false","true","4","3","54","true","2","1","7","p02:t1:r7:display-3","e09dd45e98ab926d14c049d0a57e4d1c71399cf1991043cf03516d59a6164897","งานวางท่อ 4-Ø1½"" PVC หุ้ม ค.ส.ล.","งานวางท่อ 4-Ø11⁄2"" PVC หุ้ม ค.ส.ล.","งานวางท่อ 4-Ø1½"" PVC หุ้ม ค.ส.ล.","งานวางท่อ 4-Ø11⁄2"" PVC หุ้ม ค.ส.ล.","งานวางท่อ 4-Ø11⁄2"" PVC หุ้ม ค.ส.ล.","งานวางท่อ 4-Ø11⁄2"" PVC หุ้ม ค.ส.ล.","ม.","ม.","ม.","ม.","ม.","ม.","1952","769","2721","1952","769","2721","1952","769","2721","equal","equal","equal","order_constrained_name_unit_source_ordinal","high","1","true","true","matched","false",""
"prod:6e43ea73-3fec-44c4-bf71-b4a259e1d394","stable_uuid","6e43ea73-3fec-44c4-bf71-b4a259e1d394","ITEM-0004","CIC-PVC-004","CIC-PVC-004","true","true","true","5","true","false","true","5","4","55","true","2","1","8","p02:t1:r8:display-4","158513d742efe98e26b36a80fa9c505264e63257d2df68696a034aa9d066ad90","งานวางท่อ 1-Ø2"" PVC หุ้ม ค.ส.ล.","งานวางท่อ 1-Ø2"" PVC หุ้ม ค.ส.ล.","งานวางท่อ 1-Ø2"" PVC หุ้ม ค.ส.ล.","งานวางท่อ 1-Ø2"" PVC หุ้ม ค.ส.ล.","งานวางท่อ 1-Ø2"" PVC หุ้ม ค.ส.ล.","งานวางท่อ 1-Ø2"" PVC หุ้ม ค.ส.ล.","ม.","ม.","ม.","ม.","ม.","ม.","1243","621","1864","1243","621","1864","1243","621","1864","equal","equal","equal","order_constrained_name_unit_source_ordinal","high","1","true","true","matched","false",""
"prod:c410595d-bd3f-477a-a816-e8085cf3af38","stable_uuid","c410595d-bd3f-477a-a816-e8085cf3af38","ITEM-0005","CIC-PVC-005","CIC-PVC-005","true","true","true","6","true","false","true","6","5","56","true","2","1","9","p02:t1:r9:display-5","45426d181a0f79e5cb87cf69ab8516d064f4ffb56de67700665cf244d47d53fa","งานวางท่อ 2-Ø2"" PVC หุ้ม ค.ส.ล.","งานวางท่อ 2-Ø2"" PVC หุ้ม ค.ส.ล.","งานวางท่อ 2-Ø2"" PVC หุ้ม ค.ส.ล.","งานวางท่อ 2-Ø2"" PVC หุ้ม ค.ส.ล.","งานวางท่อ 2-Ø2"" PVC หุ้ม ค.ส.ล.","งานวางท่อ 2-Ø2"" PVC หุ้ม ค.ส.ล.","ม.","ม.","ม.","ม.","ม.","ม.","1819","709","2528","1819","709","2528","1819","709","2528","equal","equal","equal","order_constrained_name_unit_source_ordinal","high","1","true","true","matched","false",""
"prod:181ff543-8bd2-4d36-bfa0-2f7c0890c744","stable_uuid","181ff543-8bd2-4d36-bfa0-2f7c0890c744","ITEM-0006","CIC-PVC-006","CIC-PVC-006","true","true","true","7","true","false","true","7","6","57","true","2","1","10","p02:t1:r10:display-6","b9c9f19ad6ad455987ee2267b1ccd3c5b0ba1f939d8e477c617d8c36f2751ef4","งานวางท่อ 4-Ø2"" PVC หุ้ม ค.ส.ล.","งานวางท่อ 4-Ø2"" PVC หุ้ม ค.ส.ล.","งานวางท่อ 4-Ø2"" PVC หุ้ม ค.ส.ล.","งานวางท่อ 4-Ø2"" PVC หุ้ม ค.ส.ล.","งานวางท่อ 4-Ø2"" PVC หุ้ม ค.ส.ล.","งานวางท่อ 4-Ø2"" PVC หุ้ม ค.ส.ล.","ม.","ม.","ม.","ม.","ม.","ม.","2316","789","3105","2316","789","3105","2316","789","3105","equal","equal","equal","order_constrained_name_unit_source_ordinal","high","1","true","true","matched","false",""
"prod:6e1651a6-84e6-4844-9ba7-1555bbafb844","stable_uuid","6e1651a6-84e6-4844-9ba7-1555bbafb844","ITEM-0007","CIC-PVC-007","CIC-PVC-007","true","true","true","8","true","false","true","8","7","58","true","2","1","11","p02:t1:r11:display-7","1f81d82927f34e47d743764671355ae96acec2acee0ee175bcfbb668b475b9ea","งานวางท่อ 1-Ø3"" PVC หุ้ม ค.ส.ล.","งานวางท่อ 1-Ø3"" PVC หุ้ม ค.ส.ล.","งานวางท่อ 1-Ø3"" PVC หุ้ม ค.ส.ล.","งานวางท่อ 1-Ø3"" PVC หุ้ม ค.ส.ล.","งานวางท่อ 1-Ø3"" PVC หุ้ม ค.ส.ล.","งานวางท่อ 1-Ø3"" PVC หุ้ม ค.ส.ล.","ม.","ม.","ม.","ม.","ม.","ม.","1192","705","1897","1192","705","1897","1192","705","1897","equal","equal","equal","order_constrained_name_unit_source_ordinal","high","1","true","true","matched","false",""
"prod:eb17519e-f51e-4e96-821d-ce1a1e620f43","stable_uuid","eb17519e-f51e-4e96-821d-ce1a1e620f43","ITEM-0008","CIC-PVC-008","CIC-PVC-008","true","true","true","9","true","false","true","9","8","59","true","2","1","12","p02:t1:r12:display-8","cac0ff466348b4a229934a623df5c66dbace29e87cdff33d68d9f435adbff561","งานวางท่อ 2-Ø3"" PVC หุ้ม ค.ส.ล.","งานวางท่อ 2-Ø3"" PVC หุ้ม ค.ส.ล.","งานวางท่อ 2-Ø3"" PVC หุ้ม ค.ส.ล.","งานวางท่อ 2-Ø3"" PVC หุ้ม ค.ส.ล.","งานวางท่อ 2-Ø3"" PVC หุ้ม ค.ส.ล.","งานวางท่อ 2-Ø3"" PVC หุ้ม ค.ส.ล.","ม.","ม.","ม.","ม.","ม.","ม.","1715","725","2440","1715","725","2440","1715","725","2440","equal","equal","equal","order_constrained_name_unit_source_ordinal","high","1","true","true","matched","false",""
"prod:2f958a27-d77d-4f04-82fb-39392ee1bd72","stable_uuid","2f958a27-d77d-4f04-82fb-39392ee1bd72","ITEM-0009","CIC-PVC-009","CIC-PVC-009","true","true","true","10","true","false","true","10","9","60","true","2","1","13","p02:t1:r13:display-9","c47c6def0129c3ab7d766d822fff2ab5baf3f2a110d57b64a130fce7c7f48b30","งานวางท่อ 4-Ø3"" PVC หุ้ม ค.ส.ล.","งานวางท่อ 4-Ø3"" PVC หุ้ม ค.ส.ล.","งานวางท่อ 4-Ø3"" PVC หุ้ม ค.ส.ล.","งานวางท่อ 4-Ø3"" PVC หุ้ม ค.ส.ล.","งานวางท่อ 4-Ø3"" PVC หุ้ม ค.ส.ล.","งานวางท่อ 4-Ø3"" PVC หุ้ม ค.ส.ล.","ม.","ม.","ม.","ม.","ม.","ม.","2107","817","2924","2107","817","2924","2107","817","2924","equal","equal","equal","order_constrained_name_unit_source_ordinal","high","1","true","true","matched","false",""
"prod:e037b936-d887-4eb0-beed-5b65c7202a4c","stable_uuid","e037b936-d887-4eb0-beed-5b65c7202a4c","ITEM-0010","CIC-PVC-010","CIC-PVC-010","true","true","true","11","true","false","true","11","10","61","true","2","1","14","p02:t1:r14:display-10","e33ab73abfe66babfe15639af29b48b44cc243c1598033098cda3bef166d4330","งานวางท่อ 1-Ø4"" PVC หุ้ม ค.ส.ล.","งานวางท่อ 1-Ø4"" PVC หุ้ม ค.ส.ล.","งานวางท่อ 1-Ø4"" PVC หุ้ม ค.ส.ล.","งานวางท่อ 1-Ø4"" PVC หุ้ม ค.ส.ล.","งานวางท่อ 1-Ø4"" PVC หุ้ม ค.ส.ล.","งานวางท่อ 1-Ø4"" PVC หุ้ม ค.ส.ล.","ม.","ม.","ม.","ม.","ม.","ม.","1029","409","1438","1819","717","2536","1029","409","1438","different","different","equal","order_constrained_name_unit_source_ordinal","high","1","true","true","source_version_difference","true",""
"prod:3f562143-702f-418e-911d-85030302531d","stable_uuid","3f562143-702f-418e-911d-85030302531d","ITEM-0011","CIC-PVC-011","CIC-PVC-011","true","true","true","12","true","false","true","12","11","62","true","2","1","15","p02:t1:r15:display-11","524f938fada18b5ebb8e40a46ddd685691a926f5e79cb88dd3591821575d37a8","งานวางท่อ 2-Ø4"" PVC หุ้ม ค.ส.ล.","งานวางท่อ 2-Ø4"" PVC หุ้ม ค.ส.ล.","งานวางท่อ 2-Ø4"" PVC หุ้ม ค.ส.ล.","งานวางท่อ 2-Ø4"" PVC หุ้ม ค.ส.ล.","งานวางท่อ 2-Ø4"" PVC หุ้ม ค.ส.ล.","งานวางท่อ 2-Ø4"" PVC หุ้ม ค.ส.ล.","ม.","ม.","ม.","ม.","ม.","ม.","2010","766","2776","2010","766","2776","2010","766","2776","equal","equal","equal","order_constrained_name_unit_source_ordinal","high","1","true","true","matched","false",""
"prod:ff6bc4dd-d95c-4abf-a3af-dec76314b70b","stable_uuid","ff6bc4dd-d95c-4abf-a3af-dec76314b70b","ITEM-0012","CIC-PVC-012","CIC-PVC-012","true","true","true","13","true","false","true","13","12","63","true","2","1","16","p02:t1:r16:display-12","8a4b907ca12b2c6b2887628d08cc0957085c4d8510ba7ab4b9f389a93896e428","งานวางท่อ 4-Ø4"" PVC หุ้ม ค.ส.ล.","งานวางท่อ 4-Ø4"" PVC หุ้ม ค.ส.ล.","งานวางท่อ 4-Ø4"" PVC หุ้ม ค.ส.ล.","งานวางท่อ 4-Ø4"" PVC หุ้ม ค.ส.ล.","งานวางท่อ 4-Ø4"" PVC หุ้ม ค.ส.ล.","งานวางท่อ 4-Ø4"" PVC หุ้ม ค.ส.ล.","ม.","ม.","ม.","ม.","ม.","ม.","2506","875","3381","2506","875","3381","2506","875","3381","equal","equal","equal","order_constrained_name_unit_source_ordinal","high","1","true","true","matched","false",""
"prod:095d8d81-8cdf-4ccf-a4e6-88699e5c495b","stable_uuid","095d8d81-8cdf-4ccf-a4e6-88699e5c495b","ITEM-0013","CIC-PV2-001","CIC-PV2-001","true","true","true","14","true","false","true","14","13","66","true","2","1","19","p02:t1:r19:display-1","8398282106029d20830a75039ad345728ae438851edc32679c81444c0d19221a","งานวางท่อ 2-Ø3"" + 4-Ø4"" PVC หุ้ม ค.ส.ล.","งานวางท่อ 2-Ø3"" + 4-Ø4"" PVC หุ้ม ค.ส.ล.","งานวางท่อ 2-Ø3"" + 4-Ø4"" PVC หุ้ม ค.ส.ล.","งานวางท่อ 2-Ø3"" + 4-Ø4"" PVC หุ้ม ค.ส.ล.","งานวางท่อ 2-Ø3"" + 4-Ø4"" PVC หุ้ม ค.ส.ล.","งานวางท่อ 2-Ø3"" + 4-Ø4"" PVC หุ้ม ค.ส.ล.","ม.","ม.","ม.","ม.","ม.","ม.","3568","1245","4813","3568","1245","4813","3568","1245","4813","equal","equal","equal","order_constrained_name_unit_source_ordinal","high","1","true","true","matched","false",""
"prod:e576c139-2541-42a7-b7d6-143206a04b36","stable_uuid","e576c139-2541-42a7-b7d6-143206a04b36","ITEM-0014","CIC-PV2-002","CIC-PV2-002","true","true","true","15","true","false","true","15","14","67","true","2","1","20","p02:t1:r20:display-2","126f5132d320b495fa3a31c80face640b6f4b82c23e51ebe33501cc202deb17f","งานวางท่อ 2-Ø3"" + 6-Ø4"" PVC หุ้ม ค.ส.ล.","งานวางท่อ 2-Ø3"" + 6-Ø4"" PVC หุ้ม ค.ส.ล.","งานวางท่อ 2-Ø3"" + 6-Ø4"" PVC หุ้ม ค.ส.ล.","งานวางท่อ 2-Ø3"" + 6-Ø4"" PVC หุ้ม ค.ส.ล.","งานวางท่อ 2-Ø3"" + 6-Ø4"" PVC หุ้ม ค.ส.ล.","งานวางท่อ 2-Ø3"" + 6-Ø4"" PVC หุ้ม ค.ส.ล.","ม.","ม.","ม.","ม.","ม.","ม.","4221","1380","5601","4221","1380","5601","4221","1380","5601","equal","equal","equal","order_constrained_name_unit_source_ordinal","high","1","true","true","matched","false",""
"prod:003b2cec-04f0-4ab6-ae2e-613d3ccb6d15","stable_uuid","003b2cec-04f0-4ab6-ae2e-613d3ccb6d15","ITEM-0015","CIC-PV2-003","CIC-PV2-003","true","true","true","16","true","false","true","16","15","68","true","2","1","21","p02:t1:r21:display-3","5115156f353357d4bfeb32594af328d81f2148b8051c397309532366961e33dd","งานวางท่อ 2-Ø3"" + 8-Ø4"" PVC หุ้ม ค.ส.ล.","งานวางท่อ 2-Ø3"" + 8-Ø4"" PVC หุ้ม ค.ส.ล.","งานวางท่อ 2-Ø3"" + 8-Ø4"" PVC หุ้ม ค.ส.ล.","งานวางท่อ 2-Ø3"" + 8-Ø4"" PVC หุ้ม ค.ส.ล.","งานวางท่อ 2-Ø3"" + 8-Ø4"" PVC หุ้ม ค.ส.ล.","งานวางท่อ 2-Ø3"" + 8-Ø4"" PVC หุ้ม ค.ส.ล.","ม.","ม.","ม.","ม.","ม.","ม.","5459","1704","7163","5459","1704","7163","5459","1704","7163","equal","equal","equal","order_constrained_name_unit_source_ordinal","high","1","true","true","matched","false",""
"prod:73543734-9bc7-49c3-aebf-a6b331d697d8","stable_uuid","73543734-9bc7-49c3-aebf-a6b331d697d8","ITEM-0016","CIC-H08-001","CIC-H08-001","true","true","true","17","true","false","true","17","16","71","true","2","1","24","p02:t1:r24:display-1","e5fd7e19fcf4f98515e4cf94ba3d88fc08988944b34c3323fb5ac35412566437","งานวางท่อ 1-Ø110 มม. HDPE PE80 PN8 หุ้ม ค.ส.ล.","งานวางท่อ 1-Ø110 มม. HDPE PE80 PN8 หุ้ม ค.ส.ล.","งานวางท่อ 1-Ø110 มม. HDPE PE80 PN8 หุ้ม ค.ส.ล.","งานวางท่อ 1-Ø110 มม. HDPE PE80 PN8 หุ้ม ค.ส.ล.","งานวางท่อ 1-Ø110 มม. HDPE PE80 PN8 หุ้ม ค.ส.ล.","งานวางท่อ 1-Ø110 มม. HDPE PE80 PN8 หุ้ม ค.ส.ล.","ม.","ม.","ม.","ม.","ม.","ม.","1262","600","1862","1262","600","1862","1262","600","1862","equal","equal","equal","order_constrained_name_unit_source_ordinal","high","1","true","true","matched","false",""
"prod:51c82df5-356c-4604-8cde-fa8f31989003","stable_uuid","51c82df5-356c-4604-8cde-fa8f31989003","ITEM-0017","CIC-H08-002","CIC-H08-002","true","true","true","18","true","false","true","18","17","72","true","2","1","25","p02:t1:r25:display-2","205ebf895594c83d11f10f6438cdd7e09c802e4be64f619d56186627143961e6","งานวางท่อ 2-Ø110 มม. HDPE PE80 PN8 หุ้ม ค.ส.ล.","งานวางท่อ 2-Ø110 มม. HDPE PE80 PN8 หุ้ม ค.ส.ล.","งานวางท่อ 2-Ø110 มม. HDPE PE80 PN8 หุ้ม ค.ส.ล.","งานวางท่อ 2-Ø110 มม. HDPE PE80 PN8 หุ้ม ค.ส.ล.","งานวางท่อ 2-Ø110 มม. HDPE PE80 PN8 หุ้ม ค.ส.ล.","งานวางท่อ 2-Ø110 มม. HDPE PE80 PN8 หุ้ม ค.ส.ล.","ม.","ม.","ม.","ม.","ม.","ม.","1923","683","2606","1923","683","2606","1923","683","2606","equal","equal","equal","order_constrained_name_unit_source_ordinal","high","1","true","true","matched","false",""
"prod:c97a52cc-6f3b-4b47-8602-55dd5f70f7b0","stable_uuid","c97a52cc-6f3b-4b47-8602-55dd5f70f7b0","ITEM-0018","CIC-H08-003","CIC-H08-003","true","true","true","19","true","false","true","19","18","73","true","2","1","26","p02:t1:r26:display-3","e54c3a62515ceb08a043e1b0b04fd3215c18da9ffd798c6f24d7885e8bbcd6be","งานวางท่อ 4-Ø110 มม. HDPE PE80 PN8 หุ้ม ค.ส.ล.","งานวางท่อ 4-Ø110 มม. HDPE PE80 PN8 หุ้ม ค.ส.ล.","งานวางท่อ 4-Ø110 มม. HDPE PE80 PN8 หุ้ม ค.ส.ล.","งานวางท่อ 4-Ø110 มม. HDPE PE80 PN8 หุ้ม ค.ส.ล.","งานวางท่อ 4-Ø110 มม. HDPE PE80 PN8 หุ้ม ค.ส.ล.","งานวางท่อ 4-Ø110 มม. HDPE PE80 PN8 หุ้ม ค.ส.ล.","ม.","ม.","ม.","ม.","ม.","ม.","2505","959","3464","2505","959","3464","2505","959","3464","equal","equal","equal","order_constrained_name_unit_source_ordinal","high","1","true","true","matched","false",""
"prod:9b473aab-71dd-43ff-b6f0-40a2fb16a7a4","stable_uuid","9b473aab-71dd-43ff-b6f0-40a2fb16a7a4","ITEM-0019","CIC-H08-004","CIC-H08-004","true","true","true","20","true","false","true","20","19","74","true","2","1","27","p02:t1:r27:display-4","303466476be37439a261c5cdc06f34ecf9ba7fb7071049f9393264f3bb9dcfa1","งานวางท่อ 6-Ø110 มม.HDPE PE80 PN8 หุ้ม ค.ส.ล.","งานวางท่อ 6-Ø110 มม.HDPE PE80 PN8 หุ้ม ค.ส.ล.","งานวางท่อ 6-Ø110 มม.HDPE PE80 PN8 หุ้ม ค.ส.ล.","งานวางท่อ 6-Ø110 มม.HDPE PE80 PN8 หุ้ม ค.ส.ล.","งานวางท่อ 6-Ø110 มม.HDPE PE80 PN8 หุ้ม ค.ส.ล.","งานวางท่อ 6-Ø110 มม.HDPE PE80 PN8 หุ้ม ค.ส.ล.","ม.","ม.","ม.","ม.","ม.","ม.","3971","1137","5108","3971","1137","5108","3971","1137","5108","equal","equal","equal","order_constrained_name_unit_source_ordinal","high","1","true","true","matched","false",""
"prod:60ba2921-34c5-4a70-b3eb-141ee2cd0d6a","stable_uuid","60ba2921-34c5-4a70-b3eb-141ee2cd0d6a","ITEM-0020","CIC-H08-005","CIC-H08-005","true","true","true","21","true","false","true","21","20","75","true","2","1","28","p02:t1:r28:display-5","a64b44db49065179f07c1c170bc1011b177792322d6af846e94e26b2b919f0b3","งานวางท่อ 1-Ø125 มม. HDPE PE80 PN8 หุ้ม ค.ส.ล.","งานวางท่อ 1-Ø125 มม. HDPE PE80 PN8 หุ้ม ค.ส.ล.","งานวางท่อ 1-Ø125 มม. HDPE PE80 PN8 หุ้ม ค.ส.ล.","งานวางท่อ 1-Ø125 มม. HDPE PE80 PN8 หุ้ม ค.ส.ล.","งานวางท่อ 1-Ø125 มม. HDPE PE80 PN8 หุ้ม ค.ส.ล.","งานวางท่อ 1-Ø125 มม. HDPE PE80 PN8 หุ้ม ค.ส.ล.","ม.","ม.","ม.","ม.","ม.","ม.","1147","377","1524","1147","377","1524","1147","377","1524","equal","equal","equal","order_constrained_name_unit_source_ordinal","high","1","true","true","matched","false",""
"prod:ae12592d-c360-4030-a254-5721d633808f","stable_uuid","ae12592d-c360-4030-a254-5721d633808f","ITEM-0021","CIC-H08-006","CIC-H08-006","true","true","true","22","true","false","true","22","21","76","true","2","1","29","p02:t1:r29:display-6","59b2dd07e52b0e170f6bfbc2543b95a61b1728cac251f68cc88fdd5bdc985108","งานวางท่อ 2-Ø125 มม. HDPE PE80 PN8 หุ้ม ค.ส.ล.","งานวางท่อ 2-Ø125 มม. HDPE PE80 PN8 หุ้ม ค.ส.ล.","งานวางท่อ 2-Ø125 มม. HDPE PE80 PN8 หุ้ม ค.ส.ล.","งานวางท่อ 2-Ø125 มม. HDPE PE80 PN8 หุ้ม ค.ส.ล.","งานวางท่อ 2-Ø125 มม. HDPE PE80 PN8 หุ้ม ค.ส.ล.","งานวางท่อ 2-Ø125 มม. HDPE PE80 PN8 หุ้ม ค.ส.ล.","ม.","ม.","ม.","ม.","ม.","ม.","2356","722","3078","2356","722","3078","2356","722","3078","equal","equal","equal","order_constrained_name_unit_source_ordinal","high","1","true","true","matched","false",""
"prod:277bb7db-473c-44dc-85f9-a337df44bb27","stable_uuid","277bb7db-473c-44dc-85f9-a337df44bb27","ITEM-0022","CIC-H08-007","CIC-H08-007","true","true","true","23","true","false","true","23","22","77","true","2","1","30","p02:t1:r30:display-7","5ea05c3b30acc8cb23e4888c1c37356e13f90a90eb2e2630f749c772a381b172","งานวางท่อ 4-Ø125 มม. HDPE PE80 PN8 หุ้ม ค.ส.ล.","งานวางท่อ 4-Ø125 มม. HDPE PE80 PN8 หุ้ม ค.ส.ล.","งานวางท่อ 4-Ø125 มม. HDPE PE80 PN8 หุ้ม ค.ส.ล.","งานวางท่อ 4-Ø125 มม. HDPE PE80 PN8 หุ้ม ค.ส.ล.","งานวางท่อ 4-Ø125 มม. HDPE PE80 PN8 หุ้ม ค.ส.ล.","งานวางท่อ 4-Ø125 มม. HDPE PE80 PN8 หุ้ม ค.ส.ล.","ม.","ม.","ม.","ม.","ม.","ม.","3238","807","4045","3238","807","4045","3238","807","4045","equal","equal","equal","order_constrained_name_unit_source_ordinal","high","1","true","true","matched","false",""
"prod:376861e6-01c6-4767-9ad6-0fb20760adfe","stable_uuid","376861e6-01c6-4767-9ad6-0fb20760adfe","ITEM-0023","CIC-H08-008","CIC-H08-008","true","true","true","24","true","false","true","24","23","78","true","2","1","31","p02:t1:r31:display-8","6a4cb79a27696275947af62fcf51495902eccf9e20555ab2e09e152b5ea5f7b1","งานวางท่อ 6-Ø125 มม. HDPE PE80 PN8 หุ้ม ค.ส.ล.","งานวางท่อ 6-Ø125 มม. HDPE PE80 PN8 หุ้ม ค.ส.ล.","งานวางท่อ 6-Ø125 มม. HDPE PE80 PN8 หุ้ม ค.ส.ล.","งานวางท่อ 6-Ø125 มม. HDPE PE80 PN8 หุ้ม ค.ส.ล.","งานวางท่อ 6-Ø125 มม. HDPE PE80 PN8 หุ้ม ค.ส.ล.","งานวางท่อ 6-Ø125 มม. HDPE PE80 PN8 หุ้ม ค.ส.ล.","ม.","ม.","ม.","ม.","ม.","ม.","4333","920","5253","4333","920","5253","4333","920","5253","equal","equal","equal","order_constrained_name_unit_source_ordinal","high","1","true","true","matched","false",""
"prod:b8dcbf0a-f1be-485d-8dab-e2175f07bdfa","stable_uuid","b8dcbf0a-f1be-485d-8dab-e2175f07bdfa","ITEM-0024","CIC-H08-009","CIC-H08-009","true","true","true","25","true","false","true","25","24","79","true","2","1","32","p02:t1:r32:display-9","347852bd24bf1436a8e450df0c4f1d5f0c7dee9bc824f558421c90bb529dcfdb","งานวางท่อ 12-Ø125 มม. HDPE PE80 PN8 หุ้ม ค.ส.ล.","งานวางท่อ 12-Ø125 มม. HDPE PE80 PN8 หุ้ม ค.ส.ล.","งานวางท่อ 12-Ø125 มม. HDPE PE80 PN8 หุ้ม ค.ส.ล.","งานวางท่อ 12-Ø125 มม. HDPE PE80 PN8 หุ้ม ค.ส.ล.","งานวางท่อ 12-Ø125 มม. HDPE PE80 PN8 หุ้ม ค.ส.ล.","งานวางท่อ 12-Ø125 มม. HDPE PE80 PN8 หุ้ม ค.ส.ล.","ม.","ม.","ม.","ม.","ม.","ม.","7484","1231","8715","7484","1231","8715","7484","1231","8715","equal","equal","equal","order_constrained_name_unit_source_ordinal","high","1","true","true","matched","false",""
"prod:4ed8e198-5946-4927-b47e-9404c00f2548","stable_uuid","4ed8e198-5946-4927-b47e-9404c00f2548","ITEM-0025","CIC-H08-010","CIC-H08-010","true","true","true","26","true","false","true","26","25","80","true","2","1","33","p02:t1:r33:display-10","68fbdb01030aa707a53404cc350c8f42fd7ad4de1740eec589a4886c2acd8598","งานวางท่อ 16-Ø125 มม. HDPE PE80 PN8 หุ้ม ค.ส.ล.","งานวางท่อ 16-Ø125 มม. HDPE PE80 PN8 หุ้ม ค.ส.ล.","งานวางท่อ 16-Ø125 มม. HDPE PE80 PN8 หุ้ม ค.ส.ล.","งานวางท่อ 16-Ø125 มม. HDPE PE80 PN8 หุ้ม ค.ส.ล.","งานวางท่อ 16-Ø125 มม. HDPE PE80 PN8 หุ้ม ค.ส.ล.","งานวางท่อ 16-Ø125 มม. HDPE PE80 PN8 หุ้ม ค.ส.ล.","ม.","ม.","ม.","ม.","ม.","ม.","9808","1514","11322","9808","1514","11322","9808","1514","11322","equal","equal","equal","order_constrained_name_unit_source_ordinal","high","1","true","true","matched","false",""
"prod:62922196-02a6-41a6-9a3c-390dad3db690","stable_uuid","62922196-02a6-41a6-9a3c-390dad3db690","ITEM-0026","CIC-H10-001","CIC-H10-001","true","true","true","27","true","false","true","27","26","81","true","3","1","3","p03:t1:r3:display-11","9ea1b9c54ce9043ceadfa6d79d4d4c2a03d6e4c912c3bcd768631a074be886bb","งานวางท่อ 1-Ø110 มม. HDPE PE80 PN10 หุ้ม ค.ส.ล.","งานวางท่อ 1-Ø110 มม. HDPE PE80 PN10 หุ้ม ค.ส.ล.","งานวางท่อ 1-Ø110 มม. HDPE PE80 PN10 หุ้ม ค.ส.ล.","งานวางท่อ 1-Ø110 มม. HDPE PE80 PN10 หุ้ม ค.ส.ล.","งานวางท่อ 1-Ø110 มม. HD1P. Eง าPนEว8า0ง ทPN่อร1้อ0ย หสุ้มา ยคส.สื่อ.สลา.รใต้ดิน หุ้มคอนกรีตเสริมเหล็ก (ค.ส.ล.)","งานวางท่อ 1-Ø110 มม. HD1P. Eง าPนEว8า0ง ทPN่อร1้อ0ย หสุ้มา ยคส.สื่อ.สลา.รใต้ดิน หุ้มคอนกรีตเสริมเหล็ก (ค.ส.ล.)","ม.","ม.","ม.","ม.","ม.","ม.","1329","600","1929","1329","600","1929","1329","600","1929","equal","equal","equal","order_constrained_name_unit_source_ordinal","medium","0.419355","true","true","matched","false","repeated_page_header_description_overlay"
"prod:1fcde9f1-c230-4a59-940f-5b53e0101111","stable_uuid","1fcde9f1-c230-4a59-940f-5b53e0101111","ITEM-0027","CIC-H10-002","CIC-H10-002","true","true","true","28","true","false","true","28","27","82","true","3","1","4","p03:t1:r4:display-12","0fb5e2bc12ffb7f735cb944cffec4cac55d069586679c42e9aaa9ac4b2d0ef7c","งานวางท่อ 2-Ø110 มม. HDPE PE80 PN10 หุ้ม ค.ส.ล.","งานวางท่อ 2-Ø110 มม. HDPE PE80 PN10 หุ้ม ค.ส.ล.","งานวางท่อ 2-Ø110 มม. HDPE PE80 PN10 หุ้ม ค.ส.ล.","งานวางท่อ 2-Ø110 มม. HDPE PE80 PN10 หุ้ม ค.ส.ล.","งานวางท่อ 2-Ø110 มม. HDPE PE80 PN10 หุ้ม ค.ส.ล.","งานวางท่อ 2-Ø110 มม. HDPE PE80 PN10 หุ้ม ค.ส.ล.","ม.","ม.","ม.","ม.","ม.","ม.","2057","683","2740","2057","683","2740","2057","683","2740","equal","equal","equal","order_constrained_name_unit_source_ordinal","high","1","true","true","matched","false",""
"prod:144debd0-a634-4b4f-b434-a15ca29b5013","stable_uuid","144debd0-a634-4b4f-b434-a15ca29b5013","ITEM-0028","CIC-H10-003","CIC-H10-003","true","true","true","29","true","false","true","29","28","83","true","3","1","5","p03:t1:r5:display-13","cce79aa15369102168438f25c25c81ce3fbdd320288f1d21d6243a2b918a13a4","งานวางท่อ 4-Ø110 มม. HDPE PE80 PN10 หุ้ม ค.ส.ล.","งานวางท่อ 4-Ø110 มม. HDPE PE80 PN10 หุ้ม ค.ส.ล.","งานวางท่อ 4-Ø110 มม. HDPE PE80 PN10 หุ้ม ค.ส.ล.","งานวางท่อ 4-Ø110 มม. HDPE PE80 PN10 หุ้ม ค.ส.ล.","งานวางท่อ 4-Ø110 มม. HDPE PE80 PN10 หุ้ม ค.ส.ล.","งานวางท่อ 4-Ø110 มม. HDPE PE80 PN10 หุ้ม ค.ส.ล.","ม.","ม.","ม.","ม.","ม.","ม.","2773","959","3732","2773","959","3732","2773","959","3732","equal","equal","equal","order_constrained_name_unit_source_ordinal","high","1","true","true","matched","false",""
"prod:bab2b9e5-3e53-4bd1-8bc9-6ff8aaa76b70","stable_uuid","bab2b9e5-3e53-4bd1-8bc9-6ff8aaa76b70","ITEM-0029","CIC-H10-004","CIC-H10-004","true","true","true","30","true","false","true","30","29","84","true","3","1","6","p03:t1:r6:display-14","53b5569182c7801828167af1e7ccddeab9aef79d03ca27e1c37818f28fc0832f","งานวางท่อ 6-Ø110 มม.HDPE PE80 PN10 หุ้ม ค.ส.ล.","งานวางท่อ 6-Ø110 มม.HDPE PE80 PN10 หุ้ม ค.ส.ล.","งานวางท่อ 6-Ø110 มม.HDPE PE80 PN10 หุ้ม ค.ส.ล.","งานวางท่อ 6-Ø110 มม.HDPE PE80 PN10 หุ้ม ค.ส.ล.","งานวางท่อ 6-Ø110 มม.HDPE PE80 PN10 หุ้ม ค.ส.ล.","งานวางท่อ 6-Ø110 มม.HDPE PE80 PN10 หุ้ม ค.ส.ล.","ม.","ม.","ม.","ม.","ม.","ม.","4373","1137","5510","4373","1137","5510","4373","1137","5510","equal","equal","equal","order_constrained_name_unit_source_ordinal","high","1","true","true","matched","false",""
"prod:2b6c5c64-ab76-4fab-be65-dfb8d0dc83ab","stable_uuid","2b6c5c64-ab76-4fab-be65-dfb8d0dc83ab","ITEM-0030","CIC-H10-005","CIC-H10-005","true","true","true","31","true","false","true","31","30","85","true","3","1","7","p03:t1:r7:display-15","52529ccf4db3311dfd2ed24688c30a44c2844f51de4aed170ee1dab2a709e65d","งานวางท่อ 1-Ø125 มม. HDPE PE80 PN10 หุ้ม ค.ส.ล.","งานวางท่อ 1-Ø125 มม. HDPE PE80 PN10 หุ้ม ค.ส.ล.","งานวางท่อ 1-Ø125 มม. HDPE PE80 PN10 หุ้ม ค.ส.ล.","งานวางท่อ 1-Ø125 มม. HDPE PE80 PN10 หุ้ม ค.ส.ล.","งานวางท่อ 1-Ø125 มม. HDPE PE80 PN10 หุ้ม ค.ส.ล.","งานวางท่อ 1-Ø125 มม. HDPE PE80 PN10 หุ้ม ค.ส.ล.","ม.","ม.","ม.","ม.","ม.","ม.","1240","377","1617","1240","377","1617","1240","377","1617","equal","equal","equal","order_constrained_name_unit_source_ordinal","high","1","true","true","matched","false",""
"prod:92821d1c-3f62-4204-8b26-c8dec3809dc8","stable_uuid","92821d1c-3f62-4204-8b26-c8dec3809dc8","ITEM-0031","CIC-H10-006","CIC-H10-006","true","true","true","32","true","false","true","32","31","86","true","3","1","8","p03:t1:r8:display-16","422f3e0696d47c191c6b0c2481d21cdd44980f19135a5162a776ec94a7e51d50","งานวางท่อ 2-Ø125 มม. HDPE PE80 PN10 หุ้ม ค.ส.ล.","งานวางท่อ 2-Ø125 มม. HDPE PE80 PN10 หุ้ม ค.ส.ล.","งานวางท่อ 2-Ø125 มม. HDPE PE80 PN10 หุ้ม ค.ส.ล.","งานวางท่อ 2-Ø125 มม. HDPE PE80 PN10 หุ้ม ค.ส.ล.","งานวางท่อ 2-Ø125 มม. HDPE PE80 PN10 หุ้ม ค.ส.ล.","งานวางท่อ 2-Ø125 มม. HDPE PE80 PN10 หุ้ม ค.ส.ล.","ม.","ม.","ม.","ม.","ม.","ม.","2542","722","3264","2542","722","3264","2542","722","3264","equal","equal","equal","order_constrained_name_unit_source_ordinal","high","1","true","true","matched","false",""
"prod:393bd24a-432a-4b7a-91b2-0c867f77845c","stable_uuid","393bd24a-432a-4b7a-91b2-0c867f77845c","ITEM-0032","CIC-H10-007","CIC-H10-007","true","true","true","33","true","false","true","33","32","87","true","3","1","9","p03:t1:r9:display-17","6e4231b01e5b849b4c87f66db0afa85f7baba2ad38ed778a315826abbbc6acfb","งานวางท่อ 4-Ø125 มม. HDPE PE80 PN10 หุ้ม ค.ส.ล.","งานวางท่อ 4-Ø125 มม. HDPE PE80 PN10 หุ้ม ค.ส.ล.","งานวางท่อ 4-Ø125 มม. HDPE PE80 PN10 หุ้ม ค.ส.ล.","งานวางท่อ 4-Ø125 มม. HDPE PE80 PN10 หุ้ม ค.ส.ล.","งานวางท่อ 4-Ø125 มม. HDPE PE80 PN10 หุ้ม ค.ส.ล.","งานวางท่อ 4-Ø125 มม. HDPE PE80 PN10 หุ้ม ค.ส.ล.","ม.","ม.","ม.","ม.","ม.","ม.","3610","807","4417","3610","807","4417","3610","807","4417","equal","equal","equal","order_constrained_name_unit_source_ordinal","high","1","true","true","matched","false",""
"prod:2a4fc2df-a594-420c-a598-ced344e0796b","stable_uuid","2a4fc2df-a594-420c-a598-ced344e0796b","ITEM-0033","CIC-H10-008","CIC-H10-008","true","true","true","34","true","false","true","34","33","88","true","3","1","10","p03:t1:r10:display-18","204bf49f35b40bc94ed13487fe0f2680c5c753b2967fa02347b25f816f6fc9ea","งานวางท่อ 6-Ø125 มม. HDPE PE80 PN10 หุ้ม ค.ส.ล.","งานวางท่อ 6-Ø125 มม. HDPE PE80 PN10 หุ้ม ค.ส.ล.","งานวางท่อ 6-Ø125 มม. HDPE PE80 PN10 หุ้ม ค.ส.ล.","งานวางท่อ 6-Ø125 มม. HDPE PE80 PN10 หุ้ม ค.ส.ล.","งานวางท่อ 6-Ø125 มม. HDPE PE80 PN10 หุ้ม ค.ส.ล.","งานวางท่อ 6-Ø125 มม. HDPE PE80 PN10 หุ้ม ค.ส.ล.","ม.","ม.","ม.","ม.","ม.","ม.","4891","920","5811","4891","920","5811","4891","920","5811","equal","equal","equal","order_constrained_name_unit_source_ordinal","high","1","true","true","matched","false",""
"prod:ad458463-7399-4e78-bb85-e75103879e82","stable_uuid","ad458463-7399-4e78-bb85-e75103879e82","ITEM-0034","CIC-H10-009","CIC-H10-009","true","true","true","35","true","false","true","35","34","89","true","3","1","11","p03:t1:r11:display-19","6f5077f7b8439253fd9cb19f08feec3d70127e7b692e2108be270fa42a57ae6e","งานวางท่อ 12-Ø125 มม. HDPE PE80 PN10 หุ้ม ค.ส.ล.","งานวางท่อ 12-Ø125 มม. HDPE PE80 PN10 หุ้ม ค.ส.ล.","งานวางท่อ 12-Ø125 มม. HDPE PE80 PN10 หุ้ม ค.ส.ล.","งานวางท่อ 12-Ø125 มม. HDPE PE80 PN10 หุ้ม ค.ส.ล.","งานวางท่อ 12-Ø125 มม. HDPE PE80 PN10 หุ้ม ค.ส.ล.","งานวางท่อ 12-Ø125 มม. HDPE PE80 PN10 หุ้ม ค.ส.ล.","ม.","ม.","ม.","ม.","ม.","ม.","8600","1231","9831","8600","1231","9831","8600","1231","9831","equal","equal","equal","order_constrained_name_unit_source_ordinal","high","1","true","true","matched","false",""
"prod:122c171b-09a2-462d-a604-f1cec8332266","stable_uuid","122c171b-09a2-462d-a604-f1cec8332266","ITEM-0035","CIC-H10-010","CIC-H10-010","true","true","true","36","true","false","true","36","35","90","true","3","1","12","p03:t1:r12:display-20","a0379bcca9d4245faeedc12d8327293ca78ead060c364f902f822272d39635b3","งานวางท่อ 16-Ø125 มม. HDPE PE80 PN10 หุ้ม ค.ส.ล.","งานวางท่อ 16-Ø125 มม. HDPE PE80 PN10 หุ้ม ค.ส.ล.","งานวางท่อ 16-Ø125 มม. HDPE PE80 PN10 หุ้ม ค.ส.ล.","งานวางท่อ 16-Ø125 มม. HDPE PE80 PN10 หุ้ม ค.ส.ล.","งานวางท่อ 16-Ø125 มม. HDPE PE80 PN10 หุ้ม ค.ส.ล.","งานวางท่อ 16-Ø125 มม. HDPE PE80 PN10 หุ้ม ค.ส.ล.","ม.","ม.","ม.","ม.","ม.","ม.","11296","1514","12810","11296","1514","12810","11296","1514","12810","equal","equal","equal","order_constrained_name_unit_source_ordinal","high","1","true","true","matched","false",""
"prod:704780fc-59cb-4f1e-afaa-d3d92cadb968","stable_uuid","704780fc-59cb-4f1e-afaa-d3d92cadb968","ITEM-0036","CIC-GIP-001","CIC-GIP-001","true","true","true","37","true","false","true","37","36","93","true","3","1","15","p03:t1:r15:display-1","20ab32dcaa73d916dd78f314acf7e22d7e8d4c48f4eeedb38a66ba2efc3cf033","งานวางท่อ 1-Ø3"" GIP  หุ้ม ค.ส.ล.","งานวางท่อ 1-Ø3"" GIP หุ้ม ค.ส.ล.","งานวางท่อ 1-Ø3"" GIP หุ้ม ค.ส.ล.","งานวางท่อ 1-Ø3"" GIP หุ้ม ค.ส.ล.","งานวางท่อ 1-Ø3"" GIP หุ้ม ค.ส.ล.","งานวางท่อ 1-Ø3"" GIP หุ้ม ค.ส.ล.","ม.","ม.","ม.","ม.","ม.","ม.","1779","444","2223","1779","444","2223","1779","444","2223","equal","equal","equal","order_constrained_name_unit_source_ordinal","high","1","true","true","matched","false",""
"prod:4ff10125-8709-4b90-991d-7295df6d1802","stable_uuid","4ff10125-8709-4b90-991d-7295df6d1802","ITEM-0037","CIC-GIP-002","CIC-GIP-002","true","true","true","38","true","false","true","38","37","94","true","3","1","16","p03:t1:r16:display-2","5b15b43b2b5846fe3d68d6568a43434cdcc388c17ec6dd8e366691d2f26bc72c","งานวางท่อ 2-Ø3"" GIP  หุ้ม ค.ส.ล.","งานวางท่อ 2-Ø3"" GIP หุ้ม ค.ส.ล.","งานวางท่อ 2-Ø3"" GIP หุ้ม ค.ส.ล.","งานวางท่อ 2-Ø3"" GIP หุ้ม ค.ส.ล.","งานวางท่อ 2-Ø3"" GIP หุ้ม ค.ส.ล.","งานวางท่อ 2-Ø3"" GIP หุ้ม ค.ส.ล.","ม.","ม.","ม.","ม.","ม.","ม.","3023","745","3768","3023","745","3768","3023","745","3768","equal","equal","equal","order_constrained_name_unit_source_ordinal","high","1","true","true","matched","false",""
"prod:82866e60-955c-4743-b74d-7eef8f169488","stable_uuid","82866e60-955c-4743-b74d-7eef8f169488","ITEM-0038","CIC-GIP-003","CIC-GIP-003","true","true","true","39","true","false","true","39","38","95","true","3","1","17","p03:t1:r17:display-3","072c7604487f204453f091fb8576674979c7ec9f683737ca6ba67bd7ff0b2fa6","งานวางท่อ 4-Ø3"" GIP  หุ้ม ค.ส.ล.","งานวางท่อ 4-Ø3"" GIP หุ้ม ค.ส.ล.","งานวางท่อ 4-Ø3"" GIP หุ้ม ค.ส.ล.","งานวางท่อ 4-Ø3"" GIP หุ้ม ค.ส.ล.","งานวางท่อ 4-Ø3"" GIP หุ้ม ค.ส.ล.","งานวางท่อ 4-Ø3"" GIP หุ้ม ค.ส.ล.","ม.","ม.","ม.","ม.","ม.","ม.","5140","1017","6157","5140","1017","6157","5140","1017","6157","equal","equal","equal","order_constrained_name_unit_source_ordinal","high","1","true","true","matched","false",""
"prod:efcb18ac-43f3-4c1f-b5a9-e6c61e95b72e","stable_uuid","efcb18ac-43f3-4c1f-b5a9-e6c61e95b72e","ITEM-0039","CIC-GIP-004","CIC-GIP-004","true","true","true","40","true","false","true","40","39","96","true","3","1","18","p03:t1:r18:display-4","e4446d795c2463d38c9b5244da055ee90c5023d0735784b4a59d4c3b5e67f817","งานวางท่อ 1-Ø4"" GIP  หุ้ม ค.ส.ล.","งานวางท่อ 1-Ø4"" GIP หุ้ม ค.ส.ล.","งานวางท่อ 1-Ø4"" GIP หุ้ม ค.ส.ล.","งานวางท่อ 1-Ø4"" GIP หุ้ม ค.ส.ล.","งานวางท่อ 1-Ø4"" GIP หุ้ม ค.ส.ล.","งานวางท่อ 1-Ø4"" GIP หุ้ม ค.ส.ล.","ม.","ม.","ม.","ม.","ม.","ม.","2167","470","2637","2167","470","2637","2167","470","2637","equal","equal","equal","order_constrained_name_unit_source_ordinal","high","1","true","true","matched","false",""
"prod:24f6d456-b0f9-44d6-be14-1619cc2c1bf2","stable_uuid","24f6d456-b0f9-44d6-be14-1619cc2c1bf2","ITEM-0040","CIC-GIP-005","CIC-GIP-005","true","true","true","41","true","false","true","41","40","97","true","3","1","19","p03:t1:r19:display-5","ab87c608513c265c7c080bb5ac175b430c2f8e0a270f63b782866a1ba17b0cf4","งานวางท่อ 2-Ø4"" GIP  หุ้ม ค.ส.ล.","งานวางท่อ 2-Ø4"" GIP หุ้ม ค.ส.ล.","งานวางท่อ 2-Ø4"" GIP หุ้ม ค.ส.ล.","งานวางท่อ 2-Ø4"" GIP หุ้ม ค.ส.ล.","งานวางท่อ 2-Ø4"" GIP หุ้ม ค.ส.ล.","งานวางท่อ 2-Ø4"" GIP หุ้ม ค.ส.ล.","ม.","ม.","ม.","ม.","ม.","ม.","3996","830","4826","3996","830","4826","3996","830","4826","equal","equal","equal","order_constrained_name_unit_source_ordinal","high","1","true","true","matched","false",""
"prod:fca48f56-5be2-4511-8dee-ef5fd09eecd0","stable_uuid","fca48f56-5be2-4511-8dee-ef5fd09eecd0","ITEM-0041","CIC-GIP-006","CIC-GIP-006","true","true","true","42","true","false","true","42","41","98","true","3","1","20","p03:t1:r20:display-6","9b94cf79f3eb250bb44706c9e88616bc722d530fc4ef26ea065300edd276d8f9","งานวางท่อ 4-Ø4"" GIP  หุ้ม ค.ส.ล.","งานวางท่อ 4-Ø4"" GIP หุ้ม ค.ส.ล.","งานวางท่อ 4-Ø4"" GIP หุ้ม ค.ส.ล.","งานวางท่อ 4-Ø4"" GIP หุ้ม ค.ส.ล.","งานวางท่อ 4-Ø4"" GIP หุ้ม ค.ส.ล.","งานวางท่อ 4-Ø4"" GIP หุ้ม ค.ส.ล.","ม.","ม.","ม.","ม.","ม.","ม.","6985","1177","8162","6985","1177","8162","6985","1177","8162","equal","equal","equal","order_constrained_name_unit_source_ordinal","high","1","true","true","matched","false",""
"prod:eb7f90bf-5718-4890-aa52-7f338358932a","stable_uuid","eb7f90bf-5718-4890-aa52-7f338358932a","ITEM-0042","CIS-PVC-001","CIS-PVC-001","true","true","true","43","true","false","true","43","42","102","true","3","1","24","p03:t1:r24:display-1","8971e16248846f0078bf668f288964bcfd7abab29b0c40d324d5dc7be1800d45","งานวางท่อ 1-Ø1½"" PVC กลบทราย","งานวางท่อ 1-Ø11⁄2"" PVC กลบทราย","งานวางท่อ 1-Ø1½"" PVC กลบทราย","งานวางท่อ 1-Ø11⁄2"" PVC กลบทราย","งานวางท่อ 1-Ø11⁄2"" PVC กลบทราย","งานวางท่อ 1-Ø11⁄2"" PVC กลบทราย","ม.","ม.","ม.","ม.","ม.","ม.","313","215","528","313","215","528","313","215","528","equal","equal","equal","order_constrained_name_unit_source_ordinal","high","1","true","true","matched","false",""
"prod:b71d8c10-b208-4329-805a-bc455db7acb9","stable_uuid","b71d8c10-b208-4329-805a-bc455db7acb9","ITEM-0043","CIS-PVC-002","CIS-PVC-002","true","true","true","44","true","false","true","44","43","103","true","3","1","25","p03:t1:r25:display-2","19491a85d758d710f31a624a5a14cab0f686ad665546fe078c5d6fb7d1d1e151","งานวางท่อ 2-Ø1½"" PVC กลบทราย","งานวางท่อ 2-Ø11⁄2"" PVC กลบทราย","งานวางท่อ 2-Ø1½"" PVC กลบทราย","งานวางท่อ 2-Ø11⁄2"" PVC กลบทราย","งานวางท่อ 2-Ø11⁄2"" PVC กลบทราย","งานวางท่อ 2-Ø11⁄2"" PVC กลบทราย","ม.","ม.","ม.","ม.","ม.","ม.","360","248","608","360","248","608","360","248","608","equal","equal","equal","order_constrained_name_unit_source_ordinal","high","1","true","true","matched","false",""
"prod:76bc1e33-470e-4c8c-bdf4-6cc30001a613","stable_uuid","76bc1e33-470e-4c8c-bdf4-6cc30001a613","ITEM-0044","CIS-PVC-003","CIS-PVC-003","true","true","true","45","true","false","true","45","44","104","true","3","1","26","p03:t1:r26:display-3","f828488ffdb7b621ad57b8f61d5fd6357bb6d57495b5df9e016f097f144258b4","งานวางท่อ 4-Ø1½"" PVC กลบทราย","งานวางท่อ 4-Ø11⁄2"" PVC กลบทราย","งานวางท่อ 4-Ø1½"" PVC กลบทราย","งานวางท่อ 4-Ø11⁄2"" PVC กลบทราย","งานวางท่อ 4-Ø11⁄2"" PVC กลบทราย","งานวางท่อ 4-Ø11⁄2"" PVC กลบทราย","ม.","ม.","ม.","ม.","ม.","ม.","465","316","781","465","316","781","465","316","781","equal","equal","equal","order_constrained_name_unit_source_ordinal","high","1","true","true","matched","false",""
"prod:3c249fd4-4a5d-429f-91f8-367bbf859f12","stable_uuid","3c249fd4-4a5d-429f-91f8-367bbf859f12","ITEM-0045","CIS-PVC-004","CIS-PVC-004","true","true","true","46","true","false","true","46","45","105","true","3","1","27","p03:t1:r27:display-4","fa5d8b87fa1f2077b78f7527420fe45560ab656a5b64edc58c7863c43ecb181c","งานวางท่อ 1-Ø2"" PVC กลบทราย","งานวางท่อ 1-Ø2"" PVC กลบทราย","งานวางท่อ 1-Ø2"" PVC กลบทราย","งานวางท่อ 1-Ø2"" PVC กลบทราย","งานวางท่อ 1-Ø2"" PVC กลบทราย","งานวางท่อ 1-Ø2"" PVC กลบทราย","ม.","ม.","ม.","ม.","ม.","ม.","404","220","624","404","220","624","404","220","624","equal","equal","equal","order_constrained_name_unit_source_ordinal","high","1","true","true","matched","false",""
"prod:28906efe-3fe9-4b5b-a453-b85de5c09025","stable_uuid","28906efe-3fe9-4b5b-a453-b85de5c09025","ITEM-0046","CIS-PVC-005","CIS-PVC-005","true","true","true","47","true","false","true","47","46","106","true","3","1","28","p03:t1:r28:display-5","60deaea929e61b4ead06e37c6a070355c379904b747b52ee89adc7478e310a56","งานวางท่อ 2-Ø2"" PVC กลบทราย","งานวางท่อ 2-Ø2"" PVC กลบทราย","งานวางท่อ 2-Ø2"" PVC กลบทราย","งานวางท่อ 2-Ø2"" PVC กลบทราย","งานวางท่อ 2-Ø2"" PVC กลบทราย","งานวางท่อ 2-Ø2"" PVC กลบทราย","ม.","ม.","ม.","ม.","ม.","ม.","542","258","800","542","258","800","542","258","800","equal","equal","equal","order_constrained_name_unit_source_ordinal","high","1","true","true","matched","false",""
"prod:94833ddf-fc52-4bde-943c-07b53f38dc80","stable_uuid","94833ddf-fc52-4bde-943c-07b53f38dc80","ITEM-0047","CIS-PVC-006","CIS-PVC-006","true","true","true","48","true","false","true","48","47","107","true","3","1","29","p03:t1:r29:display-6","7664ed555236d9ec481ab27e7efe1402a4437a892c7564502e56c16449800724","งานวางท่อ 4-Ø2"" PVC กลบทราย","งานวางท่อ 4-Ø2"" PVC กลบทราย","งานวางท่อ 4-Ø2"" PVC กลบทราย","งานวางท่อ 4-Ø2"" PVC กลบทราย","งานวางท่อ 4-Ø2"" PVC กลบทราย","งานวางท่อ 4-Ø2"" PVC กลบทราย","ม.","ม.","ม.","ม.","ม.","ม.","829","336","1165","829","336","1165","829","336","1165","equal","equal","equal","order_constrained_name_unit_source_ordinal","high","1","true","true","matched","false",""
"prod:e117b464-1c48-4fe8-a7e0-3bc002705beb","stable_uuid","e117b464-1c48-4fe8-a7e0-3bc002705beb","ITEM-0048","CIS-PVC-007","CIS-PVC-007","true","true","true","49","true","false","true","49","48","108","true","3","1","30","p03:t1:r30:display-7","320949a290d5680bea6022f72e152ba6416a1bed2764cb6e2f6f24ee49134baf","งานวางท่อ 1-Ø3"" PVC กลบทราย","งานวางท่อ 1-Ø3"" PVC กลบทราย","งานวางท่อ 1-Ø3"" PVC กลบทราย","งานวางท่อ 1-Ø3"" PVC กลบทราย","งานวางท่อ 1-Ø3"" PVC กลบทราย","งานวางท่อ 1-Ø3"" PVC กลบทราย","ม.","ม.","ม.","ม.","ม.","ม.","404","229","633","404","229","633","404","229","633","equal","equal","equal","order_constrained_name_unit_source_ordinal","high","1","true","true","matched","false",""
"prod:0aec4118-17e7-45f8-931f-652338a21969","stable_uuid","0aec4118-17e7-45f8-931f-652338a21969","ITEM-0049","CIS-PVC-008","CIS-PVC-008","true","true","true","50","true","false","true","50","49","109","true","3","1","31","p03:t1:r31:display-8","e96deb9812cab002b56cf630cb0814b025c035545cd1d90017ca66bdc466b93a","งานวางท่อ 2-Ø3"" PVC กลบทราย","งานวางท่อ 2-Ø3"" PVC กลบทราย","งานวางท่อ 2-Ø3"" PVC กลบทราย","งานวางท่อ 2-Ø3"" PVC กลบทราย","งานวางท่อ 2-Ø3"" PVC กลบทราย","งานวางท่อ 2-Ø3"" PVC กลบทราย","ม.","ม.","ม.","ม.","ม.","ม.","540","274","814","540","274","814","540","274","814","equal","equal","equal","order_constrained_name_unit_source_ordinal","high","1","true","true","matched","false",""
"prod:c1449ab1-65d4-46ca-ad74-2cb5b94fea62","stable_uuid","c1449ab1-65d4-46ca-ad74-2cb5b94fea62","ITEM-0050","CIS-PVC-009","CIS-PVC-009","true","true","true","51","true","false","true","51","50","110","true","3","1","32","p03:t1:r32:display-9","f02fa8669f1a85672cd2802fe46ef0f04b3527c4f5de8be8958d069e424e19a9","งานวางท่อ 3-Ø3"" PVC กลบทราย","งานวางท่อ 3-Ø3"" PVC กลบทราย","งานวางท่อ 3-Ø3"" PVC กลบทราย","งานวางท่อ 3-Ø3"" PVC กลบทราย","งานวางท่อ 3-Ø3"" PVC กลบทราย","งานวางท่อ 3-Ø3"" PVC กลบทราย","ม.","ม.","ม.","ม.","ม.","ม.","675","319","994","675","319","994","675","319","994","equal","equal","equal","order_constrained_name_unit_source_ordinal","high","1","true","true","matched","false",""
"prod:a6f4b563-fcfc-4a64-80e7-3de16787e4ff","stable_uuid","a6f4b563-fcfc-4a64-80e7-3de16787e4ff","ITEM-0051","CIS-PVC-010","CIS-PVC-010","true","true","true","52","true","false","true","52","51","111","true","3","1","33","p03:t1:r33:display-10","cb0f5c4cf1adf61ed3b5ab0ffddd3dcc713ec5af2b2b460a2a89f6784aa9cbb8","งานวางท่อ 4-Ø3"" PVC กลบทราย","งานวางท่อ 4-Ø3"" PVC กลบทราย","งานวางท่อ 4-Ø3"" PVC กลบทราย","งานวางท่อ 4-Ø3"" PVC กลบทราย","งานวางท่อ 4-Ø3"" PVC กลบทราย","งานวางท่อ 4-Ø3"" PVC กลบทราย","ม.","ม.","ม.","ม.","ม.","ม.","1295","715","2010","1295","715","2010","1295","715","2010","equal","equal","equal","order_constrained_name_unit_source_ordinal","high","1","true","true","matched","false",""
"prod:ac93a14a-84d3-4db6-9aa1-f45f78fdd430","stable_uuid","ac93a14a-84d3-4db6-9aa1-f45f78fdd430","ITEM-0052","CIS-PVC-011","CIS-PVC-011","true","true","true","53","true","false","true","53","52","112","true","4","1","3","p04:t1:r3:display-11","5293a2fb1cb292c72f24931ae197e596cd8628ef70cc1e1c18ebd201495ba2a9","งานวางท่อ 6-Ø3"" PVC กลบทราย","งานวางท่อ 6-Ø3"" PVC กลบทราย","งานวางท่อ 6-Ø3"" PVC กลบทราย","งานวางท่อ 6-Ø3"" PVC กลบทราย","งานวางท่อ 6-Ø3"" PVC กลบ1ท. งราายนวางท่อร้อยสายสื่อสารใต้ดิน หุ้มคอนกรีตเสริมเหล็ก (ค.ส.ล.)","งานวางท่อ 6-Ø3"" PVC กลบ1ท. งราายนวางท่อร้อยสายสื่อสารใต้ดิน หุ้มคอนกรีตเสริมเหล็ก (ค.ส.ล.)","ม.","ม.","ม.","ม.","ม.","ม.","1558","804","2362","1558","804","2362","1558","804","2362","equal","equal","equal","order_constrained_name_unit_source_ordinal","medium","0.408163","true","true","matched","false","repeated_page_header_description_overlay"
"prod:79d9f093-cddc-4075-8e2c-97e792982d02","stable_uuid","79d9f093-cddc-4075-8e2c-97e792982d02","ITEM-0053","CIS-PVC-012","CIS-PVC-012","true","true","true","54","true","false","true","54","53","113","true","4","1","4","p04:t1:r4:display-12","4d9bdb98c4c4f0558ac49946acea839c488a8d2edea2cb883e6b4c532a203286","งานวางท่อ 8-Ø3"" PVC กลบทราย","งานวางท่อ 8-Ø3"" PVC กลบทราย","งานวางท่อ 8-Ø3"" PVC กลบทราย","งานวางท่อ 8-Ø3"" PVC กลบทราย","งานวางท่อ 8-Ø3"" PVC กลบทราย","งานวางท่อ 8-Ø3"" PVC กลบทราย","ม.","ม.","ม.","ม.","ม.","ม.","1835","897","2732","1835","897","2732","1835","897","2732","equal","equal","equal","order_constrained_name_unit_source_ordinal","high","1","true","true","matched","false",""
"prod:395b7da1-cf87-4c00-b0a9-2438d8611ba6","stable_uuid","395b7da1-cf87-4c00-b0a9-2438d8611ba6","ITEM-0054","CIS-PVC-013","CIS-PVC-013","true","true","true","55","true","false","true","55","54","114","true","4","1","5","p04:t1:r5:display-13","71390d9143280e8482464ba80bddaf67772d06f377a57131b2d65e4ae084bc35","งานวางท่อ 9-Ø3"" PVC กลบทราย","งานวางท่อ 9-Ø3"" PVC กลบทราย","งานวางท่อ 9-Ø3"" PVC กลบทราย","งานวางท่อ 9-Ø3"" PVC กลบทราย","งานวางท่อ 9-Ø3"" PVC กลบทราย","งานวางท่อ 9-Ø3"" PVC กลบทราย","ม.","ม.","ม.","ม.","ม.","ม.","1969","940","2909","1969","940","2909","1969","940","2909","equal","equal","equal","order_constrained_name_unit_source_ordinal","high","1","true","true","matched","false",""
"prod:6e15896a-1ed6-49fa-a9ff-0f6313b70b2d","stable_uuid","6e15896a-1ed6-49fa-a9ff-0f6313b70b2d","ITEM-0055","CIS-PVC-014","CIS-PVC-014","true","true","true","56","true","false","true","56","55","115","true","4","1","6","p04:t1:r6:display-14","3f5e8d395767b807974d3338c064d7cdfba218a8a9a18c343d71a6d3a712589a","งานวางท่อ 1-Ø4"" PVC กลบทราย","งานวางท่อ 1-Ø4"" PVC กลบทราย","งานวางท่อ 1-Ø4"" PVC กลบทราย","งานวางท่อ 1-Ø4"" PVC กลบทราย","งานวางท่อ 1-Ø4"" PVC กลบทราย","งานวางท่อ 1-Ø4"" PVC กลบทราย","ม.","ม.","ม.","ม.","ม.","ม.","979","588","1567","979","588","1567","979","588","1567","equal","equal","equal","order_constrained_name_unit_source_ordinal","high","1","true","true","matched","false",""
"prod:ef775946-2488-40d3-932a-48cc9de4fa07","stable_uuid","ef775946-2488-40d3-932a-48cc9de4fa07","ITEM-0056","CIS-PVC-015","CIS-PVC-015","true","true","true","57","true","false","true","57","56","116","true","4","1","7","p04:t1:r7:display-15","3d5a4a741814e21f37abe18083e6cd4bc76d27c3054951620ffc8d3e694ef82a","งานวางท่อ 2-Ø4"" PVC กลบทราย","งานวางท่อ 2-Ø4"" PVC กลบทราย","งานวางท่อ 2-Ø4"" PVC กลบทราย","งานวางท่อ 2-Ø4"" PVC กลบทราย","งานวางท่อ 2-Ø4"" PVC กลบทราย","งานวางท่อ 2-Ø4"" PVC กลบทราย","ม.","ม.","ม.","ม.","ม.","ม.","1201","640","1841","1201","640","1841","1201","640","1841","equal","equal","equal","order_constrained_name_unit_source_ordinal","high","1","true","true","matched","false",""
"prod:f06ec160-1ff3-4915-b0cc-08cd4d73ad4d","stable_uuid","f06ec160-1ff3-4915-b0cc-08cd4d73ad4d","ITEM-0057","CIS-PVC-016","CIS-PVC-016","true","true","true","58","true","false","true","58","57","117","true","4","1","8","p04:t1:r8:display-16","72a34387ac3b378e7272981bbf50ea41f752fbedc3cab1b8431c961b6cd07b01","งานวางท่อ 3-Ø4"" PVC กลบทราย","งานวางท่อ 3-Ø4"" PVC กลบทราย","งานวางท่อ 3-Ø4"" PVC กลบทราย","งานวางท่อ 3-Ø4"" PVC กลบทราย","งานวางท่อ 3-Ø4"" PVC กลบทราย","งานวางท่อ 3-Ø4"" PVC กลบทราย","ม.","ม.","ม.","ม.","ม.","ม.","1419","694","2113","1419","694","2113","1419","694","2113","equal","equal","equal","order_constrained_name_unit_source_ordinal","high","1","true","true","matched","false",""
"prod:b2e21b5f-e2e8-4c09-be26-08372bb3e4f0","stable_uuid","b2e21b5f-e2e8-4c09-be26-08372bb3e4f0","ITEM-0058","CIS-PVC-017","CIS-PVC-017","true","true","true","59","true","false","true","59","58","118","true","4","1","9","p04:t1:r9:display-17","0de5cfb5dc85e679bc43922888b48429c78c3b130e3b824342000302dcf8773c","งานวางท่อ 4-Ø4"" PVC กลบทราย","งานวางท่อ 4-Ø4"" PVC กลบทราย","งานวางท่อ 4-Ø4"" PVC กลบทราย","งานวางท่อ 4-Ø4"" PVC กลบทราย","งานวางท่อ 4-Ø4"" PVC กลบทราย","งานวางท่อ 4-Ø4"" PVC กลบทราย","ม.","ม.","ม.","ม.","ม.","ม.","1623","743","2366","1623","743","2366","1623","743","2366","equal","equal","equal","order_constrained_name_unit_source_ordinal","high","1","true","true","matched","false",""
"prod:a3de31af-8bab-43c7-a905-2acf350ada39","stable_uuid","a3de31af-8bab-43c7-a905-2acf350ada39","ITEM-0059","CIS-PVC-018","CIS-PVC-018","true","true","true","60","true","false","true","60","59","119","true","4","1","10","p04:t1:r10:display-18","b1834968de114f18bc93291258a193e9e7b6b94e79781b4bde13f58ab1ad3ace","งานวางท่อ 6-Ø4"" PVC กลบทราย","งานวางท่อ 6-Ø4"" PVC กลบทราย","งานวางท่อ 6-Ø4"" PVC กลบทราย","งานวางท่อ 6-Ø4"" PVC กลบทราย","งานวางท่อ 6-Ø4"" PVC กลบทราย","งานวางท่อ 6-Ø4"" PVC กลบทราย","ม.","ม.","ม.","ม.","ม.","ม.","2043","844","2887","2043","844","2887","2043","844","2887","equal","equal","equal","order_constrained_name_unit_source_ordinal","high","1","true","true","matched","false",""
"prod:28aa3300-5cce-471b-8f0e-b0aa119196f8","stable_uuid","28aa3300-5cce-471b-8f0e-b0aa119196f8","ITEM-0060","CIS-PVC-019","CIS-PVC-019","true","true","true","61","true","false","true","61","60","120","true","4","1","11","p04:t1:r11:display-19","179e4abb4e49ed41123b8df23ee862de91d25ce2c2f6218e824d3ece24611fc3","งานวางท่อ 8-Ø4"" PVC กลบทราย","งานวางท่อ 8-Ø4"" PVC กลบทราย","งานวางท่อ 8-Ø4"" PVC กลบทราย","งานวางท่อ 8-Ø4"" PVC กลบทราย","งานวางท่อ 8-Ø4"" PVC กลบทราย","งานวางท่อ 8-Ø4"" PVC กลบทราย","ม.","ม.","ม.","ม.","ม.","ม.","2477","949","3426","2477","949","3426","2477","949","3426","equal","equal","equal","order_constrained_name_unit_source_ordinal","high","1","true","true","matched","false",""
"prod:4420f7be-71af-4c68-bc95-7960065a49f4","stable_uuid","4420f7be-71af-4c68-bc95-7960065a49f4","ITEM-0061","CIS-PVC-020","CIS-PVC-020","true","true","true","62","true","false","true","62","61","121","true","4","1","12","p04:t1:r12:display-20","ca5044c5bbf4ed7ce20ee502e645f8cbb20f9debe5e213d5da7a4016202f078d","งานวางท่อ 9-Ø4"" PVC กลบทราย","งานวางท่อ 9-Ø4"" PVC กลบทราย","งานวางท่อ 9-Ø4"" PVC กลบทราย","งานวางท่อ 9-Ø4"" PVC กลบทราย","งานวางท่อ 9-Ø4"" PVC กลบทราย","งานวางท่อ 9-Ø4"" PVC กลบทราย","ม.","ม.","ม.","ม.","ม.","ม.","2681","998","3679","2681","998","3679","2681","998","3679","equal","equal","equal","order_constrained_name_unit_source_ordinal","high","1","true","true","matched","false",""
"prod:3ead7bd3-4502-49ab-8eb6-819fd874271c","stable_uuid","3ead7bd3-4502-49ab-8eb6-819fd874271c","ITEM-0062","CIS-PVC-021","CIS-PVC-021","true","true","true","63","true","false","true","63","62","122","true","4","1","13","p04:t1:r13:display-21","6b149be277a016ef5c05be047ce7b8e4c4978ea9ea5d7e7ed3fb19200cfa6ca2","งานวางท่อ 10-Ø4"" PVC กลบทราย","งานวางท่อ 10-Ø4"" PVC กลบทราย","งานวางท่อ 10-Ø4"" PVC กลบทราย","งานวางท่อ 10-Ø4"" PVC กลบทราย","งานวางท่อ 10-Ø4"" PVC กลบทราย","งานวางท่อ 10-Ø4"" PVC กลบทราย","ม.","ม.","ม.","ม.","ม.","ม.","2894","1046","3940","2894","1046","3940","2894","1046","3940","equal","equal","equal","order_constrained_name_unit_source_ordinal","high","1","true","true","matched","false",""
"prod:45e25fc4-1729-4615-a87c-ce2761865599","stable_uuid","45e25fc4-1729-4615-a87c-ce2761865599","ITEM-0063","CIS-PVC-022","CIS-PVC-022","true","true","true","64","true","false","true","64","63","123","true","4","1","14","p04:t1:r14:display-22","b733340c5939bfc855c4317e5429788a90a72c512e4890581378f4c3224d9b16","งานวางท่อ 12-Ø4"" PVC กลบทราย","งานวางท่อ 12-Ø4"" PVC กลบทราย","งานวางท่อ 12-Ø4"" PVC กลบทราย","งานวางท่อ 12-Ø4"" PVC กลบทราย","งานวางท่อ 12-Ø4"" PVC กลบทราย","งานวางท่อ 12-Ø4"" PVC กลบทราย","ม.","ม.","ม.","ม.","ม.","ม.","3302","1144","4446","3302","1144","4446","3302","1144","4446","equal","equal","equal","order_constrained_name_unit_source_ordinal","high","1","true","true","matched","false",""
"prod:05ddab7e-ecbe-4994-a169-1057ff5c1538","stable_uuid","05ddab7e-ecbe-4994-a169-1057ff5c1538","ITEM-0064","CIS-PVC-023","CIS-PVC-023","true","true","true","65","true","false","true","65","64","124","true","4","1","15","p04:t1:r15:display-23","98df3bdebb0eaadd4b9ebdeefe656ccb8dd0f269ecd5e1d0d5008e878151bad7","งานวางท่อ 15-Ø4"" PVC กลบทราย","งานวางท่อ 15-Ø4"" PVC กลบทราย","งานวางท่อ 15-Ø4"" PVC กลบทราย","งานวางท่อ 15-Ø4"" PVC กลบทราย","งานวางท่อ 15-Ø4"" PVC กลบทราย","งานวางท่อ 15-Ø4"" PVC กลบทราย","ม.","ม.","ม.","ม.","ม.","ม.","3936","1297","5233","3936","1297","5233","3936","1297","5233","equal","equal","equal","order_constrained_name_unit_source_ordinal","high","1","true","true","matched","false",""
"prod:fbd92a12-d336-4437-a379-d54d3d24c562","stable_uuid","fbd92a12-d336-4437-a379-d54d3d24c562","ITEM-0065","CIS-PVC-024","CIS-PVC-024","true","true","true","66","true","false","true","66","65","125","true","4","1","16","p04:t1:r16:display-24","15aaf384a785691ad17b848bcd20c3e55088a7728a75d153070038c069a31751","งานวางท่อ 16-Ø4"" PVC กลบทราย","งานวางท่อ 16-Ø4"" PVC กลบทราย","งานวางท่อ 16-Ø4"" PVC กลบทราย","งานวางท่อ 16-Ø4"" PVC กลบทราย","งานวางท่อ 16-Ø4"" PVC กลบทราย","งานวางท่อ 16-Ø4"" PVC กลบทราย","ม.","ม.","ม.","ม.","ม.","ม.","4140","1346","5486","4140","1346","5486","4140","1346","5486","equal","equal","equal","order_constrained_name_unit_source_ordinal","high","1","true","true","matched","false",""
"prod:27adc5f7-2244-4b3c-b75a-16eedcab17b2","stable_uuid","27adc5f7-2244-4b3c-b75a-16eedcab17b2","ITEM-0066","CIS-PVC-025","CIS-PVC-025","true","true","true","67","true","false","true","67","66","126","true","4","1","17","p04:t1:r17:display-25","84c891a1037b94d0b9100bd3584d278df661411b1f63be57c268d00e1256ecee","งานวางท่อ 18-Ø4"" PVC กลบทราย","งานวางท่อ 18-Ø4"" PVC กลบทราย","งานวางท่อ 18-Ø4"" PVC กลบทราย","งานวางท่อ 18-Ø4"" PVC กลบทราย","งานวางท่อ 18-Ø4"" PVC กลบทราย","งานวางท่อ 18-Ø4"" PVC กลบทราย","ม.","ม.","ม.","ม.","ม.","ม.","4577","1442","6019","4577","1442","6019","4577","1442","6019","equal","equal","equal","order_constrained_name_unit_source_ordinal","high","1","true","true","matched","false",""
"prod:97f212ea-e024-45e5-aa1d-b781a1515fa2","stable_uuid","97f212ea-e024-45e5-aa1d-b781a1515fa2","ITEM-0067","CIS-PVC-026","CIS-PVC-026","true","true","true","68","true","false","true","68","67","127","true","4","1","18","p04:t1:r18:display-26","07a3193ac57fef6b85efbda69793e6f8cfc0a70eca607c60b7c4df3ee9757d55","งานวางท่อ 19-Ø4"" PVC กลบทราย","งานวางท่อ 19-Ø4"" PVC กลบทราย","งานวางท่อ 19-Ø4"" PVC กลบทราย","งานวางท่อ 19-Ø4"" PVC กลบทราย","งานวางท่อ 19-Ø4"" PVC กลบทราย","งานวางท่อ 19-Ø4"" PVC กลบทราย","ม.","ม.","ม.","ม.","ม.","ม.","4781","1491","6272","4781","1491","6272","4781","1491","6272","equal","equal","equal","order_constrained_name_unit_source_ordinal","high","1","true","true","matched","false",""
"prod:35ed99fc-d9c1-47c5-9829-6b8d5ba442b5","stable_uuid","35ed99fc-d9c1-47c5-9829-6b8d5ba442b5","ITEM-0068","CIS-PVC-027","CIS-PVC-027","true","true","true","69","true","false","true","69","68","128","true","4","1","19","p04:t1:r19:display-27","013d75f458a6f6b1f31b6f72891634b86dee391949d2f8c3eef7a74ab86d399b","งานวางท่อ 20-Ø4"" PVC กลบทราย","งานวางท่อ 20-Ø4"" PVC กลบทราย","งานวางท่อ 20-Ø4"" PVC กลบทราย","งานวางท่อ 20-Ø4"" PVC กลบทราย","งานวางท่อ 20-Ø4"" PVC กลบทราย","งานวางท่อ 20-Ø4"" PVC กลบทราย","ม.","ม.","ม.","ม.","ม.","ม.","4985","1540","6525","4985","1540","6525","4985","1540","6525","equal","equal","equal","order_constrained_name_unit_source_ordinal","high","1","true","true","matched","false",""
"prod:b177bd11-9abd-4748-9160-4d9463fcc079","stable_uuid","b177bd11-9abd-4748-9160-4d9463fcc079","ITEM-0069","CIS-PVC-028","CIS-PVC-028","true","true","true","70","true","false","true","70","69","129","true","4","1","20","p04:t1:r20:display-28","ffbeae98455b87e98a30ded3a095d390bc1c65fdcb8517eae791b171b70c1c1d","งานวางท่อ 24-Ø4"" PVC กลบทราย","งานวางท่อ 24-Ø4"" PVC กลบทราย","งานวางท่อ 24-Ø4"" PVC กลบทราย","งานวางท่อ 24-Ø4"" PVC กลบทราย","งานวางท่อ 24-Ø4"" PVC กลบทราย","งานวางท่อ 24-Ø4"" PVC กลบทราย","ม.","ม.","ม.","ม.","ม.","ม.","5821","1752","7573","5821","1752","7573","5821","1752","7573","equal","equal","equal","order_constrained_name_unit_source_ordinal","high","1","true","true","matched","false",""
"prod:28baf23a-f2c5-467a-9985-f4470f5d3f16","stable_uuid","28baf23a-f2c5-467a-9985-f4470f5d3f16","ITEM-0070","CIS-PVC-029","CIS-PVC-029","true","true","true","71","true","false","true","71","70","130","true","4","1","21","p04:t1:r21:display-29","cdd78c49b1fa5f7929e42ca6c025f747f27f0ba0ab42e166ee960b9b8205b18d","งานวางท่อ 28-Ø4"" PVC กลบทราย","งานวางท่อ 28-Ø4"" PVC กลบทราย","งานวางท่อ 28-Ø4"" PVC กลบทราย","งานวางท่อ 28-Ø4"" PVC กลบทราย","งานวางท่อ 28-Ø4"" PVC กลบทราย","งานวางท่อ 28-Ø4"" PVC กลบทราย","ม.","ม.","ม.","ม.","ม.","ม.","7017","2218","9235","7017","2218","9235","7017","2218","9235","equal","equal","equal","order_constrained_name_unit_source_ordinal","high","1","true","true","matched","false",""
"prod:3333ea30-9a2b-488a-8f2a-b3df8052e069","stable_uuid","3333ea30-9a2b-488a-8f2a-b3df8052e069","ITEM-0071","CIS-PVC-030","CIS-PVC-030","true","true","true","72","true","false","true","72","71","131","true","4","1","22","p04:t1:r22:display-30","2a221a684ddf541b9f3c74993b22f6edc7c56309298caf8cb5940bd0d5dfcb5a","งานวางท่อ 36-Ø4"" PVC กลบทราย","งานวางท่อ 36-Ø4"" PVC กลบทราย","งานวางท่อ 36-Ø4"" PVC กลบทราย","งานวางท่อ 36-Ø4"" PVC กลบทราย","งานวางท่อ 36-Ø4"" PVC กลบทราย","งานวางท่อ 36-Ø4"" PVC กลบทราย","ม.","ม.","ม.","ม.","ม.","ม.","8713","2621","11334","8713","2621","11334","8713","2621","11334","equal","equal","equal","order_constrained_name_unit_source_ordinal","high","1","true","true","matched","false",""
"prod:1cb5b8cf-e3fd-4677-aad2-fb2edb1bda8e","stable_uuid","1cb5b8cf-e3fd-4677-aad2-fb2edb1bda8e","ITEM-0072","CIS-PVC-031","CIS-PVC-031","true","true","true","73","true","false","true","73","72","132","true","4","1","23","p04:t1:r23:display-31","21a29476dcc9f6e69de3b9c17fb8c415beaa6c7c0cfd310e74f67e5e6fa6a190","งานวางท่อ 40-Ø4"" PVC กลบทราย","งานวางท่อ 40-Ø4"" PVC กลบทราย","งานวางท่อ 40-Ø4"" PVC กลบทราย","งานวางท่อ 40-Ø4"" PVC กลบทราย","งานวางท่อ 40-Ø4"" PVC กลบทราย","งานวางท่อ 40-Ø4"" PVC กลบทราย","ม.","ม.","ม.","ม.","ม.","ม.","13817","3598","17415","13817","3598","17415","13817","3598","17415","equal","equal","equal","order_constrained_name_unit_source_ordinal","high","1","true","true","matched","false",""
"prod:0b096dd1-fabe-42e8-b079-1fa1af356663","stable_uuid","0b096dd1-fabe-42e8-b079-1fa1af356663","ITEM-0073","CIS-PV2-001","CIS-PV2-001","true","true","true","74","true","false","true","74","73","135","true","4","1","26","p04:t1:r26:display-1","30c5a49dcf392b81be0a5231cbd19ecdd2268379a1bbb735cfcbd5b53a520410","งานวางท่อ 2-Ø3"" + 1-Ø4""   PVC   กลบทราย","งานวางท่อ 2-Ø3"" + 1-Ø4"" PVC กลบทราย","งานวางท่อ 2-Ø3"" + 1-Ø4"" PVC กลบทราย","งานวางท่อ 2-Ø3"" + 1-Ø4"" PVC กลบทราย","งานวางท่อ 2-Ø3"" + 1-Ø4"" PVC กลบทราย","งานวางท่อ 2-Ø3"" + 1-Ø4"" PVC กลบทราย","ม.","ม.","ม.","ม.","ม.","ม.","1586","915","2501","1586","915","2501","1586","915","2501","equal","equal","equal","order_constrained_name_unit_source_ordinal","high","1","true","true","matched","false",""
"prod:dab15102-fa2a-4df3-8603-9091446259db","stable_uuid","dab15102-fa2a-4df3-8603-9091446259db","ITEM-0074","CIS-PV2-002","CIS-PV2-002","true","true","true","75","true","false","true","75","74","136","true","4","1","27","p04:t1:r27:display-2","8d6314d49f942eef564b96cec21914166f305695c1a91d258e695890dd9010cf","งานวางท่อ 2-Ø3"" + 4-Ø4""   PVC   กลบทราย","งานวางท่อ 2-Ø3"" + 4-Ø4"" PVC กลบทราย","งานวางท่อ 2-Ø3"" + 4-Ø4"" PVC กลบทราย","งานวางท่อ 2-Ø3"" + 4-Ø4"" PVC กลบทราย","งานวางท่อ 2-Ø3"" + 4-Ø4"" PVC กลบทราย","งานวางท่อ 2-Ø3"" + 4-Ø4"" PVC กลบทราย","ม.","ม.","ม.","ม.","ม.","ม.","1961","844","2805","1961","844","2805","1961","844","2805","equal","equal","equal","order_constrained_name_unit_source_ordinal","high","1","true","true","matched","false",""
"prod:2276213e-42a1-44ce-ad6a-a9752fba5172","stable_uuid","2276213e-42a1-44ce-ad6a-a9752fba5172","ITEM-0075","CIS-PV2-003","CIS-PV2-003","true","true","true","76","true","false","true","76","75","137","true","4","1","28","p04:t1:r28:display-3","92f721be752590da701fb04f09ea01bbf2fc76fcbe50a0f11a9d1f8228b4c8d9","งานวางท่อ 2-Ø3"" + 6-Ø4""   PVC   กลบทราย","งานวางท่อ 2-Ø3"" + 6-Ø4"" PVC กลบทราย","งานวางท่อ 2-Ø3"" + 6-Ø4"" PVC กลบทราย","งานวางท่อ 2-Ø3"" + 6-Ø4"" PVC กลบทราย","งานวางท่อ 2-Ø3"" + 6-Ø4"" PVC กลบทราย","งานวางท่อ 2-Ø3"" + 6-Ø4"" PVC กลบทราย","ม.","ม.","ม.","ม.","ม.","ม.","2621","1162","3783","2621","1162","3783","2621","1162","3783","equal","equal","equal","order_constrained_name_unit_source_ordinal","high","1","true","true","matched","false",""
"prod:e5e470bd-e5cb-437a-9793-b7eff93a48a1","stable_uuid","e5e470bd-e5cb-437a-9793-b7eff93a48a1","ITEM-0076","CIS-PV2-004","CIS-PV2-004","true","true","true","77","true","false","true","77","76","138","true","4","1","29","p04:t1:r29:display-4","fccb78f63e4941698e34d23d34027477ebb71659e2e4459b14f5f88e1ddd88bc","งานวางท่อ 2-Ø3"" + 8-Ø4""   PVC   กลบทราย","งานวางท่อ 2-Ø3"" + 8-Ø4"" PVC กลบทราย","งานวางท่อ 2-Ø3"" + 8-Ø4"" PVC กลบทราย","งานวางท่อ 2-Ø3"" + 8-Ø4"" PVC กลบทราย","งานวางท่อ 2-Ø3"" + 8-Ø4"" PVC กลบทราย","งานวางท่อ 2-Ø3"" + 8-Ø4"" PVC กลบทราย","ม.","ม.","ม.","ม.","ม.","ม.","4511","1493","6004","4511","1493","6004","4511","1493","6004","equal","equal","equal","order_constrained_name_unit_source_ordinal","high","1","true","true","matched","false",""
"prod:1d28498a-e4b9-4449-8f53-ed1129dd7948","stable_uuid","1d28498a-e4b9-4449-8f53-ed1129dd7948","ITEM-0077","CIS-PV2-005","CIS-PV2-005","true","true","true","78","true","false","true","78","77","139","true","4","1","30","p04:t1:r30:display-5","1d408dc0c13ac403e2af77da61146597107c5e98d890ae4f26ea695113727716","งานวางท่อ 4-Ø3"" + 1-Ø4""   PVC  กลบทราย","งานวางท่อ 4-Ø3"" + 1-Ø4"" PVC กลบทราย","งานวางท่อ 4-Ø3"" + 1-Ø4"" PVC กลบทราย","งานวางท่อ 4-Ø3"" + 1-Ø4"" PVC กลบทราย","งานวางท่อ 4-Ø3"" + 1-Ø4"" PVC กลบทราย","งานวางท่อ 4-Ø3"" + 1-Ø4"" PVC กลบทราย","ม.","ม.","ม.","ม.","ม.","ม.","1836","1001","2837","1836","1001","2837","1836","1001","2837","equal","equal","equal","order_constrained_name_unit_source_ordinal","high","1","true","true","matched","false",""
"prod:f897b33c-8897-4e89-a75f-060fd65c3846","stable_uuid","f897b33c-8897-4e89-a75f-060fd65c3846","ITEM-0078","CIS-PV2-006","CIS-PV2-006","true","true","true","79","true","false","true","79","78","140","true","4","1","31","p04:t1:r31:display-6","98d97d52ca5e74debdbcc6f54da115a8497085ad64637c955ab205ab03c35e90","งานวางท่อ 6-Ø3"" + 1-Ø4""   PVC   กลบทราย","งานวางท่อ 6-Ø3"" + 1-Ø4"" PVC กลบทราย","งานวางท่อ 6-Ø3"" + 1-Ø4"" PVC กลบทราย","งานวางท่อ 6-Ø3"" + 1-Ø4"" PVC กลบทราย","งานวางท่อ 6-Ø3"" + 1-Ø4"" PVC กลบทราย","งานวางท่อ 6-Ø3"" + 1-Ø4"" PVC กลบทราย","ม.","ม.","ม.","ม.","ม.","ม.","2128","1095","3223","2128","1095","3223","2128","1095","3223","equal","equal","equal","order_constrained_name_unit_source_ordinal","high","1","true","true","matched","false",""
"prod:4fcbbf86-6983-44c6-ab04-c4d2279f4a1b","stable_uuid","4fcbbf86-6983-44c6-ab04-c4d2279f4a1b","ITEM-0079","CIS-PV2-007","CIS-PV2-007","true","true","true","80","true","false","true","80","79","141","true","4","1","32","p04:t1:r32:display-7","66140d2195c60d8e3ae0c967ad02c59ba584374166d3ef384d74f6a4f29b55b3","งานวางท่อ 9-Ø3"" + 1-Ø4""   PVC   กลบทราย","งานวางท่อ 9-Ø3"" + 1-Ø4"" PVC กลบทราย","งานวางท่อ 9-Ø3"" + 1-Ø4"" PVC กลบทราย","งานวางท่อ 9-Ø3"" + 1-Ø4"" PVC กลบทราย","งานวางท่อ 9-Ø3"" + 1-Ø4"" PVC กลบทราย","งานวางท่อ 9-Ø3"" + 1-Ø4"" PVC กลบทราย","ม.","ม.","ม.","ม.","ม.","ม.","2715","1361","4076","2715","1361","4076","2715","1361","4076","equal","equal","equal","order_constrained_name_unit_source_ordinal","high","1","true","true","matched","false",""
"prod:b2b1dfa1-e73f-4b8f-b60e-1784d8ae8eb6","stable_uuid","b2b1dfa1-e73f-4b8f-b60e-1784d8ae8eb6","ITEM-0080","CIS-H10-001","CIS-H10-001","true","true","true","81","true","false","true","113","112","181","true","5","1","4","p05:t1:r4:display-1","7d7f43879a3413da6d87839463010caa43fd662568bf502ff8f7fa61ca824902","งานวางท่อ 1-Ø63 มม. HDPE PE80 PN10 กลบทราย","งานวางท่อ 1-Ø63 มม. HDPE PE80 PN10 กลบทราย","งานวางท่อ 1-Ø63 มม. HDPE PE80 PN10 กลบทราย","งานวางท่อ 1-Ø63 มม. HDPE PE80 PN10 กลบทราย","งานวางท่อ 1-Ø63 มม. HDPE PE80 PN10 กลบทราย","งานวางท่อ 1-Ø63 มม. HDPE PE80 PN10 กลบทราย","ม.","ม.","ม.","ม.","ม.","ม.","410","212","622","410","212","622","410","212","622","equal","equal","equal","order_constrained_name_unit_source_ordinal","high","1","true","true","matched","false",""
"prod:49f552e4-4fc4-467b-95b1-bcca90135ac8","stable_uuid","49f552e4-4fc4-467b-95b1-bcca90135ac8","ITEM-0081","CIS-H10-002","CIS-H10-002","true","true","true","82","true","false","true","114","113","182","true","5","1","5","p05:t1:r5:display-2","c11362e87532cf9f630b29d68b60e926b5ef6b2d759f5aa5080b98b9a78d1b06","งานวางท่อ 2-Ø63 มม. HDPE PE80 PN10 กลบทราย","งานวางท่อ 2-Ø63 มม. HDPE PE80 PN10 กลบทราย","งานวางท่อ 2-Ø63 มม. HDPE PE80 PN10 กลบทราย","งานวางท่อ 2-Ø63 มม. HDPE PE80 PN10 กลบทราย","งานวางท่อ 2-Ø63 มม. HDPE PE80 PN10 กลบทราย","งานวางท่อ 2-Ø63 มม. HDPE PE80 PN10 กลบทราย","ม.","ม.","ม.","ม.","ม.","ม.","553","240","793","553","240","793","553","240","793","equal","equal","equal","order_constrained_name_unit_source_ordinal","high","1","true","true","matched","false",""
"prod:07bf6091-9bc9-4ded-befa-a01837043da6","stable_uuid","07bf6091-9bc9-4ded-befa-a01837043da6","ITEM-0082","CIS-H10-003","CIS-H10-003","true","true","true","83","true","false","true","115","114","183","true","5","1","6","p05:t1:r6:display-3","47f8c201b570d60c73dca7869df159b2839563509194bbebe7f1580e87d3144f","งานวางท่อ 4-Ø63 มม. HDPE PE80 PN10 กลบทราย","งานวางท่อ 4-Ø63 มม. HDPE PE80 PN10 กลบทราย","งานวางท่อ 4-Ø63 มม. HDPE PE80 PN10 กลบทราย","งานวางท่อ 4-Ø63 มม. HDPE PE80 PN10 กลบทราย","งานวางท่อ 4-Ø63 มม. HDPE PE80 PN10 กลบทราย","งานวางท่อ 4-Ø63 มม. HDPE PE80 PN10 กลบทราย","ม.","ม.","ม.","ม.","ม.","ม.","1319","321","1640","1319","647","1966","1319","321","1640","different","different","equal","order_constrained_name_unit_source_ordinal","high","1","true","true","source_version_difference","true",""
"prod:5d0d21d3-a3c7-4919-b6d9-07c590d8f15d","stable_uuid","5d0d21d3-a3c7-4919-b6d9-07c590d8f15d","ITEM-0083","CIS-H10-004","CIS-H10-004","true","true","true","84","true","false","true","116","115","184","true","5","1","7","p05:t1:r7:display-4","a48ddaf15a5b67db69131fc829c4a6dc6d70ea9a3e6cde1c5f59b8b5cd8c940b","งานวางท่อ 1-Ø110 มม. HDPE PE80 PN10 กลบทราย","งานวางท่อ 1-Ø110 มม. HDPE PE80 PN10 กลบทราย","งานวางท่อ 1-Ø110 มม. HDPE PE80 PN10 กลบทราย","งานวางท่อ 1-Ø110 มม. HDPE PE80 PN10 กลบทราย","งานวางท่อ 1-Ø110 มม. HDPE PE80 PN10 กลบทราย","งานวางท่อ 1-Ø110 มม. HDPE PE80 PN10 กลบทราย","ม.","ม.","ม.","ม.","ม.","ม.","674","221","895","674","221","895","674","221","895","equal","equal","equal","order_constrained_name_unit_source_ordinal","high","1","true","true","matched","false",""
"prod:fdcc2336-0817-49c6-9120-0c3713c7f3cf","stable_uuid","fdcc2336-0817-49c6-9120-0c3713c7f3cf","ITEM-0084","CIS-H10-005","CIS-H10-005","true","true","true","85","true","false","true","117","116","185","true","5","1","8","p05:t1:r8:display-5","90f2a05154604251072d4c3b48176d6f5ddb4b1befb22c6931d6006f5bcebca9","งานวางท่อ 2-Ø110 มม. HDPE PE80 PN10 กลบทราย","งานวางท่อ 2-Ø110 มม. HDPE PE80 PN10 กลบทราย","งานวางท่อ 2-Ø110 มม. HDPE PE80 PN10 กลบทราย","งานวางท่อ 2-Ø110 มม. HDPE PE80 PN10 กลบทราย","งานวางท่อ 2-Ø110 มม. HDPE PE80 PN10 กลบทราย","งานวางท่อ 2-Ø110 มม. HDPE PE80 PN10 กลบทราย","ม.","ม.","ม.","ม.","ม.","ม.","1081","258","1339","1081","258","1339","1081","258","1339","equal","equal","equal","order_constrained_name_unit_source_ordinal","high","1","true","true","matched","false",""
"prod:2b92fbcb-1d8a-4616-830b-a430a3249095","stable_uuid","2b92fbcb-1d8a-4616-830b-a430a3249095","ITEM-0085","CIS-H10-006","CIS-H10-006","true","true","true","86","true","false","true","118","117","186","true","5","1","9","p05:t1:r9:display-6","9b8b367a5bfb2abe154db7d3bcf8b85342216a462c8adace285f74195ff3a8cf","งานวางท่อ 3-Ø110 มม. HDPE PE80 PN10 กลบทราย","งานวางท่อ 3-Ø110 มม. HDPE PE80 PN10 กลบทราย","งานวางท่อ 3-Ø110 มม. HDPE PE80 PN10 กลบทราย","งานวางท่อ 3-Ø110 มม. HDPE PE80 PN10 กลบทราย","งานวางท่อ 3-Ø110 มม. HDPE PE80 PN10 กลบทราย","งานวางท่อ 3-Ø110 มม. HDPE PE80 PN10 กลบทราย","ม.","ม.","ม.","ม.","ม.","ม.","1487","297","1784","1487","297","1784","1487","297","1784","equal","equal","equal","order_constrained_name_unit_source_ordinal","high","1","true","true","matched","false",""
"prod:b54d9539-aae9-4036-840f-45f5dfe14097","stable_uuid","b54d9539-aae9-4036-840f-45f5dfe14097","ITEM-0086","CIS-H10-007","CIS-H10-007","true","true","true","87","true","false","true","119","118","187","true","5","1","10","p05:t1:r10:display-7","4c7f3a7310eb0f2b9cfd471016d4d6bb3cabd7fbe5b5e2b67b769e849b167276","งานวางท่อ 4-Ø110 มม. HDPE PE80 PN10 กลบทราย","งานวางท่อ 4-Ø110 มม. HDPE PE80 PN10 กลบทราย","งานวางท่อ 4-Ø110 มม. HDPE PE80 PN10 กลบทราย","งานวางท่อ 4-Ø110 มม. HDPE PE80 PN10 กลบทราย","งานวางท่อ 4-Ø110 มม. HDPE PE80 PN10 กลบทราย","งานวางท่อ 4-Ø110 มม. HDPE PE80 PN10 กลบทราย","ม.","ม.","ม.","ม.","ม.","ม.","2375","357","2732","2375","683","3058","2375","357","2732","different","different","equal","order_constrained_name_unit_source_ordinal","high","1","true","true","source_version_difference","true",""
"prod:d1329c38-a3f7-4752-8653-fdac374a66f8","stable_uuid","d1329c38-a3f7-4752-8653-fdac374a66f8","ITEM-0087","CIS-H10-008","CIS-H10-008","true","true","true","88","true","false","true","120","119","188","true","5","1","11","p05:t1:r11:display-8","93564adbb9dc6fef63e7795ddd62ef5dc0a0db2ee5e37252a0e42ca9f26ca45c","งานวางท่อ 6-Ø110 มม.  HDPE PE80 PN10 กลบทราย","งานวางท่อ 6-Ø110 มม. HDPE PE80 PN10 กลบทราย","งานวางท่อ 6-Ø110 มม. HDPE PE80 PN10 กลบทราย","งานวางท่อ 6-Ø110 มม. HDPE PE80 PN10 กลบทราย","งานวางท่อ 6-Ø110 มม. HDPE PE80 PN10 กลบทราย","งานวางท่อ 6-Ø110 มม. HDPE PE80 PN10 กลบทราย","ม.","ม.","ม.","ม.","ม.","ม.","3178","756","3934","3178","756","3934","3178","756","3934","equal","equal","equal","order_constrained_name_unit_source_ordinal","high","1","true","true","matched","false",""
"prod:a75fd41d-e1ae-4d88-b294-4716c74c0ca6","stable_uuid","a75fd41d-e1ae-4d88-b294-4716c74c0ca6","ITEM-0088","CIS-H10-009","CIS-H10-009","true","true","true","89","true","false","true","121","120","189","true","5","1","12","p05:t1:r12:display-9","dcb0a6c19d90b5b14daea1f4ea61ac9fea2ba26fb86c8b7c71dc8b1b93801da8","งานวางท่อ 12-Ø110 มม. HDPE PE80 PN10 กลบทราย","งานวางท่อ 12-Ø110 มม. HDPE PE80 PN10 กลบทราย","งานวางท่อ 12-Ø110 มม. HDPE PE80 PN10 กลบทราย","งานวางท่อ 12-Ø110 มม. HDPE PE80 PN10 กลบทราย","งานวางท่อ 12-Ø110 มม. HDPE PE80 PN10 กลบทราย","งานวางท่อ 12-Ø110 มม. HDPE PE80 PN10 กลบทราย","ม.","ม.","ม.","ม.","ม.","ม.","5606","976","6582","5606","976","6582","5606","976","6582","equal","equal","equal","order_constrained_name_unit_source_ordinal","high","1","true","true","matched","false",""
"prod:ed412208-265d-414d-a778-657045cd73b1","stable_uuid","ed412208-265d-414d-a778-657045cd73b1","ITEM-0089","CIS-H10-010","CIS-H10-010","true","true","true","90","true","false","true","122","121","190","true","5","1","13","p05:t1:r13:display-10","1eddcf27157ecabd501769697fac286ba71b74e4fae3e7ea5a29e246a7d4dcb0","งานวางท่อ 1-Ø125 มม.  HDPE PE80 PN10 กลบทราย","งานวางท่อ 1-Ø125 มม. HDPE PE80 PN10 กลบทราย","งานวางท่อ 1-Ø125 มม. HDPE PE80 PN10 กลบทราย","งานวางท่อ 1-Ø125 มม. HDPE PE80 PN10 กลบทราย","งานวางท่อ 1-Ø125 มม. HDPE PE80 PN10 กลบทราย","งานวางท่อ 1-Ø125 มม. HDPE PE80 PN10 กลบทราย","ม.","ม.","ม.","ม.","ม.","ม.","1287","576","1863","1287","576","1863","1287","576","1863","equal","equal","equal","order_constrained_name_unit_source_ordinal","high","1","true","true","matched","false",""
"prod:d5bea554-7e32-4d0b-8ad1-ef356117286c","stable_uuid","d5bea554-7e32-4d0b-8ad1-ef356117286c","ITEM-0090","CIS-H10-011","CIS-H10-011","true","true","true","91","true","false","true","123","122","191","true","5","1","14","p05:t1:r14:display-11","c9fca2a28d43fcfa65394d674b27e30f162d1c97a95cee72b2d43086efa8fd82","งานวางท่อ 2-Ø125 มม.  HDPE PE80 PN10 กลบทราย","งานวางท่อ 2-Ø125 มม. HDPE PE80 PN10 กลบทราย","งานวางท่อ 2-Ø125 มม. HDPE PE80 PN10 กลบทราย","งานวางท่อ 2-Ø125 มม. HDPE PE80 PN10 กลบทราย","งานวางท่อ 2-Ø125 มม. HDPE PE80 PN10 กลบทราย","งานวางท่อ 2-Ø125 มม. HDPE PE80 PN10 กลบทราย","ม.","ม.","ม.","ม.","ม.","ม.","1817","616","2433","1817","616","2433","1817","616","2433","equal","equal","equal","order_constrained_name_unit_source_ordinal","high","1","true","true","matched","false",""
"prod:30e0dea6-404c-4180-bad3-3d1176815f9b","stable_uuid","30e0dea6-404c-4180-bad3-3d1176815f9b","ITEM-0091","CIS-H10-012","CIS-H10-012","true","true","true","92","true","false","true","124","123","192","true","5","1","15","p05:t1:r15:display-12","171c5bcdba9f704850293865b23c857138d6a1b724dd752e503f88f0169f06c0","งานวางท่อ 4-Ø125 มม.  HDPE PE80 PN10 กลบทราย","งานวางท่อ 4-Ø125 มม. HDPE PE80 PN10 กลบทราย","งานวางท่อ 4-Ø125 มม. HDPE PE80 PN10 กลบทราย","งานวางท่อ 4-Ø125 มม. HDPE PE80 PN10 กลบทราย","งานวางท่อ 4-Ø125 มม. HDPE PE80 PN10 กลบทราย","งานวางท่อ 4-Ø125 มม. HDPE PE80 PN10 กลบทราย","ม.","ม.","ม.","ม.","ม.","ม.","2855","695","3550","2855","695","3550","2855","695","3550","equal","equal","equal","order_constrained_name_unit_source_ordinal","high","1","true","true","matched","false",""
"prod:d3accd83-0313-4bb0-838c-48b689192304","stable_uuid","d3accd83-0313-4bb0-838c-48b689192304","ITEM-0092","CIS-H10-013","CIS-H10-013","true","true","true","93","true","false","true","125","124","193","true","5","1","16","p05:t1:r16:display-13","f739c5d56ae051da67aedc85e27a9f3c373098b08e5f986c970c05174d2d38fe","งานวางท่อ 6-Ø125 มม.  HDPE PE80 PN10 กลบทราย","งานวางท่อ 6-Ø125 มม. HDPE PE80 PN10 กลบทราย","งานวางท่อ 6-Ø125 มม. HDPE PE80 PN10 กลบทราย","งานวางท่อ 6-Ø125 มม. HDPE PE80 PN10 กลบทราย","งานวางท่อ 6-Ø125 มม. HDPE PE80 PN10 กลบทราย","งานวางท่อ 6-Ø125 มม. HDPE PE80 PN10 กลบทราย","ม.","ม.","ม.","ม.","ม.","ม.","4270","1042","5312","4270","1042","5312","4270","1042","5312","equal","equal","equal","order_constrained_name_unit_source_ordinal","high","1","true","true","matched","false",""
"prod:2e9d44dc-28e4-418c-a6f6-1314f0a53c09","stable_uuid","2e9d44dc-28e4-418c-a6f6-1314f0a53c09","ITEM-0093","CIS-H10-014","CIS-H10-014","true","true","true","94","true","false","true","126","125","194","true","5","1","17","p05:t1:r17:display-14","ec3cc0579a79d295521cb21292e0a1c87ca82f8d3d07ee836e6cdfa62171e567","งานวางท่อ 12-Ø125 มม.  HDPE PE80 PN10 กลบทราย","งานวางท่อ 12-Ø125 มม. HDPE PE80 PN10 กลบทราย","งานวางท่อ 12-Ø125 มม. HDPE PE80 PN10 กลบทราย","งานวางท่อ 12-Ø125 มม. HDPE PE80 PN10 กลบทราย","งานวางท่อ 12-Ø125 มม. HDPE PE80 PN10 กลบทราย","งานวางท่อ 12-Ø125 มม. HDPE PE80 PN10 กลบทราย","ม.","ม.","ม.","ม.","ม.","ม.","7420","1281","8701","7420","1281","8701","7420","1281","8701","equal","equal","equal","order_constrained_name_unit_source_ordinal","high","1","true","true","matched","false",""
"prod:40b4760d-0c99-453b-b2f5-8b2811cfb410","stable_uuid","40b4760d-0c99-453b-b2f5-8b2811cfb410","ITEM-0094","CIS-H10-015","CIS-H10-015","true","true","true","95","true","false","true","127","126","195","true","5","1","18","p05:t1:r18:display-15","fd9ea939844bb04e97f6c231cd7518ab1bc06ad0caf9c41999c94bf970cc0f90","งานวางท่อ 24-Ø125 มม.  HDPE PE80 PN10 กลบทราย","งานวางท่อ 24-Ø125 มม. HDPE PE80 PN10 กลบทราย","งานวางท่อ 24-Ø125 มม. HDPE PE80 PN10 กลบทราย","งานวางท่อ 24-Ø125 มม. HDPE PE80 PN10 กลบทราย","งานวางท่อ 24-Ø125 มม. HDPE PE80 PN10 กลบทราย","งานวางท่อ 24-Ø125 มม. HDPE PE80 PN10 กลบทราย","ม.","ม.","ม.","ม.","ม.","ม.","13213","1464","14677","13213","1464","14677","13213","1464","14677","equal","equal","equal","order_constrained_name_unit_source_ordinal","high","1","true","true","matched","false",""
"prod:8e0bac75-fed5-43e1-acdd-1b789f6cc823","stable_uuid","8e0bac75-fed5-43e1-acdd-1b789f6cc823","ITEM-0095","CIS-H10-016","CIS-H10-016","true","true","true","96","true","false","true","128","127","196","true","5","1","19","p05:t1:r19:display-16","e7366032e44e8ddcc290c209b68de7cb68530336d881739e0042c0ca902f2041","งานวางท่อ 2-Ø140 มม.  HDPE PE80 PN10 กลบทราย","งานวางท่อ 2-Ø140 มม. HDPE PE80 PN10 กลบทราย","งานวางท่อ 2-Ø140 มม. HDPE PE80 PN10 กลบทราย","งานวางท่อ 2-Ø140 มม. HDPE PE80 PN10 กลบทราย","งานวางท่อ 2-Ø140 มม. HDPE PE80 PN10 กลบทราย","งานวางท่อ 2-Ø140 มม. HDPE PE80 PN10 กลบทราย","ม.","ม.","ม.","ม.","ม.","ม.","2053","625","2678","2053","625","2678","2053","625","2678","equal","equal","equal","order_constrained_name_unit_source_ordinal","high","1","true","true","matched","false",""
"prod:90fb92b4-c8d2-420d-82c2-febd39597480","stable_uuid","90fb92b4-c8d2-420d-82c2-febd39597480","ITEM-0096","CIS-H10-017","CIS-H10-017","true","true","true","97","true","false","true","129","128","197","true","5","1","20","p05:t1:r20:display-17","aadd6595d024d2bff1cefa3447358db5781afdf0f2a59e7544fee342f71590e1","งานวางท่อ 4-Ø140 มม.  HDPE PE80 PN10 กลบทราย","งานวางท่อ 4-Ø140 มม. HDPE PE80 PN10 กลบทราย","งานวางท่อ 4-Ø140 มม. HDPE PE80 PN10 กลบทราย","งานวางท่อ 4-Ø140 มม. HDPE PE80 PN10 กลบทราย","งานวางท่อ 4-Ø140 มม. HDPE PE80 PN10 กลบทราย","งานวางท่อ 4-Ø140 มม. HDPE PE80 PN10 กลบทราย","ม.","ม.","ม.","ม.","ม.","ม.","3373","719","4092","3373","719","4092","3373","719","4092","equal","equal","equal","order_constrained_name_unit_source_ordinal","high","1","true","true","matched","false",""
"prod:b110db9b-fcf8-442c-8f07-57d9b5e8ed85","stable_uuid","b110db9b-fcf8-442c-8f07-57d9b5e8ed85","ITEM-0097","CIS-D02-001","CIS-D02-001","true","true","true","98","true","false","true","130","129","200","true","5","1","23","p05:t1:r23:display-1","56f4b472357e9e4d81c6989e9096f31ca9ae2805ef4a8647f98809ce1a5c9fc0","งานวางท่อ 6-Ø125 มม. + 1-Ø160 มม. HDPE PE80 PN10 กลบทราย","งานวางท่อ 6-Ø125 มม. + 1-Ø160 มม. HDPE PE80 PN10 กลบทราย","งานวางท่อ 6-Ø125 มม. + 1-Ø160 มม. HDPE PE80 PN10 กลบทราย","งานวางท่อ 6-Ø125 มม. + 1-Ø160 มม. HDPE PE80 PN10 กลบทราย","งานวางท่อ 6-Ø125 มม. + 1-Ø160 มม. HDPE PE80 PN10 กลบทราย","งานวางท่อ 6-Ø125 มม. + 1-Ø160 มม. HDPE PE80 PN10 กลบทราย","ม.","ม.","ม.","ม.","ม.","ม.","5136","1111","6247","5136","1111","6247","5136","1111","6247","equal","equal","equal","order_constrained_name_unit_source_ordinal","high","1","true","true","matched","false",""
"prod:c0ea917b-803f-4ad5-b20f-e45100050115","stable_uuid","c0ea917b-803f-4ad5-b20f-e45100050115","ITEM-0098","CIS-GIP-001","CIS-GIP-001","true","true","true","99","true","false","true","131","130","203","true","5","1","26","p05:t1:r26:display-1","48ce8baf00c392c25f320db098ef2972681ba024fd9df3ec0064c0c77a07d3ae","งานวางท่อ 1-Ø3""  GIP  กลบทราย","งานวางท่อ 1-Ø3"" GIP กลบทราย","งานวางท่อ 1-Ø3"" GIP กลบทราย","งานวางท่อ 1-Ø3"" GIP กลบทราย","งานวางท่อ 1-Ø3"" GIP กลบทราย","งานวางท่อ 1-Ø3"" GIP กลบทราย","ม.","ม.","ม.","ม.","ม.","ม.","1673","627","2300","1673","627","2300","1673","627","2300","equal","equal","equal","order_constrained_name_unit_source_ordinal","high","1","true","true","matched","false",""
"prod:9d430257-bf24-45ff-a87e-ef418abfdbf2","stable_uuid","9d430257-bf24-45ff-a87e-ef418abfdbf2","ITEM-0099","CIS-GIP-002","CIS-GIP-002","true","true","true","100","true","false","true","132","131","204","true","5","1","27","p05:t1:r27:display-2","6b1c4c6b2419f21e4f9f9e60595d32a6e49d950febbb92083ef795735744319e","งานวางท่อ 2-Ø3""  GIP  กลบทราย","งานวางท่อ 2-Ø3"" GIP กลบทราย","งานวางท่อ 2-Ø3"" GIP กลบทราย","งานวางท่อ 2-Ø3"" GIP กลบทราย","งานวางท่อ 2-Ø3"" GIP กลบทราย","งานวางท่อ 2-Ø3"" GIP กลบทราย","ม.","ม.","ม.","ม.","ม.","ม.","2495","709","3204","2495","709","3204","2495","709","3204","equal","equal","equal","order_constrained_name_unit_source_ordinal","high","1","true","true","matched","false",""
"prod:a7eb7157-0a9e-414c-b311-caf604c8d431","stable_uuid","a7eb7157-0a9e-414c-b311-caf604c8d431","ITEM-0100","CIS-GIP-003","CIS-GIP-003","true","true","true","101","true","false","true","133","132","205","true","5","1","28","p05:t1:r28:display-3","fd0afc48c84afde4005b3ee2d4bcd2020e71c13b90999ce811002702769af61f","งานวางท่อ 3-Ø3""  GIP  กลบทราย","งานวางท่อ 3-Ø3"" GIP กลบทราย","งานวางท่อ 3-Ø3"" GIP กลบทราย","งานวางท่อ 3-Ø3"" GIP กลบทราย","งานวางท่อ 3-Ø3"" GIP กลบทราย","งานวางท่อ 3-Ø3"" GIP กลบทราย","ม.","ม.","ม.","ม.","ม.","ม.","3398","800","4198","3398","800","4198","3398","800","4198","equal","equal","equal","order_constrained_name_unit_source_ordinal","high","1","true","true","matched","false",""
"prod:654ba9fb-691d-45bd-a7c8-1c6ba2fff239","stable_uuid","654ba9fb-691d-45bd-a7c8-1c6ba2fff239","ITEM-0101","CIS-GIP-004","CIS-GIP-004","true","true","true","102","true","false","true","134","133","206","true","5","1","29","p05:t1:r29:display-4","a5e1ddb4cc007ebd3a3f84ab023e27c367418b26e6e50757a6770496dabc18d5","งานวางท่อ 4-Ø3""  GIP  กลบทราย","งานวางท่อ 4-Ø3"" GIP กลบทราย","งานวางท่อ 4-Ø3"" GIP กลบทราย","งานวางท่อ 4-Ø3"" GIP กลบทราย","งานวางท่อ 4-Ø3"" GIP กลบทราย","งานวางท่อ 4-Ø3"" GIP กลบทราย","ม.","ม.","ม.","ม.","ม.","ม.","4220","882","5102","4220","882","5102","4220","882","5102","equal","equal","equal","order_constrained_name_unit_source_ordinal","high","1","true","true","matched","false",""
"prod:4997e014-8118-4506-aeae-3d7f420531e7","stable_uuid","4997e014-8118-4506-aeae-3d7f420531e7","ITEM-0102","CIS-GIP-005","CIS-GIP-005","true","true","true","103","true","false","true","135","134","207","true","5","1","30","p05:t1:r30:display-5","1115d49a8b83b212a30f6d174002a8aef0e276104db5fdabe182ca05138938f2","งานวางท่อ 1-Ø4""  GIP  กลบทราย","งานวางท่อ 1-Ø4"" GIP กลบทราย","งานวางท่อ 1-Ø4"" GIP กลบทราย","งานวางท่อ 1-Ø4"" GIP กลบทราย","งานวางท่อ 1-Ø4"" GIP กลบทราย","งานวางท่อ 1-Ø4"" GIP กลบทราย","ม.","ม.","ม.","ม.","ม.","ม.","2061","653","2714","2061","653","2714","2061","653","2714","equal","equal","equal","order_constrained_name_unit_source_ordinal","high","1","true","true","matched","false",""
"prod:49f8d8a0-8193-437e-9513-57680696535d","stable_uuid","49f8d8a0-8193-437e-9513-57680696535d","ITEM-0103","CIS-GIP-006","CIS-GIP-006","true","true","true","104","true","false","true","136","135","208","true","5","1","31","p05:t1:r31:display-6","665b958a2077b7c0da32c9222921b91c08dfda0c4ea5208b0899e5b7b6f99bfe","งานวางท่อ 2-Ø4""  GIP  กลบทราย","งานวางท่อ 2-Ø4"" GIP กลบทราย","งานวางท่อ 2-Ø4"" GIP กลบทราย","งานวางท่อ 2-Ø4"" GIP กลบทราย","งานวางท่อ 2-Ø4"" GIP กลบทราย","งานวางท่อ 2-Ø4"" GIP กลบทราย","ม.","ม.","ม.","ม.","ม.","ม.","3318","764","4082","3318","764","4082","3318","764","4082","equal","equal","equal","order_constrained_name_unit_source_ordinal","high","1","true","true","matched","false",""
"prod:9763deff-6845-4fdf-8451-6de137becdbc","stable_uuid","9763deff-6845-4fdf-8451-6de137becdbc","ITEM-0104","CIS-GIP-007","CIS-GIP-007","true","true","true","105","true","false","true","137","136","209","true","5","1","32","p05:t1:r32:display-7","468a962f7c72cbc9e999bea388a98a64f80db21ea151fbd2323cc512d52bdcda","งานวางท่อ 4-Ø4""  GIP  กลบทราย","งานวางท่อ 4-Ø4"" GIP กลบทราย","งานวางท่อ 4-Ø4"" GIP กลบทราย","งานวางท่อ 4-Ø4"" GIP กลบทราย","งานวางท่อ 4-Ø4"" GIP กลบทราย","งานวางท่อ 4-Ø4"" GIP กลบทราย","ม.","ม.","ม.","ม.","ม.","ม.","5859","989","6848","5859","989","6848","5859","989","6848","equal","equal","equal","order_constrained_name_unit_source_ordinal","high","1","true","true","matched","false",""
"prod:9fec4a1b-a1d9-4351-a7eb-1a02431c7b02","stable_uuid","9fec4a1b-a1d9-4351-a7eb-1a02431c7b02","ITEM-0105","CIS-GIP-008","CIS-GIP-008","true","true","true","106","true","false","true","138","137","210","true","5","1","33","p05:t1:r33:display-8","6686b96630132cce2094ba990dbe90f11c6805a35bb443ef5ca9a61c42c60bb2","งานวางท่อ 6-Ø4""  GIP  กลบทราย","งานวางท่อ 6-Ø4"" GIP กลบทราย","งานวางท่อ 6-Ø4"" GIP กลบทราย","งานวางท่อ 6-Ø4"" GIP กลบทราย","งานวางท่อ 6-Ø4"" GIP กลบทราย","งานวางท่อ 6-Ø4"" GIP กลบทราย","ม.","ม.","ม.","ม.","ม.","ม.","8129","1201","9330","8129","1201","9330","8129","1201","9330","equal","equal","equal","order_constrained_name_unit_source_ordinal","high","1","true","true","matched","false",""
"prod:7fac622a-c672-4b14-a731-3ec1283b38fc","stable_uuid","7fac622a-c672-4b14-a731-3ec1283b38fc","ITEM-0106","CIS-GIP-009","CIS-GIP-009","true","true","true","107","true","false","true","139","138","211","true","6","1","3","p06:t1:r3:display-9","934506eb7c7f8908a35de7d55c008da5bf839b790912ffd9997438aea058a581","งานวางท่อ 12-Ø4""  GIP  กลบทราย","งานวางท่อ 12-Ø4"" GIP กลบทราย","งานวางท่อ 12-Ø4"" GIP กลบทราย","งานวางท่อ 12-Ø4"" GIP กลบทราย","งานวางท่อ 12-Ø4"" GIP ก1ล.บ งทารนาวยางท่อร้อยสายสื่อสารใต้ดิน หุ้มคอนกรีตเสริมเหล็ก (ค.ส.ล.)","งานวางท่อ 12-Ø4"" GIP ก1ล.บ งทารนาวยางท่อร้อยสายสื่อสารใต้ดิน หุ้มคอนกรีตเสริมเหล็ก (ค.ส.ล.)","ม.","ม.","ม.","ม.","ม.","ม.","16009","1885","17894","16009","1885","17894","16009","1885","17894","equal","equal","equal","order_constrained_name_unit_source_ordinal","medium","0.38","true","true","matched","false","repeated_page_header_description_overlay"
"prod:a80d6d7b-5988-4394-a977-00d76229a8c5","stable_uuid","a80d6d7b-5988-4394-a977-00d76229a8c5","ITEM-0107","CRS-GIP-001","CRS-GIP-001","true","true","true","108","true","false","true","140","139","215","true","6","1","7","p06:t1:r7:display-1","4375a79ba29fc2b06eb5912232e739c149c93599332fa8b26225be503b1cc6e7","งานวางท่อ  1-Ø3""  GIP  CROSSING","งานวางท่อ 1-Ø3"" GIP CROSSING","งานวางท่อ 1-Ø3"" GIP CROSSING","งานวางท่อ 1-Ø3"" GIP CROSSING","งานวางท่อ 1-Ø3"" GIP CROSSING","งานวางท่อ 1-Ø3"" GIP CROSSING","ม.","ม.","ม.","ม.","ม.","ม.","855","85","940","855","85","940","855","85","940","equal","equal","equal","order_constrained_name_unit_source_ordinal","high","1","true","true","matched","false",""
"prod:57bd6bbd-ec01-484c-824f-c286702fc85a","stable_uuid","57bd6bbd-ec01-484c-824f-c286702fc85a","ITEM-0108","CRS-GIP-002","CRS-GIP-002","true","true","true","109","true","false","true","141","140","216","true","6","1","8","p06:t1:r8:display-2","d780f2f6b50344ba28d4306fb8e2d7bd35a7409f8970d40077dede539c0f61d1","งานวางท่อ  2-Ø3""  GIP  CROSSING","งานวางท่อ 2-Ø3"" GIP CROSSING","งานวางท่อ 2-Ø3"" GIP CROSSING","งานวางท่อ 2-Ø3"" GIP CROSSING","งานวางท่อ 2-Ø3"" GIP CROSSING","งานวางท่อ 2-Ø3"" GIP CROSSING","ม.","ม.","ม.","ม.","ม.","ม.","1708","169","1877","1708","169","1877","1708","169","1877","equal","equal","equal","order_constrained_name_unit_source_ordinal","high","1","true","true","matched","false",""
"prod:2db762a1-f705-43e3-947d-bf84eecd6a62","stable_uuid","2db762a1-f705-43e3-947d-bf84eecd6a62","ITEM-0109","CRS-GIP-003","CRS-GIP-003","true","true","true","110","true","false","true","142","141","217","true","6","1","9","p06:t1:r9:display-3","4e0e90c0f23140eaec5a9244252e8536bc1ea99b1ad064aa20a6d60d2bc67faf","งานวางท่อ  3-Ø3""  GIP  CROSSING","งานวางท่อ 3-Ø3"" GIP CROSSING","งานวางท่อ 3-Ø3"" GIP CROSSING","งานวางท่อ 3-Ø3"" GIP CROSSING","งานวางท่อ 3-Ø3"" GIP CROSSING","งานวางท่อ 3-Ø3"" GIP CROSSING","ม.","ม.","ม.","ม.","ม.","ม.","2564","254","2818","2564","254","2818","2564","254","2818","equal","equal","equal","order_constrained_name_unit_source_ordinal","high","1","true","true","matched","false",""
"prod:320838d2-8ac5-401a-8aa2-149f83ea436a","stable_uuid","320838d2-8ac5-401a-8aa2-149f83ea436a","ITEM-0110","CRS-GIP-004","CRS-GIP-004","true","true","true","111","true","false","true","143","142","218","true","6","1","10","p06:t1:r10:display-4","d9e7546f59ee7c8d66658dfdc314bb425af3c79ceb6feb744250603f85e9ecfb","งานวางท่อ  4-Ø3""  GIP  CROSSING","งานวางท่อ 4-Ø3"" GIP CROSSING","งานวางท่อ 4-Ø3"" GIP CROSSING","งานวางท่อ 4-Ø3"" GIP CROSSING","งานวางท่อ 4-Ø3"" GIP CROSSING","งานวางท่อ 4-Ø3"" GIP CROSSING","ม.","ม.","ม.","ม.","ม.","ม.","3419","338","3757","3419","338","3757","3419","338","3757","equal","equal","equal","order_constrained_name_unit_source_ordinal","high","1","true","true","matched","false",""
"prod:90ace6d4-fa21-49da-bcbf-8a7ee4d0f3fe","stable_uuid","90ace6d4-fa21-49da-bcbf-8a7ee4d0f3fe","ITEM-0111","CRS-GIP-005","CRS-GIP-005","true","true","true","112","true","false","true","144","143","219","true","6","1","11","p06:t1:r11:display-5","d4d975b9c2da16b7f4cd744189c8406cb2ed5949434bf37616f5025c68a77b67","งานวางท่อ  6-Ø3""  GIP  CROSSING","งานวางท่อ 6-Ø3"" GIP CROSSING","งานวางท่อ 6-Ø3"" GIP CROSSING","งานวางท่อ 6-Ø3"" GIP CROSSING","งานวางท่อ 6-Ø3"" GIP CROSSING","งานวางท่อ 6-Ø3"" GIP CROSSING","ม.","ม.","ม.","ม.","ม.","ม.","5127","507","5634","5127","507","5634","5127","507","5634","equal","equal","equal","order_constrained_name_unit_source_ordinal","high","1","true","true","matched","false",""
"prod:b100f090-34fc-49dc-a0d1-5e37e5808335","stable_uuid","b100f090-34fc-49dc-a0d1-5e37e5808335","ITEM-0112","CRS-GIP-006","CRS-GIP-006","true","true","true","113","true","false","true","145","144","220","true","6","1","12","p06:t1:r12:display-6","91624a5c93be0f379274acf89aa2c108b7a90d6dc6a73257e37993d465491d50","งานวางท่อ  9-Ø3""  GIP  CROSSING","งานวางท่อ 9-Ø3"" GIP CROSSING","งานวางท่อ 9-Ø3"" GIP CROSSING","งานวางท่อ 9-Ø3"" GIP CROSSING","งานวางท่อ 9-Ø3"" GIP CROSSING","งานวางท่อ 9-Ø3"" GIP CROSSING","ม.","ม.","ม.","ม.","ม.","ม.","7696","761","8457","7696","761","8457","7696","761","8457","equal","equal","equal","order_constrained_name_unit_source_ordinal","high","1","true","true","matched","false",""
"prod:1a8277b6-9052-40dd-85dc-8b861a381f37","stable_uuid","1a8277b6-9052-40dd-85dc-8b861a381f37","ITEM-0113","CRS-GIP-007","CRS-GIP-007","true","true","true","114","true","false","true","146","145","221","true","6","1","13","p06:t1:r13:display-7","78c88272682931d7cff27c2b7910b48b02700bb0d575b4f593633e07a17f3c60","งานวางท่อ  12-Ø3""  GIP  CROSSING","งานวางท่อ 12-Ø3"" GIP CROSSING","งานวางท่อ 12-Ø3"" GIP CROSSING","งานวางท่อ 12-Ø3"" GIP CROSSING","งานวางท่อ 12-Ø3"" GIP CROSSING","งานวางท่อ 12-Ø3"" GIP CROSSING","ม.","ม.","ม.","ม.","ม.","ม.","10254","1014","11268","10254","1014","11268","10254","1014","11268","equal","equal","equal","order_constrained_name_unit_source_ordinal","high","1","true","true","matched","false",""
"prod:b79ca9c7-01be-44fc-b96f-b605bc936d4c","stable_uuid","b79ca9c7-01be-44fc-b96f-b605bc936d4c","ITEM-0114","CRS-GIP-008","CRS-GIP-008","true","true","true","115","true","false","true","147","146","222","true","6","1","14","p06:t1:r14:display-8","d8ffd5caa0ba55c108c7159c488a8682fdfd3eb828b4a43264be2ae45c781385","งานวางท่อ  1-Ø4""  GIP  CROSSING","งานวางท่อ 1-Ø4"" GIP CROSSING","งานวางท่อ 1-Ø4"" GIP CROSSING","งานวางท่อ 1-Ø4"" GIP CROSSING","งานวางท่อ 1-Ø4"" GIP CROSSING","งานวางท่อ 1-Ø4"" GIP CROSSING","ม.","ม.","ม.","ม.","ม.","ม.","1260","111","1371","1260","111","1371","1260","111","1371","equal","equal","equal","order_constrained_name_unit_source_ordinal","high","1","true","true","matched","false",""
"prod:cd4f6ee6-114b-42f1-8353-f4506188457d","stable_uuid","cd4f6ee6-114b-42f1-8353-f4506188457d","ITEM-0115","CRS-GIP-009","CRS-GIP-009","true","true","true","116","true","false","true","148","147","223","true","6","1","15","p06:t1:r15:display-9","c0b0939f57e39cc0168be39abb9bfb1b6965e3a2ead2f2f2651d33684f968954","งานวางท่อ  2-Ø4""  GIP  CROSSING","งานวางท่อ 2-Ø4"" GIP CROSSING","งานวางท่อ 2-Ø4"" GIP CROSSING","งานวางท่อ 2-Ø4"" GIP CROSSING","งานวางท่อ 2-Ø4"" GIP CROSSING","งานวางท่อ 2-Ø4"" GIP CROSSING","ม.","ม.","ม.","ม.","ม.","ม.","2517","221","2738","2517","221","2738","2517","221","2738","equal","equal","equal","order_constrained_name_unit_source_ordinal","high","1","true","true","matched","false",""
"prod:06b406e4-8c6c-4f9d-9aed-cdb2451a5615","stable_uuid","06b406e4-8c6c-4f9d-9aed-cdb2451a5615","ITEM-0116","CRS-GIP-010","CRS-GIP-010","true","true","true","117","true","false","true","149","148","224","true","6","1","16","p06:t1:r16:display-10","22a75e24557d866cb33b69da25ec11063c6f5c7f8d301076c5cb4e8eea437d33","งานวางท่อ  3-Ø4""  GIP  CROSSING","งานวางท่อ 3-Ø4"" GIP CROSSING","งานวางท่อ 3-Ø4"" GIP CROSSING","งานวางท่อ 3-Ø4"" GIP CROSSING","งานวางท่อ 3-Ø4"" GIP CROSSING","งานวางท่อ 3-Ø4"" GIP CROSSING","ม.","ม.","ม.","ม.","ม.","ม.","3777","332","4109","3777","332","4109","3777","332","4109","equal","equal","equal","order_constrained_name_unit_source_ordinal","high","1","true","true","matched","false",""
"prod:93341ced-24c0-4780-99e3-5f2816f28273","stable_uuid","93341ced-24c0-4780-99e3-5f2816f28273","ITEM-0117","CRS-GIP-011","CRS-GIP-011","true","true","true","118","true","false","true","150","149","225","true","6","1","17","p06:t1:r17:display-11","aece76fe6af6e0e9b2dc698c766e43b22ea2c079a93253cb1289fc1e829b7f2f","งานวางท่อ  4-Ø4""  GIP  CROSSING","งานวางท่อ 4-Ø4"" GIP CROSSING","งานวางท่อ 4-Ø4"" GIP CROSSING","งานวางท่อ 4-Ø4"" GIP CROSSING","งานวางท่อ 4-Ø4"" GIP CROSSING","งานวางท่อ 4-Ø4"" GIP CROSSING","ม.","ม.","ม.","ม.","ม.","ม.","5037","442","5479","5037","442","5479","5037","442","5479","equal","equal","equal","order_constrained_name_unit_source_ordinal","high","1","true","true","matched","false",""
"prod:9425f5b3-c684-4f9a-a1c6-1785f43e4021","stable_uuid","9425f5b3-c684-4f9a-a1c6-1785f43e4021","ITEM-0118","CRS-GIP-012","CRS-GIP-012","true","true","true","119","true","false","true","151","150","226","true","6","1","18","p06:t1:r18:display-12","d794b39620f79871a990f665f62ecad0504925c821e8efc3458893524d0b4d48","งานวางท่อ  6-Ø4""  GIP  CROSSING","งานวางท่อ 6-Ø4"" GIP CROSSING","งานวางท่อ 6-Ø4"" GIP CROSSING","งานวางท่อ 6-Ø4"" GIP CROSSING","งานวางท่อ 6-Ø4"" GIP CROSSING","งานวางท่อ 6-Ø4"" GIP CROSSING","ม.","ม.","ม.","ม.","ม.","ม.","7554","663","8217","7554","663","8217","7554","663","8217","equal","equal","equal","order_constrained_name_unit_source_ordinal","high","1","true","true","matched","false",""
"prod:bebf9e7e-8c97-4191-aad2-a1e501f025f8","stable_uuid","bebf9e7e-8c97-4191-aad2-a1e501f025f8","ITEM-0119","CRS-GIP-013","CRS-GIP-013","true","true","true","120","true","false","true","152","151","227","true","6","1","19","p06:t1:r19:display-13","0ea0130e68f3802e41e98ffefea8ad8707876059c533caafe7fdceaece1f5947","งานวางท่อ  8-Ø4""  GIP  CROSSING","งานวางท่อ 8-Ø4"" GIP CROSSING","งานวางท่อ 8-Ø4"" GIP CROSSING","งานวางท่อ 8-Ø4"" GIP CROSSING","งานวางท่อ 8-Ø4"" GIP CROSSING","งานวางท่อ 8-Ø4"" GIP CROSSING","ม.","ม.","ม.","ม.","ม.","ม.","10071","884","10955","10071","884","10955","10071","884","10955","equal","equal","equal","order_constrained_name_unit_source_ordinal","high","1","true","true","matched","false",""
"prod:ea485bf5-0342-49ad-bba9-35bebea10677","stable_uuid","ea485bf5-0342-49ad-bba9-35bebea10677","ITEM-0120","CRS-GIP-014","CRS-GIP-014","true","true","true","121","true","false","true","153","152","228","true","6","1","20","p06:t1:r20:display-14","428c3b4e49143edfbcc8890dc8451b6d834a40ca05211552f75ddd2e7116210e","งานวางท่อ  9-Ø4""  GIP  CROSSING","งานวางท่อ 9-Ø4"" GIP CROSSING","งานวางท่อ 9-Ø4"" GIP CROSSING","งานวางท่อ 9-Ø4"" GIP CROSSING","งานวางท่อ 9-Ø4"" GIP CROSSING","งานวางท่อ 9-Ø4"" GIP CROSSING","ม.","ม.","ม.","ม.","ม.","ม.","11331","995","12326","11331","995","12326","11331","995","12326","equal","equal","equal","order_constrained_name_unit_source_ordinal","high","1","true","true","matched","false",""
"prod:84214bdf-b22b-4e0a-b9d2-aa35e133bde9","stable_uuid","84214bdf-b22b-4e0a-b9d2-aa35e133bde9","ITEM-0121","CRS-GIP-015","CRS-GIP-015","true","true","true","122","true","false","true","154","153","229","true","6","1","21","p06:t1:r21:display-15","7116e59d9cabc57c0f19d4739f237b9508f452dbb694dd0d79a8bf1e391c668a","งานวางท่อ  10-Ø4""  GIP  CROSSING","งานวางท่อ 10-Ø4"" GIP CROSSING","งานวางท่อ 10-Ø4"" GIP CROSSING","งานวางท่อ 10-Ø4"" GIP CROSSING","งานวางท่อ 10-Ø4"" GIP CROSSING","งานวางท่อ 10-Ø4"" GIP CROSSING","ม.","ม.","ม.","ม.","ม.","ม.","12591","1105","13696","12591","1105","13696","12591","1105","13696","equal","equal","equal","order_constrained_name_unit_source_ordinal","high","1","true","true","matched","false",""
"prod:08eee222-7873-4570-87f1-7a221162aa3c","stable_uuid","08eee222-7873-4570-87f1-7a221162aa3c","ITEM-0122","CRS-GIP-016","CRS-GIP-016","true","true","true","123","true","false","true","155","154","230","true","6","1","22","p06:t1:r22:display-16","5e55977b62c8e4a258781507c872f149c443e10d84437e796b2e62c79a667871","งานวางท่อ  12-Ø4""  GIP  CROSSING","งานวางท่อ 12-Ø4"" GIP CROSSING","งานวางท่อ 12-Ø4"" GIP CROSSING","งานวางท่อ 12-Ø4"" GIP CROSSING","งานวางท่อ 12-Ø4"" GIP CROSSING","งานวางท่อ 12-Ø4"" GIP CROSSING","ม.","ม.","ม.","ม.","ม.","ม.","15108","1326","16434","15108","1326","16434","15108","1326","16434","equal","equal","equal","order_constrained_name_unit_source_ordinal","high","1","true","true","matched","false",""
"prod:07a38e89-f38d-454d-bb04-a7c532e62b24","stable_uuid","07a38e89-f38d-454d-bb04-a7c532e62b24","ITEM-0123","CRS-GIP-017","CRS-GIP-017","true","true","true","124","true","false","true","156","155","231","true","6","1","23","p06:t1:r23:display-17","a5422466a254c68f1777d3e89cdd79c47aa735e5af2614aa5ac797e19f9656f1","งานวางท่อ  18-Ø4""  GIP  CROSSING","งานวางท่อ 18-Ø4"" GIP CROSSING","งานวางท่อ 18-Ø4"" GIP CROSSING","งานวางท่อ 18-Ø4"" GIP CROSSING","งานวางท่อ 18-Ø4"" GIP CROSSING","งานวางท่อ 18-Ø4"" GIP CROSSING","ม.","ม.","ม.","ม.","ม.","ม.","22662","1989","24651","22662","1989","24651","22662","1989","24651","equal","equal","equal","order_constrained_name_unit_source_ordinal","high","1","true","true","matched","false",""
"prod:0096556f-1935-4fbc-ac3d-487fb2fc99d4","stable_uuid","0096556f-1935-4fbc-ac3d-487fb2fc99d4","ITEM-0124","CRS-GIP-018","CRS-H06-001","true","true","true","125","true","false","true","157","156","232","true","6","1","24","p06:t1:r24:display-18","452724c1781ae98bb43fc135dd93269bf34bfaf161e4c264e46c79c01d20e75a","งานวางท่อ 1-Ø110 มม. HDPE PE80 PN6 CROSSING","งานวางท่อ 1-Ø110 มม. HDPE PE80 PN6 CROSSING","งานวางท่อ 1-Ø110 มม. HDPE PE80 PN6 CROSSING","งานวางท่อ 1-Ø110 มม. HDPE PE80 PN6 CROSSING","งานวางท่อ 1-Ø110 มม. HDPE PE80 PN6 CROSSING","งานวางท่อ 1-Ø110 มม. HDPE PE80 PN6 CROSSING","ม.","ม.","ม.","ม.","ม.","ม.","293","41","334","224","41","265","293","41","334","different","different","equal","order_constrained_name_unit_source_ordinal","high","1","true","true","source_version_difference","true",""
"prod:e59461a4-91ef-44f9-8f5a-c013aed68093","stable_uuid","e59461a4-91ef-44f9-8f5a-c013aed68093","ITEM-0125","CRS-GIP-019","CRS-H06-002","true","true","true","126","true","false","true","158","157","233","true","6","1","25","p06:t1:r25:display-19","c23d853ff6c1c7b2067c35d6674dc907ed59b08db158db223315fa2faf5047fe","งานวางท่อ 2-Ø110 มม. HDPE PE80 PN6 CROSSING","งานวางท่อ 2-Ø110 มม. HDPE PE80 PN6 CROSSING","งานวางท่อ 2-Ø110 มม. HDPE PE80 PN6 CROSSING","งานวางท่อ 2-Ø110 มม. HDPE PE80 PN6 CROSSING","งานวางท่อ 2-Ø110 มม. HDPE PE80 PN6 CROSSING","งานวางท่อ 2-Ø110 มม. HDPE PE80 PN6 CROSSING","ม.","ม.","ม.","ม.","ม.","ม.","585","82","667","447","82","529","585","82","667","different","different","equal","order_constrained_name_unit_source_ordinal","high","1","true","true","source_version_difference","true",""
"prod:d88bfe0e-9364-4de1-babc-ee6d628b32be","stable_uuid","d88bfe0e-9364-4de1-babc-ee6d628b32be","ITEM-0126","CRS-GIP-020","CRS-H06-003","true","true","true","127","true","false","true","159","158","234","true","6","1","26","p06:t1:r26:display-20","6041d8b0cdddbb79bcac0d47509267c36c8b8f80c3b3f638fe6a87db7ce884e1","งานวางท่อ 3-Ø110 มม. HDPE PE80 PN6 CROSSING","งานวางท่อ 3-Ø110 มม. HDPE PE80 PN6 CROSSING","งานวางท่อ 3-Ø110 มม. HDPE PE80 PN6 CROSSING","งานวางท่อ 3-Ø110 มม. HDPE PE80 PN6 CROSSING","งานวางท่อ 3-Ø110 มม. HDPE PE80 PN6 CROSSING","งานวางท่อ 3-Ø110 มม. HDPE PE80 PN6 CROSSING","ม.","ม.","ม.","ม.","ม.","ม.","878","123","1001","671","123","794","878","123","1001","different","different","equal","order_constrained_name_unit_source_ordinal","high","1","true","true","source_version_difference","true",""
"prod:a3ade330-4ce4-4b74-b80d-4362468817cd","stable_uuid","a3ade330-4ce4-4b74-b80d-4362468817cd","ITEM-0127","CRS-GIP-021","CRS-H06-004","true","true","true","128","true","false","true","160","159","235","true","6","1","27","p06:t1:r27:display-21","68eb3e2c9812351dd5a50c98fbf6a053cd81ff20d9684b2d6d434a6688844452","งานวางท่อ 4-Ø110 มม. HDPE PE80 PN6 CROSSING","งานวางท่อ 4-Ø110 มม. HDPE PE80 PN6 CROSSING","งานวางท่อ 4-Ø110 มม. HDPE PE80 PN6 CROSSING","งานวางท่อ 4-Ø110 มม. HDPE PE80 PN6 CROSSING","งานวางท่อ 4-Ø110 มม. HDPE PE80 PN6 CROSSING","งานวางท่อ 4-Ø110 มม. HDPE PE80 PN6 CROSSING","ม.","ม.","ม.","ม.","ม.","ม.","1171","163","1334","895","163","1058","1171","163","1334","different","different","equal","order_constrained_name_unit_source_ordinal","high","1","true","true","source_version_difference","true",""
"prod:56b2930d-6676-452e-9631-994c064f8fd2","stable_uuid","56b2930d-6676-452e-9631-994c064f8fd2","ITEM-0128","CRS-GIP-022","CRS-H06-005","true","true","true","129","true","false","true","161","160","236","true","6","1","28","p06:t1:r28:display-22","cb63f3065bfffdb73efc5105f60f6e20d924ba01d9304287b4d3450d160badae","งานวางท่อ 1-Ø125 มม. HDPE PE80 PN6 CROSSING","งานวางท่อ 1-Ø125 มม. HDPE PE80 PN6 CROSSING","งานวางท่อ 1-Ø125 มม. HDPE PE80 PN6 CROSSING","งานวางท่อ 1-Ø125 มม. HDPE PE80 PN6 CROSSING","งานวางท่อ 1-Ø125 มม. HDPE PE80 PN6 CROSSING","งานวางท่อ 1-Ø125 มม. HDPE PE80 PN6 CROSSING","ม.","ม.","ม.","ม.","ม.","ม.","370","43","413","370","43","413","370","43","413","equal","equal","equal","order_constrained_name_unit_source_ordinal","high","1","true","true","matched","false",""
"prod:9922eb15-bfa9-4077-af6f-bbf93f0b7f5f","stable_uuid","9922eb15-bfa9-4077-af6f-bbf93f0b7f5f","ITEM-0129","CRS-GIP-023","CRS-H06-006","true","true","true","130","true","false","true","162","161","237","true","6","1","29","p06:t1:r29:display-23","e27eaab77626253ab5477983e60dda7b8aa0dcf17e6ef2d79acac2b3bb129ab7","งานวางท่อ 2-Ø125 มม. HDPE PE80 PN6 CROSSING","งานวางท่อ 2-Ø125 มม. HDPE PE80 PN6 CROSSING","งานวางท่อ 2-Ø125 มม. HDPE PE80 PN6 CROSSING","งานวางท่อ 2-Ø125 มม. HDPE PE80 PN6 CROSSING","งานวางท่อ 2-Ø125 มม. HDPE PE80 PN6 CROSSING","งานวางท่อ 2-Ø125 มม. HDPE PE80 PN6 CROSSING","ม.","ม.","ม.","ม.","ม.","ม.","737","86","823","737","86","823","737","86","823","equal","equal","equal","order_constrained_name_unit_source_ordinal","high","1","true","true","matched","false",""
"prod:f86713eb-481d-4a60-b3bb-a9fcf51475ec","stable_uuid","f86713eb-481d-4a60-b3bb-a9fcf51475ec","ITEM-0130","CRS-GIP-024","CRS-H06-007","true","true","true","131","true","false","true","163","162","238","true","6","1","30","p06:t1:r30:display-24","f89292c2a72434f2f53a6be99163bef09794969cde0ed6993569cb614289804f","งานวางท่อ 3-Ø125 มม. HDPE PE80 PN6 CROSSING","งานวางท่อ 3-Ø125 มม. HDPE PE80 PN6 CROSSING","งานวางท่อ 3-Ø125 มม. HDPE PE80 PN6 CROSSING","งานวางท่อ 3-Ø125 มม. HDPE PE80 PN6 CROSSING","งานวางท่อ 3-Ø125 มม. HDPE PE80 PN6 CROSSING","งานวางท่อ 3-Ø125 มม. HDPE PE80 PN6 CROSSING","ม.","ม.","ม.","ม.","ม.","ม.","1107","130","1237","1107","130","1237","1107","130","1237","equal","equal","equal","order_constrained_name_unit_source_ordinal","high","1","true","true","matched","false",""
"prod:0ef71f8d-074b-4cbe-9e85-c62c414d8164","stable_uuid","0ef71f8d-074b-4cbe-9e85-c62c414d8164","ITEM-0131","CRS-GIP-033","CRS-H08-001","true","true","true","132","true","false","true","172","171","247","true","7","1","8","p07:t1:r8:display-33","2449b84903ecbf8444017b836ff3aec07c58f9b8a47eba636f24d4ab3c56abe4","งานวางท่อ 4-Ø125 มม. HDPE PE80 PN8 CROSSING","งานวางท่อ 4-Ø125 มม. HDPE PE80 PN8 CROSSING","งานวางท่อ 4-Ø125 มม. HDPE PE80 PN8 CROSSING","งานวางท่อ 4-Ø125 มม. HDPE PE80 PN8 CROSSING","งานวางท่อ 4-Ø125 มม. HDPE PE80 PN8 CROSSING","งานวางท่อ 4-Ø125 มม. HDPE PE80 PN8 CROSSING","ม.","ม.","ม.","ม.","ม.","ม.","1785","173","1958","1785","173","1958","1785","173","1958","equal","equal","equal","order_constrained_name_unit_source_ordinal","high","1","true","true","matched","false",""
"prod:667e4aa6-23f6-4a76-a743-bc8ffe3ab503","stable_uuid","667e4aa6-23f6-4a76-a743-bc8ffe3ab503","ITEM-0132","CRS-GIP-026","CRS-H08-002","true","true","true","133","true","false","true","165","164","240","true","6","1","32","p06:t1:r32:display-26","a7f5ac0521f1eff20d2462cee3f9c2118a116e64077e67036a66bc37cf734f75","งานวางท่อ 1-Ø110 มม. HDPE PE80 PN8 CROSSING","งานวางท่อ 1-Ø110 มม. HDPE PE80 PN8 CROSSING","งานวางท่อ 1-Ø110 มม. HDPE PE80 PN8 CROSSING","งานวางท่อ 1-Ø110 มม. HDPE PE80 PN8 CROSSING","งานวางท่อ 1-Ø110 มม. HDPE PE80 PN8 CROSSING","งานวางท่อ 1-Ø110 มม. HDPE PE80 PN8 CROSSING","ม.","ม.","ม.","ม.","ม.","ม.","353","41","394","353","41","394","353","41","394","equal","equal","equal","order_constrained_name_unit_source_ordinal","high","1","true","true","matched","false",""
"prod:2425f349-2f22-4a20-a75e-3d66855bcdda","stable_uuid","2425f349-2f22-4a20-a75e-3d66855bcdda","ITEM-0133","CRS-GIP-027","CRS-H08-003","true","true","true","134","true","false","true","166","165","241","true","6","1","33","p06:t1:r33:display-27","8e612c528bf42912be73ed00217989519971bc77d3a8df7b46ef5109436c94a6","งานวางท่อ 2-Ø110 มม. HDPE PE80 PN8 CROSSING","งานวางท่อ 2-Ø110 มม. HDPE PE80 PN8 CROSSING","งานวางท่อ 2-Ø110 มม. HDPE PE80 PN8 CROSSING","งานวางท่อ 2-Ø110 มม. HDPE PE80 PN8 CROSSING","งานวางท่อ 2-Ø110 มม. HDPE PE80 PN8 CROSSING","งานวางท่อ 2-Ø110 มม. HDPE PE80 PN8 CROSSING","ม.","ม.","ม.","ม.","ม.","ม.","705","82","787","705","82","787","705","82","787","equal","equal","equal","order_constrained_name_unit_source_ordinal","high","1","true","true","matched","false",""
"prod:aa3df7b3-0d24-4f3f-b695-7ae99dada017","stable_uuid","aa3df7b3-0d24-4f3f-b695-7ae99dada017","ITEM-0134","CRS-GIP-028","CRS-H08-004","true","true","true","135","true","false","true","167","166","242","true","7","1","3","p07:t1:r3:display-28","745049e2f6bcea9f118b5af62aa6965841b817ad80a0f3495154e26da7434587","งานวางท่อ 3-Ø110 มม. HDPE PE80 PN8 CROSSING","งานวางท่อ 3-Ø110 มม. HDPE PE80 PN8 CROSSING","งานวางท่อ 3-Ø110 มม. HDPE PE80 PN8 CROSSING","งานวางท่อ 3-Ø110 มม. HDPE PE80 PN8 CROSSING","งานวางท่อ 3-Ø110 มม. HD1P. Eง าPนEว8า0ง ทPN่อร8้อ CยRสOายSสSIื่อNสGารใต้ดิน หุ้มคอนกรีตเสริมเหล็ก (ค.ส.ล.)","งานวางท่อ 3-Ø110 มม. HD1P. Eง าPนEว8า0ง ทPN่อร8้อ CยRสOายSสSIื่อNสGารใต้ดิน หุ้มคอนกรีตเสริมเหล็ก (ค.ส.ล.)","ม.","ม.","ม.","ม.","ม.","ม.","1058","123","1181","1058","123","1181","1058","123","1181","equal","equal","equal","order_constrained_name_unit_source_ordinal","medium","0.33871","true","true","matched","false","repeated_page_header_description_overlay"
"prod:61c1cd79-2f42-4a9c-8292-c97216799cac","stable_uuid","61c1cd79-2f42-4a9c-8292-c97216799cac","ITEM-0135","CRS-GIP-029","CRS-H08-005","true","true","true","136","true","false","true","168","167","243","true","7","1","4","p07:t1:r4:display-29","c1216fa523624a7d1e2ca794d912f9f0654cc3a47850a3c562932539920d3bb1","งานวางท่อ 4-Ø110 มม. HDPE PE80 PN8 CROSSING","งานวางท่อ 4-Ø110 มม. HDPE PE80 PN8 CROSSING","งานวางท่อ 4-Ø110 มม. HDPE PE80 PN8 CROSSING","งานวางท่อ 4-Ø110 มม. HDPE PE80 PN8 CROSSING","งานวางท่อ 4-Ø110 มม. HDPE PE80 PN8 CROSSING","งานวางท่อ 4-Ø110 มม. HDPE PE80 PN8 CROSSING","ม.","ม.","ม.","ม.","ม.","ม.","1411","163","1574","1411","163","1574","1411","163","1574","equal","equal","equal","order_constrained_name_unit_source_ordinal","high","1","true","true","matched","false",""
"prod:16a48e17-b722-4675-ba55-0b500f064a50","stable_uuid","16a48e17-b722-4675-ba55-0b500f064a50","ITEM-0136","CRS-GIP-030","CRS-H08-006","true","true","true","137","true","false","true","169","168","244","true","7","1","5","p07:t1:r5:display-30","ba52c1cbc4a5190c9472580e642fe40287463cf11dc88ec0bbd4ddc36d2d3daf","งานวางท่อ 1-Ø125 มม. HDPE PE80 PN8 CROSSING","งานวางท่อ 1-Ø125 มม. HDPE PE80 PN8 CROSSING","งานวางท่อ 1-Ø125 มม. HDPE PE80 PN8 CROSSING","งานวางท่อ 1-Ø125 มม. HDPE PE80 PN8 CROSSING","งานวางท่อ 1-Ø125 มม. HDPE PE80 PN8 CROSSING","งานวางท่อ 1-Ø125 มม. HDPE PE80 PN8 CROSSING","ม.","ม.","ม.","ม.","ม.","ม.","447","43","490","447","43","490","447","43","490","equal","equal","equal","order_constrained_name_unit_source_ordinal","high","1","true","true","matched","false",""
"prod:7689636f-215b-4d28-9dcb-45578df104b7","stable_uuid","7689636f-215b-4d28-9dcb-45578df104b7","ITEM-0137","CRS-GIP-031","CRS-H08-007","true","true","true","138","true","false","true","170","169","245","true","7","1","6","p07:t1:r6:display-31","7b0509540d8afc3da38b4e4d15110b0cfd032ec3fc97bd020603339357db9857","งานวางท่อ 2-Ø125 มม. HDPE PE80 PN8 CROSSING","งานวางท่อ 2-Ø125 มม. HDPE PE80 PN8 CROSSING","งานวางท่อ 2-Ø125 มม. HDPE PE80 PN8 CROSSING","งานวางท่อ 2-Ø125 มม. HDPE PE80 PN8 CROSSING","งานวางท่อ 2-Ø125 มม. HDPE PE80 PN8 CROSSING","งานวางท่อ 2-Ø125 มม. HDPE PE80 PN8 CROSSING","ม.","ม.","ม.","ม.","ม.","ม.","891","86","977","891","86","977","891","86","977","equal","equal","equal","order_constrained_name_unit_source_ordinal","high","1","true","true","matched","false",""
"prod:401d3916-4a87-4613-8184-17eaead6943d","stable_uuid","401d3916-4a87-4613-8184-17eaead6943d","ITEM-0138","CRS-GIP-032","CRS-H08-008","true","true","true","139","true","false","true","171","170","246","true","7","1","7","p07:t1:r7:display-32","cceb213f01af30860b7900830099bc5583050c0bdd4cd0e5d8d1dc81b631c9f3","งานวางท่อ 3-Ø125 มม. HDPE PE80 PN8 CROSSING","งานวางท่อ 3-Ø125 มม. HDPE PE80 PN8 CROSSING","งานวางท่อ 3-Ø125 มม. HDPE PE80 PN8 CROSSING","งานวางท่อ 3-Ø125 มม. HDPE PE80 PN8 CROSSING","งานวางท่อ 3-Ø125 มม. HDPE PE80 PN8 CROSSING","งานวางท่อ 3-Ø125 มม. HDPE PE80 PN8 CROSSING","ม.","ม.","ม.","ม.","ม.","ม.","1338","130","1468","1338","130","1468","1338","130","1468","equal","equal","equal","order_constrained_name_unit_source_ordinal","high","1","true","true","matched","false",""
"prod:2289df03-0dc3-456e-9b1d-fb4c4f393912","stable_uuid","2289df03-0dc3-456e-9b1d-fb4c4f393912","ITEM-0139","","ITEM-0139","true","true","false","140","true","false","false","","","","false","","","","","","งานวางท่อ 4-Ø125 มม. HDPE PE80 PN8 CROSSING","งานวางท่อ 4-Ø125 มม. HDPE PE80 PN8 CROSSING","","","","","ม.","ม.","","","","","1785","173","1958","","","","","","","not_comparable","not_comparable","not_comparable","stable_uuid_authority","high","","","","source_version_difference","true","no_workbook_source;no_filed_pdf_row"
"prod:7812e648-b4dc-4f8a-a335-f247bd7df290","stable_uuid","7812e648-b4dc-4f8a-a335-f247bd7df290","ITEM-0140","HDD-PJK-001","HDD-PJK-001","true","true","true","141","true","false","true","173","172","251","true","7","1","12","p07:t1:r12:display-1","76b146f9efa1f0f60940ce98be8568ece46e072659d4d54a67ebcc0192a1c0b1","งานดันท่อปลอกเหล็กขนาด Ø800 มม.x 9 มม.","งานดันท่อปลอกเหล็กขนาด Ø800 มม.x 9 มม.","งานดันท่อปลอกเหล็กขนาด Ø800 มม.x 9 มม.","งานดันท่อปลอกเหล็กขนาด Ø800 มม.x 9 มม.","งานดันท่อปลอกเหล็กขนาด Ø800 มม.x 9 มม.","งานดันท่อปลอกเหล็กขนาด Ø800 มม.x 9 มม.","ม.","ม.","ม.","ม.","ม.","ม.","24835","6024","30859","24835","6024","30859","24835","6024","30859","equal","equal","equal","order_constrained_name_unit_source_ordinal","high","1","true","true","matched","false",""
"prod:d70bae4b-789d-4202-9dbf-bc3827d37ee5","stable_uuid","d70bae4b-789d-4202-9dbf-bc3827d37ee5","ITEM-0141","HDD-PJK-002","HDD-PJK-002","true","true","true","142","true","false","true","174","173","252","true","7","1","13","p07:t1:r13:display-2","62185ad0ee88eafb3776a2b6a1eecb4a38f148f7a7963df91466ae95d68c6c70","งานดันท่อปลอกเหล็กขนาด Ø1,000 มม.x 9.5 มม.","งานดันท่อปลอกเหล็กขนาด Ø1,000 มม.x 9.5 มม.","งานดันท่อปลอกเหล็กขนาด Ø1,000 มม.x 9.5 มม.","งานดันท่อปลอกเหล็กขนาด Ø1,000 มม.x 9.5 มม.","งานดันท่อปลอกเหล็กขนาด Ø1,000 มม.x 9.5 มม.","งานดันท่อปลอกเหล็กขนาด Ø1,000 มม.x 9.5 มม.","ม.","ม.","ม.","ม.","ม.","ม.","34925","8472","43397","34925","8472","43397","34925","8472","43397","equal","equal","equal","order_constrained_name_unit_source_ordinal","high","1","true","true","matched","false",""
"prod:89e3b955-aada-4cea-b861-d399544d4633","stable_uuid","89e3b955-aada-4cea-b861-d399544d4633","ITEM-0142","HDD-PJK-003","HDD-PJK-003","true","true","true","143","true","false","true","175","174","253","true","7","1","14","p07:t1:r14:display-3","afc0c51899e323d0fceb8be02a0587a9fa299832802bfdac1f0a3372c1a30017","งานดันท่อปลอกเหล็กขนาด Ø1,200 มม.x 11.1 มม.","งานดันท่อปลอกเหล็กขนาด Ø1,200 มม.x 11.1 มม.","งานดันท่อปลอกเหล็กขนาด Ø1,200 มม.x 11.1 มม.","งานดันท่อปลอกเหล็กขนาด Ø1,200 มม.x 11.1 มม.","งานดันท่อปลอกเหล็กขนาด Ø1,200 มม.x 11.1 มม.","งานดันท่อปลอกเหล็กขนาด Ø1,200 มม.x 11.1 มม.","ม.","ม.","ม.","ม.","ม.","ม.","38805","9413","48218","38805","9413","48218","38805","9413","48218","equal","equal","equal","order_constrained_name_unit_source_ordinal","high","1","true","true","matched","false",""
"prod:c3adc0d8-0648-4124-b599-febc69b91580","stable_uuid","c3adc0d8-0648-4124-b599-febc69b91580","ITEM-0143","HDD-GJK-001","HDD-GJK-001","true","true","true","144","true","false","true","176","175","256","true","7","1","17","p07:t1:r17:display-1","02bcba971929f5a6fcdce083f9c140f8556359b9fa5638ceed7773e8a83345f7","งานดันท่อลอด 2-Ø3"" GIP","งานดันท่อลอด 2-Ø3"" GIP","งานดันท่อลอด 2-Ø3"" GIP","งานดันท่อลอด 2-Ø3"" GIP","งานดันท่อลอด 2-Ø3"" GIP","งานดันท่อลอด 2-Ø3"" GIP","ม.","ม.","ม.","ม.","ม.","ม.","2861","694","3555","2861","694","3555","2861","694","3555","equal","equal","equal","order_constrained_name_unit_source_ordinal","high","1","true","true","matched","false",""
"prod:9b67b16e-ce66-44a5-83a5-96999f9d8d2b","stable_uuid","9b67b16e-ce66-44a5-83a5-96999f9d8d2b","ITEM-0144","HDD-GJK-002","HDD-GJK-002","true","true","true","145","true","false","true","177","176","257","true","7","1","18","p07:t1:r18:display-2","548bf6933033b294583c1f9eb295ee2a2279a7b02944f9a6c01d7a3ea04dc8e4","งานดันท่อลอด 4-Ø3"" GIP","งานดันท่อลอด 4-Ø3"" GIP","งานดันท่อลอด 4-Ø3"" GIP","งานดันท่อลอด 4-Ø3"" GIP","งานดันท่อลอด 4-Ø3"" GIP","งานดันท่อลอด 4-Ø3"" GIP","ม.","ม.","ม.","ม.","ม.","ม.","4423","1072","5495","4423","1072","5495","4423","1072","5495","equal","equal","equal","order_constrained_name_unit_source_ordinal","high","1","true","true","matched","false",""
"prod:6f4b9994-28db-4a11-9cf3-510ddbbcede2","stable_uuid","6f4b9994-28db-4a11-9cf3-510ddbbcede2","ITEM-0145","HDD-GJK-003","HDD-GJK-003","true","true","true","146","true","false","true","178","177","258","true","7","1","19","p07:t1:r19:display-3","fd1af36e23eac0ed93b0b97f51f4216521ea424e9a3a63c7f74efa6e5a72180a","งานดันท่อลอด 6-Ø3"" GIP","งานดันท่อลอด 6-Ø3"" GIP","งานดันท่อลอด 6-Ø3"" GIP","งานดันท่อลอด 6-Ø3"" GIP","งานดันท่อลอด 6-Ø3"" GIP","งานดันท่อลอด 6-Ø3"" GIP","ม.","ม.","ม.","ม.","ม.","ม.","5453","1323","6776","5453","1323","6776","5453","1323","6776","equal","equal","equal","order_constrained_name_unit_source_ordinal","high","1","true","true","matched","false",""
"prod:ea87554a-c6c2-423d-9a43-6c5d196ebac6","stable_uuid","ea87554a-c6c2-423d-9a43-6c5d196ebac6","ITEM-0146","HDD-GJK-004","HDD-GJK-004","true","true","true","147","true","false","true","179","178","259","true","7","1","20","p07:t1:r20:display-4","3a5811e902c98c484835ec835f14781936f87b29eeaa4c750a67304fa5a1a81e","งานดันท่อลอด 2-Ø4"" GIP","งานดันท่อลอด 2-Ø4"" GIP","งานดันท่อลอด 2-Ø4"" GIP","งานดันท่อลอด 2-Ø4"" GIP","งานดันท่อลอด 2-Ø4"" GIP","งานดันท่อลอด 2-Ø4"" GIP","ม.","ม.","ม.","ม.","ม.","ม.","3618","877","4495","3618","877","4495","3618","877","4495","equal","equal","equal","order_constrained_name_unit_source_ordinal","high","1","true","true","matched","false",""
"prod:f1d1f1fe-d8c9-413c-bfa3-c8bb7e3a3aa8","stable_uuid","f1d1f1fe-d8c9-413c-bfa3-c8bb7e3a3aa8","ITEM-0147","HDD-GJK-005","HDD-GJK-005","true","true","true","148","true","false","true","180","179","260","true","7","1","21","p07:t1:r21:display-5","a64e663ff032faa75336908cc989bb17aec964eeb1ccfbf8a902743dd7522c69","งานดันท่อลอด 4-Ø4"" GIP","งานดันท่อลอด 4-Ø4"" GIP","งานดันท่อลอด 4-Ø4"" GIP","งานดันท่อลอด 4-Ø4"" GIP","งานดันท่อลอด 4-Ø4"" GIP","งานดันท่อลอด 4-Ø4"" GIP","ม.","ม.","ม.","ม.","ม.","ม.","5302","1286","6588","5302","1286","6588","5302","1286","6588","equal","equal","equal","order_constrained_name_unit_source_ordinal","high","1","true","true","matched","false",""
"prod:be1bfa55-72e4-456e-a6a9-1bc8b78296fe","stable_uuid","be1bfa55-72e4-456e-a6a9-1bc8b78296fe","ITEM-0148","HDD-GJK-006","HDD-GJK-006","true","true","true","149","true","false","true","181","180","261","true","7","1","22","p07:t1:r22:display-6","279e9df748f9d9be6881534a1d50e6697727e100bac758c5ca15aa2c1021fcee","งานดันท่อลอด 6-Ø4"" GIP","งานดันท่อลอด 6-Ø4"" GIP","งานดันท่อลอด 6-Ø4"" GIP","งานดันท่อลอด 6-Ø4"" GIP","งานดันท่อลอด 6-Ø4"" GIP","งานดันท่อลอด 6-Ø4"" GIP","ม.","ม.","ม.","ม.","ม.","ม.","7470","1812","9282","7470","1812","9282","7470","1812","9282","equal","equal","equal","order_constrained_name_unit_source_ordinal","high","1","true","true","matched","false",""
"prod:b960c992-0687-4dd1-ab5e-e3cd2c14b3c9","stable_uuid","b960c992-0687-4dd1-ab5e-e3cd2c14b3c9","ITEM-0149","HDD-GJK-007","HDD-GJK-007","true","true","true","150","true","false","true","182","181","262","true","7","1","23","p07:t1:r23:display-7","f8680ecf0edbe7a4891d7c3016681100f99adbe1351f24759588322aaad40d51","งานดันท่อลอด 12-Ø4"" GIP","งานดันท่อลอด 12-Ø4"" GIP","งานดันท่อลอด 12-Ø4"" GIP","งานดันท่อลอด 12-Ø4"" GIP","งานดันท่อลอด 12-Ø4"" GIP","งานดันท่อลอด 12-Ø4"" GIP","ม.","ม.","ม.","ม.","ม.","ม.","12272","2976","15248","12272","2976","15248","12272","2976","15248","equal","equal","equal","order_constrained_name_unit_source_ordinal","high","1","true","true","matched","false",""
"prod:cdb6a53d-01b0-4ae9-bda2-f9a297e001ec","stable_uuid","cdb6a53d-01b0-4ae9-bda2-f9a297e001ec","ITEM-0150","HDD-H06-001","HDD-H06-001","true","true","true","151","true","false","true","183","182","265","true","7","1","26","p07:t1:r26:display-1","85d5c0d50c15aa6f120a3e68532bf5ae680f55b28743202d694c90dde9848342","งานดันท่อลอด  1-Ø63 มม. HDPE PE80 PN6 (HDD)","งานดันท่อลอด 1-Ø63 มม. HDPE PE80 PN6 (HDD)","งานดันท่อลอด 1-Ø63 มม. HDPE PE80 PN6 (HDD)","งานดันท่อลอด 1-Ø63 มม. HDPE PE80 PN6 (HDD)","งานดันท่อลอด 1-Ø63 มม. HDPE PE80 PN6 (HDD)","งานดันท่อลอด 1-Ø63 มม. HDPE PE80 PN6 (HDD)","ม.","ม.","ม.","ม.","ม.","ม.","1872","454","2326","1872","454","2326","1872","454","2326","equal","equal","equal","order_constrained_name_unit_source_ordinal","high","1","true","true","matched","false",""
"prod:6b040d43-e83d-481e-9ca0-022bf791ab2a","stable_uuid","6b040d43-e83d-481e-9ca0-022bf791ab2a","ITEM-0151","HDD-H06-002","HDD-H06-002","true","true","true","152","true","false","true","184","183","266","true","7","1","27","p07:t1:r27:display-2","b3f89daae35046907eab13b65dd5e3e3cb980dcdc950bbe9f816fd46013c232c","งานดันท่อลอด  2-Ø63 มม. HDPE PE80 PN6 (HDD)","งานดันท่อลอด 2-Ø63 มม. HDPE PE80 PN6 (HDD)","งานดันท่อลอด 2-Ø63 มม. HDPE PE80 PN6 (HDD)","งานดันท่อลอด 2-Ø63 มม. HDPE PE80 PN6 (HDD)","งานดันท่อลอด 2-Ø63 มม. HDPE PE80 PN6 (HDD)","งานดันท่อลอด 2-Ø63 มม. HDPE PE80 PN6 (HDD)","ม.","ม.","ม.","ม.","ม.","ม.","2163","525","2688","2163","525","2688","2163","525","2688","equal","equal","equal","order_constrained_name_unit_source_ordinal","high","1","true","true","matched","false",""
"prod:a1e686d8-346d-4eb1-ac13-07824f0956b9","stable_uuid","a1e686d8-346d-4eb1-ac13-07824f0956b9","ITEM-0152","HDD-H06-003","HDD-H06-003","true","true","true","153","true","false","true","185","184","267","true","7","1","28","p07:t1:r28:display-3","9b5981295dfcbdd8fd5cb069f3665b8f0fd2fa620ffb3444a19481c143ee9073","งานดันท่อลอด  4-Ø63 มม. HDPE PE80 PN6 (HDD)","งานดันท่อลอด 4-Ø63 มม. HDPE PE80 PN6 (HDD)","งานดันท่อลอด 4-Ø63 มม. HDPE PE80 PN6 (HDD)","งานดันท่อลอด 4-Ø63 มม. HDPE PE80 PN6 (HDD)","งานดันท่อลอด 4-Ø63 มม. HDPE PE80 PN6 (HDD)","งานดันท่อลอด 4-Ø63 มม. HDPE PE80 PN6 (HDD)","ม.","ม.","ม.","ม.","ม.","ม.","2688","652","3340","2688","652","3340","2688","652","3340","equal","equal","equal","order_constrained_name_unit_source_ordinal","high","1","true","true","matched","false",""
"prod:b54c6b8b-ae55-4687-a819-0ee722992a31","stable_uuid","b54c6b8b-ae55-4687-a819-0ee722992a31","ITEM-0153","HDD-H08-001","HDD-H08-001","true","true","true","154","true","false","true","186","185","270","true","7","1","31","p07:t1:r31:display-1","439e8082176a61764801bcc081757865349fec7b3f489a601446eaab9e2d8aeb","งานดันท่อลอด  1-Ø110 มม. HDPE PE80 PN8 (HDD)","งานดันท่อลอด 1-Ø110 มม. HDPE PE80 PN8 (HDD)","งานดันท่อลอด 1-Ø110 มม. HDPE PE80 PN8 (HDD)","งานดันท่อลอด 1-Ø110 มม. HDPE PE80 PN8 (HDD)","งานดันท่อลอด 1-Ø110 มม. HDPE PE80 PN8 (HDD)","งานดันท่อลอด 1-Ø110 มม. HDPE PE80 PN8 (HDD)","ม.","ม.","ม.","ม.","ม.","ม.","2279","553","2832","2279","553","2832","2279","553","2832","equal","equal","equal","order_constrained_name_unit_source_ordinal","high","1","true","true","matched","false",""
"prod:8957b7d8-bc84-4bd4-b2ed-f659702d18fc","stable_uuid","8957b7d8-bc84-4bd4-b2ed-f659702d18fc","ITEM-0154","HDD-H08-002","HDD-H08-002","true","true","true","155","true","false","true","187","186","271","true","7","1","32","p07:t1:r32:display-2","3eb96023d18a12bd7544ebda73cc3dba403046ef1b7a468d8ae82439d94e60aa","งานดันท่อลอด  2-Ø110 มม. HDPE PE80 PN8 (HDD)","งานดันท่อลอด 2-Ø110 มม. HDPE PE80 PN8 (HDD)","งานดันท่อลอด 2-Ø110 มม. HDPE PE80 PN8 (HDD)","งานดันท่อลอด 2-Ø110 มม. HDPE PE80 PN8 (HDD)","งานดันท่อลอด 2-Ø110 มม. HDPE PE80 PN8 (HDD)","งานดันท่อลอด 2-Ø110 มม. HDPE PE80 PN8 (HDD)","ม.","ม.","ม.","ม.","ม.","ม.","2466","599","3065","2466","599","3065","2466","599","3065","equal","equal","equal","order_constrained_name_unit_source_ordinal","high","1","true","true","matched","false",""
"prod:50733f00-92f4-41da-a7cd-b75cfa1d44be","stable_uuid","50733f00-92f4-41da-a7cd-b75cfa1d44be","ITEM-0155","HDD-H08-003","HDD-H08-003","true","true","true","156","true","false","true","188","187","272","true","7","1","33","p07:t1:r33:display-3","a1899dfaf2f234dd14cdc0f1a9f6b724f02898b07b3411589e784301935a17d8","งานดันท่อลอด  4-Ø110 มม. HDPE PE80 PN8 (HDD)","งานดันท่อลอด 4-Ø110 มม. HDPE PE80 PN8 (HDD)","งานดันท่อลอด 4-Ø110 มม. HDPE PE80 PN8 (HDD)","งานดันท่อลอด 4-Ø110 มม. HDPE PE80 PN8 (HDD)","งานดันท่อลอด 4-Ø110 มม. HDPE PE80 PN8 (HDD)","งานดันท่อลอด 4-Ø110 มม. HDPE PE80 PN8 (HDD)","ม.","ม.","ม.","ม.","ม.","ม.","3991","968","4959","3991","968","4959","3991","968","4959","equal","equal","equal","order_constrained_name_unit_source_ordinal","high","1","true","true","matched","false",""
"prod:04dff8e7-0581-40f0-8541-b3ca093f168c","stable_uuid","04dff8e7-0581-40f0-8541-b3ca093f168c","ITEM-0156","HDD-H08-004","HDD-H08-004","true","true","true","157","true","false","true","189","188","273","true","8","1","3","p08:t1:r3:display-4","cdd1b9058b08feb107aa4e552f12ddbc2cb001b30d393edfa9f0bc583990bcf2","งานดันท่อลอด  6-Ø110 มม. HDPE PE80 PN8 (HDD)","งานดันท่อลอด 6-Ø110 มม. HDPE PE80 PN8 (HDD)","งานดันท่อลอด 6-Ø110 มม. HDPE PE80 PN8 (HDD)","งานดันท่อลอด 6-Ø110 มม. HDPE PE80 PN8 (HDD)","งานดันท่อลอด 6-Ø110 มม1.. HงาDนPวEา PงทE8่อ0ร ้อPยNส8า ย(HสDื่อDส)า ร ใต้ดิน หุ้มคอนกรีตเสริมเหล็ก (ค.ส.ล.)","งานดันท่อลอด 6-Ø110 มม1.. HงาDนPวEา PงทE8่อ0ร ้อPยNส8า ย(HสDื่อDส)า ร ใต้ดิน หุ้มคอนกรีตเสริมเหล็ก (ค.ส.ล.)","ม.","ม.","ม.","ม.","ม.","ม.","4809","1167","5976","4809","1167","5976","4809","1167","5976","equal","equal","equal","order_constrained_name_unit_source_ordinal","medium","0.333333","true","true","matched","false","repeated_page_header_description_overlay"
"prod:5fb1401a-9986-415a-b093-a1b25916bc7c","stable_uuid","5fb1401a-9986-415a-b093-a1b25916bc7c","ITEM-0157","HDD-H08-005","HDD-H08-005","true","true","true","158","true","false","true","190","189","274","true","8","1","4","p08:t1:r4:display-5","f8f61042c4f833a17789897bb4e005664fc882a14bac9a97425971c37fa2d731","งานดันท่อลอด  7-Ø110 มม. HDPE PE80 PN8 (HDD)","งานดันท่อลอด 7-Ø110 มม. HDPE PE80 PN8 (HDD)","งานดันท่อลอด 7-Ø110 มม. HDPE PE80 PN8 (HDD)","งานดันท่อลอด 7-Ø110 มม. HDPE PE80 PN8 (HDD)","งานดันท่อลอด 7-Ø110 มม. HDPE PE80 PN8 (HDD)","งานดันท่อลอด 7-Ø110 มม. HDPE PE80 PN8 (HDD)","ม.","ม.","ม.","ม.","ม.","ม.","5294","1284","6578","5294","1284","6578","5294","1284","6578","equal","equal","equal","order_constrained_name_unit_source_ordinal","high","1","true","true","matched","false",""
"prod:df79d8d3-5bb3-4ff9-9a02-acc02f9a1e4e","stable_uuid","df79d8d3-5bb3-4ff9-9a02-acc02f9a1e4e","ITEM-0158","HDD-H08-006","HDD-H08-006","true","true","true","159","true","false","true","191","190","275","true","8","1","5","p08:t1:r5:display-6","c2172087de97f5a603e1dd537e5d07d31cc7c382453f114460a514c551d3f504","งานดันท่อลอด  8-Ø110 มม. HDPE PE80 PN8 (HDD)","งานดันท่อลอด 8-Ø110 มม. HDPE PE80 PN8 (HDD)","งานดันท่อลอด 8-Ø110 มม. HDPE PE80 PN8 (HDD)","งานดันท่อลอด 8-Ø110 มม. HDPE PE80 PN8 (HDD)","งานดันท่อลอด 8-Ø110 มม. HDPE PE80 PN8 (HDD)","งานดันท่อลอด 8-Ø110 มม. HDPE PE80 PN8 (HDD)","ม.","ม.","ม.","ม.","ม.","ม.","6554","1590","8144","6554","1590","8144","6554","1590","8144","equal","equal","equal","order_constrained_name_unit_source_ordinal","high","1","true","true","matched","false",""
"prod:74f5a4be-367b-4ce4-84ec-58b3d22caa8b","stable_uuid","74f5a4be-367b-4ce4-84ec-58b3d22caa8b","ITEM-0159","HDD-H08-007","HDD-H08-007","true","true","true","160","true","false","true","192","191","276","true","8","1","6","p08:t1:r6:display-7","7537ed4c179969b6739ed4eb4892be602a112d71e0e36eca90addbcb60d133de","งานดันท่อลอด  9-Ø110 มม. HDPE PE80 PN8 (HDD)","งานดันท่อลอด 9-Ø110 มม. HDPE PE80 PN8 (HDD)","งานดันท่อลอด 9-Ø110 มม. HDPE PE80 PN8 (HDD)","งานดันท่อลอด 9-Ø110 มม. HDPE PE80 PN8 (HDD)","งานดันท่อลอด 9-Ø110 มม. HDPE PE80 PN8 (HDD)","งานดันท่อลอด 9-Ø110 มม. HDPE PE80 PN8 (HDD)","ม.","ม.","ม.","ม.","ม.","ม.","6250","1516","7766","6250","1516","7766","6250","1516","7766","equal","equal","equal","order_constrained_name_unit_source_ordinal","high","1","true","true","matched","false",""
"prod:1b1b70dd-f7df-49f7-a3ca-0a7f47bf8292","stable_uuid","1b1b70dd-f7df-49f7-a3ca-0a7f47bf8292","ITEM-0160","HDD-H08-008","HDD-H08-008","true","true","true","161","true","false","true","193","192","277","true","8","1","7","p08:t1:r7:display-8","27d189ca4392704a34862327f7c9f2395eb632aac420838bc4b88b530a69baa8","งานดันท่อลอด  12-Ø110 มม. HDPE PE80 PN8 (HDD)","งานดันท่อลอด 12-Ø110 มม. HDPE PE80 PN8 (HDD)","งานดันท่อลอด 12-Ø110 มม. HDPE PE80 PN8 (HDD)","งานดันท่อลอด 12-Ø110 มม. HDPE PE80 PN8 (HDD)","งานดันท่อลอด 12-Ø110 มม. HDPE PE80 PN8 (HDD)","งานดันท่อลอด 12-Ø110 มม. HDPE PE80 PN8 (HDD)","ม.","ม.","ม.","ม.","ม.","ม.","7554","1833","9387","7554","1833","9387","7554","1833","9387","equal","equal","equal","order_constrained_name_unit_source_ordinal","high","1","true","true","matched","false",""
"prod:267eb575-c739-4ba8-be86-3d9a723f75dd","stable_uuid","267eb575-c739-4ba8-be86-3d9a723f75dd","ITEM-0161","HDD-H08-009","HDD-H08-009","true","true","true","162","true","false","true","194","193","278","true","8","1","8","p08:t1:r8:display-9","60e35d586ceec770c2abf06d8d7006dd237a6c6cbb52a2c371898a2e1e38a9e7","งานดันท่อลอด  18-Ø110 มม. HDPE PE80 PN8 (HDD)","งานดันท่อลอด 18-Ø110 มม. HDPE PE80 PN8 (HDD)","งานดันท่อลอด 18-Ø110 มม. HDPE PE80 PN8 (HDD)","งานดันท่อลอด 18-Ø110 มม. HDPE PE80 PN8 (HDD)","งานดันท่อลอด 18-Ø110 มม. HDPE PE80 PN8 (HDD)","งานดันท่อลอด 18-Ø110 มม. HDPE PE80 PN8 (HDD)","ม.","ม.","ม.","ม.","ม.","ม.","10333","2506","12839","10333","2506","12839","10333","2506","12839","equal","equal","equal","order_constrained_name_unit_source_ordinal","high","1","true","true","matched","false",""
"prod:fb260361-b695-4e37-8e2a-20962eec5d90","stable_uuid","fb260361-b695-4e37-8e2a-20962eec5d90","ITEM-0162","HDD-H08-010","HDD-H08-010","true","true","true","163","true","false","true","195","194","279","true","8","1","9","p08:t1:r9:display-10","d854bf03fc7ec3d3c484a7ad5d1f7723703850e8c85155272f2a41d9668dc39f","งานดันท่อลอด  24-Ø110 มม. HDPE PE80 PN8 (HDD)","งานดันท่อลอด 24-Ø110 มม. HDPE PE80 PN8 (HDD)","งานดันท่อลอด 24-Ø110 มม. HDPE PE80 PN8 (HDD)","งานดันท่อลอด 24-Ø110 มม. HDPE PE80 PN8 (HDD)","งานดันท่อลอด 24-Ø110 มม. HDPE PE80 PN8 (HDD)","งานดันท่อลอด 24-Ø110 มม. HDPE PE80 PN8 (HDD)","ม.","ม.","ม.","ม.","ม.","ม.","12973","3147","16120","12973","3147","16120","12973","3147","16120","equal","equal","equal","order_constrained_name_unit_source_ordinal","high","1","true","true","matched","false",""
"prod:b5b39d4b-8c42-4aa3-98bb-07793f01b2f5","stable_uuid","b5b39d4b-8c42-4aa3-98bb-07793f01b2f5","ITEM-0163","HDD-H08-011","HDD-H08-011","true","true","true","164","true","false","true","196","195","280","true","8","1","10","p08:t1:r10:display-11","7c31e3df7e7e302db25b1db046a8a975eca3cb86a6047bcef5a67b7578e9f49d","งานดันท่อลอด  2-Ø125 มม. HDPE PE80 PN8 (HDD)","งานดันท่อลอด 2-Ø125 มม. HDPE PE80 PN8 (HDD)","งานดันท่อลอด 2-Ø125 มม. HDPE PE80 PN8 (HDD)","งานดันท่อลอด 2-Ø125 มม. HDPE PE80 PN8 (HDD)","งานดันท่อลอด 2-Ø125 มม. HDPE PE80 PN8 (HDD)","งานดันท่อลอด 2-Ø125 มม. HDPE PE80 PN8 (HDD)","ม.","ม.","ม.","ม.","ม.","ม.","2519","611","3130","2519","611","3130","2519","611","3130","equal","equal","equal","order_constrained_name_unit_source_ordinal","high","1","true","true","matched","false",""
"prod:ec5b22ac-81a5-4f19-a881-ea8146997fef","stable_uuid","ec5b22ac-81a5-4f19-a881-ea8146997fef","ITEM-0164","HDD-H08-012","HDD-H08-012","true","true","true","165","true","false","true","197","196","281","true","8","1","11","p08:t1:r11:display-12","36e816f6d461387aca50271949dbcc0743dce1872640d491b007a73ec08017be","งานดันท่อลอด  3-Ø125 มม. HDPE PE80 PN8 (HDD)","งานดันท่อลอด 3-Ø125 มม. HDPE PE80 PN8 (HDD)","งานดันท่อลอด 3-Ø125 มม. HDPE PE80 PN8 (HDD)","งานดันท่อลอด 3-Ø125 มม. HDPE PE80 PN8 (HDD)","งานดันท่อลอด 3-Ø125 มม. HDPE PE80 PN8 (HDD)","งานดันท่อลอด 3-Ø125 มม. HDPE PE80 PN8 (HDD)","ม.","ม.","ม.","ม.","ม.","ม.","5045","1224","6269","5045","1224","6269","5045","1224","6269","equal","equal","equal","order_constrained_name_unit_source_ordinal","high","1","true","true","matched","false",""
"prod:b4aff872-03c8-4f31-b66f-826922693811","stable_uuid","b4aff872-03c8-4f31-b66f-826922693811","ITEM-0165","HDD-H08-013","HDD-H08-013","true","true","true","166","true","false","true","198","197","282","true","8","1","12","p08:t1:r12:display-13","d41cf3a9b706bf996bad310b2acc15f346e3b372e4fc4bbb73df5ed6a0d68ecc","งานดันท่อลอด  4-Ø125 มม. HDPE PE80 PN8 (HDD)","งานดันท่อลอด 4-Ø125 มม. HDPE PE80 PN8 (HDD)","งานดันท่อลอด 4-Ø125 มม. HDPE PE80 PN8 (HDD)","งานดันท่อลอด 4-Ø125 มม. HDPE PE80 PN8 (HDD)","งานดันท่อลอด 4-Ø125 มม. HDPE PE80 PN8 (HDD)","งานดันท่อลอด 4-Ø125 มม. HDPE PE80 PN8 (HDD)","ม.","ม.","ม.","ม.","ม.","ม.","5289","1283","6572","5289","1283","6572","5289","1283","6572","equal","equal","equal","order_constrained_name_unit_source_ordinal","high","1","true","true","matched","false",""
"prod:c09963b2-1e31-4112-ae42-63a6759b17b2","stable_uuid","c09963b2-1e31-4112-ae42-63a6759b17b2","ITEM-0166","HDD-H08-014","HDD-H08-014","true","true","true","167","true","false","true","199","198","283","true","8","1","13","p08:t1:r13:display-14","45282f1549264629df30181e14a882316ade2aae594b07f7a8eee7ecbef7e0e7","งานดันท่อลอด  6-Ø125 มม. HDPE PE80 PN8 (HDD)","งานดันท่อลอด 6-Ø125 มม. HDPE PE80 PN8 (HDD)","งานดันท่อลอด 6-Ø125 มม. HDPE PE80 PN8 (HDD)","งานดันท่อลอด 6-Ø125 มม. HDPE PE80 PN8 (HDD)","งานดันท่อลอด 6-Ø125 มม. HDPE PE80 PN8 (HDD)","งานดันท่อลอด 6-Ø125 มม. HDPE PE80 PN8 (HDD)","ม.","ม.","ม.","ม.","ม.","ม.","7230","1754","8984","7230","1754","8984","7230","1754","8984","equal","equal","equal","order_constrained_name_unit_source_ordinal","high","1","true","true","matched","false",""
"prod:a6741c87-8a6e-491b-a36f-7361afa5a6c6","stable_uuid","a6741c87-8a6e-491b-a36f-7361afa5a6c6","ITEM-0167","HDD-H08-015","HDD-H08-015","true","true","true","168","true","false","true","200","199","284","true","8","1","14","p08:t1:r14:display-15","c519b02636f812e03d1987fc23ebaf01f1028b14fa0c0e1617c1fae48dcaa3fa","งานดันท่อลอด  7-Ø125 มม. HDPE PE80 PN8 (HDD)","งานดันท่อลอด 7-Ø125 มม. HDPE PE80 PN8 (HDD)","งานดันท่อลอด 7-Ø125 มม. HDPE PE80 PN8 (HDD)","งานดันท่อลอด 7-Ø125 มม. HDPE PE80 PN8 (HDD)","งานดันท่อลอด 7-Ø125 มม. HDPE PE80 PN8 (HDD)","งานดันท่อลอด 7-Ø125 มม. HDPE PE80 PN8 (HDD)","ม.","ม.","ม.","ม.","ม.","ม.","8721","2116","10837","8721","2116","10837","8721","2116","10837","equal","equal","equal","order_constrained_name_unit_source_ordinal","high","1","true","true","matched","false",""
"prod:82deeed6-a85a-495a-a1f3-1ada3fe1754b","stable_uuid","82deeed6-a85a-495a-a1f3-1ada3fe1754b","ITEM-0168","HDD-H08-016","HDD-H08-016","true","true","true","169","true","false","true","201","200","285","true","8","1","15","p08:t1:r15:display-16","8c3cb764a2692dfbc80a6779a59c39cbe88c257a22f71282cf15d72cced59d94","งานดันท่อลอด  8-Ø125 มม. HDPE PE80 PN8 (HDD)","งานดันท่อลอด 8-Ø125 มม. HDPE PE80 PN8 (HDD)","งานดันท่อลอด 8-Ø125 มม. HDPE PE80 PN8 (HDD)","งานดันท่อลอด 8-Ø125 มม. HDPE PE80 PN8 (HDD)","งานดันท่อลอด 8-Ø125 มม. HDPE PE80 PN8 (HDD)","งานดันท่อลอด 8-Ø125 มม. HDPE PE80 PN8 (HDD)","ม.","ม.","ม.","ม.","ม.","ม.","9092","2205","11297","9092","2205","11297","9092","2205","11297","equal","equal","equal","order_constrained_name_unit_source_ordinal","high","1","true","true","matched","false",""
"prod:68bdd054-30c0-4d61-9111-850a63cb473d","stable_uuid","68bdd054-30c0-4d61-9111-850a63cb473d","ITEM-0169","HDD-H08-017","HDD-H08-017","true","true","true","170","true","false","true","202","201","286","true","8","1","16","p08:t1:r16:display-17","281228ad4b4ef8f6872c4eefc22b88ecc693ac1e9278be4d545e99d325fed28a","งานดันท่อลอด  9-Ø125 มม. HDPE PE80 PN8 (HDD)","งานดันท่อลอด 9-Ø125 มม. HDPE PE80 PN8 (HDD)","งานดันท่อลอด 9-Ø125 มม. HDPE PE80 PN8 (HDD)","งานดันท่อลอด 9-Ø125 มม. HDPE PE80 PN8 (HDD)","งานดันท่อลอด 9-Ø125 มม. HDPE PE80 PN8 (HDD)","งานดันท่อลอด 9-Ø125 มม. HDPE PE80 PN8 (HDD)","ม.","ม.","ม.","ม.","ม.","ม.","10876","2638","13514","10876","2638","13514","10876","2638","13514","equal","equal","equal","order_constrained_name_unit_source_ordinal","high","1","true","true","matched","false",""
"prod:8e78f9db-4a0a-4d68-9dc1-7d1dd9ada429","stable_uuid","8e78f9db-4a0a-4d68-9dc1-7d1dd9ada429","ITEM-0170","HDD-H08-018","HDD-H08-018","true","true","true","171","true","false","true","203","202","287","true","8","1","17","p08:t1:r17:display-18","7f92c05112590591627ee23e5c76758cc74b33b46bcc7a663510ec92be3f9cce","งานดันท่อลอด  12-Ø125 มม. HDPE PE80 PN8 (HDD)","งานดันท่อลอด 12-Ø125 มม. HDPE PE80 PN8 (HDD)","งานดันท่อลอด 12-Ø125 มม. HDPE PE80 PN8 (HDD)","งานดันท่อลอด 12-Ø125 มม. HDPE PE80 PN8 (HDD)","งานดันท่อลอด 12-Ø125 มม. HDPE PE80 PN8 (HDD)","งานดันท่อลอด 12-Ø125 มม. HDPE PE80 PN8 (HDD)","ม.","ม.","ม.","ม.","ม.","ม.","11730","2845","14575","11730","2845","14575","11730","2845","14575","equal","equal","equal","order_constrained_name_unit_source_ordinal","high","1","true","true","matched","false",""
"prod:fb44d2e8-a168-4e3b-921d-612affcba84f","stable_uuid","fb44d2e8-a168-4e3b-921d-612affcba84f","ITEM-0171","HDD-H08-019","HDD-H08-019","true","true","true","172","true","false","true","204","203","288","true","8","1","18","p08:t1:r18:display-19","df79cb25dce704a8d483557acc6e90d08330816acaeb3cdcc0f68604e68a0081","งานดันท่อลอด  16-Ø125 มม. HDPE PE80 PN8 (HDD)","งานดันท่อลอด 16-Ø125 มม. HDPE PE80 PN8 (HDD)","งานดันท่อลอด 16-Ø125 มม. HDPE PE80 PN8 (HDD)","งานดันท่อลอด 16-Ø125 มม. HDPE PE80 PN8 (HDD)","งานดันท่อลอด 16-Ø125 มม. HDPE PE80 PN8 (HDD)","งานดันท่อลอด 16-Ø125 มม. HDPE PE80 PN8 (HDD)","ม.","ม.","ม.","ม.","ม.","ม.","13756","3337","17093","13756","3337","17093","13756","3337","17093","equal","equal","equal","order_constrained_name_unit_source_ordinal","high","1","true","true","matched","false",""
"prod:ef677f21-31da-4f29-b1c9-e52b53977612","stable_uuid","ef677f21-31da-4f29-b1c9-e52b53977612","ITEM-0172","HDD-H08-020","HDD-H08-020","true","true","true","173","true","false","true","205","204","289","true","8","1","19","p08:t1:r19:display-20","4fb12910457faad1d85c05740e766a342cb7ad36e083c38a47b2485352fba6ba","งานดันท่อลอด  18-Ø125 มม. HDPE PE80 PN8 (HDD)","งานดันท่อลอด 18-Ø125 มม. HDPE PE80 PN8 (HDD)","งานดันท่อลอด 18-Ø125 มม. HDPE PE80 PN8 (HDD)","งานดันท่อลอด 18-Ø125 มม. HDPE PE80 PN8 (HDD)","งานดันท่อลอด 18-Ø125 มม. HDPE PE80 PN8 (HDD)","งานดันท่อลอด 18-Ø125 มม. HDPE PE80 PN8 (HDD)","ม.","ม.","ม.","ม.","ม.","ม.","17027","4131","21158","17027","4131","21158","17027","4131","21158","equal","equal","equal","order_constrained_name_unit_source_ordinal","high","1","true","true","matched","false",""
"prod:a673b6b1-e1f8-4df2-ae10-501176433e84","stable_uuid","a673b6b1-e1f8-4df2-ae10-501176433e84","ITEM-0173","HDD-H08-021","HDD-H08-021","true","true","true","174","true","false","true","206","205","290","true","8","1","20","p08:t1:r20:display-21","232afcb64391528f725924111a9d9d55895ed1c4c03c452031ade67c3f49e707","งานดันท่อลอด  24-Ø125 มม. HDPE PE80 PN8 (HDD)","งานดันท่อลอด 24-Ø125 มม. HDPE PE80 PN8 (HDD)","งานดันท่อลอด 24-Ø125 มม. HDPE PE80 PN8 (HDD)","งานดันท่อลอด 24-Ø125 มม. HDPE PE80 PN8 (HDD)","งานดันท่อลอด 24-Ø125 มม. HDPE PE80 PN8 (HDD)","งานดันท่อลอด 24-Ø125 มม. HDPE PE80 PN8 (HDD)","ม.","ม.","ม.","ม.","ม.","ม.","20206","4901","25107","20206","4901","25107","20206","4901","25107","equal","equal","equal","order_constrained_name_unit_source_ordinal","high","1","true","true","matched","false",""
"prod:742ca14c-5306-45b3-8f38-c76c8ad879e3","stable_uuid","742ca14c-5306-45b3-8f38-c76c8ad879e3","ITEM-0174","HDD-H08-022","HDD-H08-022","true","true","true","175","true","false","true","207","206","291","true","8","1","21","p08:t1:r21:display-22","2df1e2a84e6838c9eaf178a7c6a956b3a5067342385385d887e54abef80a2681","งานดันท่อลอด  32-Ø125 มม. HDPE PE80 PN8 (HDD)","งานดันท่อลอด 32-Ø125 มม. HDPE PE80 PN8 (HDD)","งานดันท่อลอด 32-Ø125 มม. HDPE PE80 PN8 (HDD)","งานดันท่อลอด 32-Ø125 มม. HDPE PE80 PN8 (HDD)","งานดันท่อลอด 32-Ø125 มม. HDPE PE80 PN8 (HDD)","งานดันท่อลอด 32-Ø125 มม. HDPE PE80 PN8 (HDD)","ม.","ม.","ม.","ม.","ม.","ม.","28594","6936","35530","28594","6936","35530","28594","6936","35530","equal","equal","equal","order_constrained_name_unit_source_ordinal","high","1","true","true","matched","false",""
"prod:c82bea76-723d-4d49-976c-75e7f5242843","stable_uuid","c82bea76-723d-4d49-976c-75e7f5242843","ITEM-0175","HDD-H08-023","HDD-H08-023","true","true","true","176","true","false","true","208","207","292","true","8","1","22","p08:t1:r22:display-23","7ad5adfb1d706a9597687491d99c00ca6815ec4c90f0707a83f8001059d83ff1","งานดันท่อลอด  34-Ø125 มม. HDPE PE80 PN8 (HDD)","งานดันท่อลอด 34-Ø125 มม. HDPE PE80 PN8 (HDD)","งานดันท่อลอด 34-Ø125 มม. HDPE PE80 PN8 (HDD)","งานดันท่อลอด 34-Ø125 มม. HDPE PE80 PN8 (HDD)","งานดันท่อลอด 34-Ø125 มม. HDPE PE80 PN8 (HDD)","งานดันท่อลอด 34-Ø125 มม. HDPE PE80 PN8 (HDD)","ม.","ม.","ม.","ม.","ม.","ม.","30381","7369","37750","30381","7369","37750","30381","7369","37750","equal","equal","equal","order_constrained_name_unit_source_ordinal","high","1","true","true","matched","false",""
"prod:f0ae30fb-5234-4ca1-87fc-33cf384c6d90","stable_uuid","f0ae30fb-5234-4ca1-87fc-33cf384c6d90","ITEM-0176","HDD-H08-024","HDD-H08-024","true","true","true","177","true","false","true","209","208","293","true","8","1","23","p08:t1:r23:display-24","cec7d6a6b2856589fbe456116378bd9322e6acfb75bf51a7128faf7bec46228a","งานดันท่อลอด  36-Ø125 มม. HDPE PE80 PN8 (HDD)","งานดันท่อลอด 36-Ø125 มม. HDPE PE80 PN8 (HDD)","งานดันท่อลอด 36-Ø125 มม. HDPE PE80 PN8 (HDD)","งานดันท่อลอด 36-Ø125 มม. HDPE PE80 PN8 (HDD)","งานดันท่อลอด 36-Ø125 มม. HDPE PE80 PN8 (HDD)","งานดันท่อลอด 36-Ø125 มม. HDPE PE80 PN8 (HDD)","ม.","ม.","ม.","ม.","ม.","ม.","32209","7812","40021","32209","7812","40021","32209","7812","40021","equal","equal","equal","order_constrained_name_unit_source_ordinal","high","1","true","true","matched","false",""
"prod:1a98b39c-12c2-4e1a-856b-4820df7a4b22","stable_uuid","1a98b39c-12c2-4e1a-856b-4820df7a4b22","ITEM-0177","HDD-H10-001","HDD-H10-001","true","true","true","178","true","false","true","210","209","296","true","8","1","26","p08:t1:r26:display-1","432710c008a2cb625e3f9f2c2873b00ae561cce43af96b700eee18be181bcadd","งานดันท่อลอด  1-Ø110 มม. HDPE PE80 PN10 (HDD)","งานดันท่อลอด 1-Ø110 มม. HDPE PE80 PN10 (HDD)","งานดันท่อลอด 1-Ø110 มม. HDPE PE80 PN10 (HDD)","งานดันท่อลอด 1-Ø110 มม. HDPE PE80 PN10 (HDD)","งานดันท่อลอด 1-Ø110 มม. HDPE PE80 PN10 (HDD)","งานดันท่อลอด 1-Ø110 มม. HDPE PE80 PN10 (HDD)","ม.","ม.","ม.","ม.","ม.","ม.","2426","588","3014","2426","588","3014","2426","588","3014","equal","equal","equal","order_constrained_name_unit_source_ordinal","high","1","true","true","matched","false",""
"prod:95658df3-1254-4d18-b089-6587580f2da1","stable_uuid","95658df3-1254-4d18-b089-6587580f2da1","ITEM-0178","HDD-H10-002","HDD-H10-002","true","true","true","179","true","false","true","211","210","297","true","8","1","27","p08:t1:r27:display-2","4c220a7ed8bb5c326c1e39120b28afa2358a29bf15727da42a57beb48b203e1f","งานดันท่อลอด  2-Ø110 มม. HDPE PE80 PN10 (HDD)","งานดันท่อลอด 2-Ø110 มม. HDPE PE80 PN10 (HDD)","งานดันท่อลอด 2-Ø110 มม. HDPE PE80 PN10 (HDD)","งานดันท่อลอด 2-Ø110 มม. HDPE PE80 PN10 (HDD)","งานดันท่อลอด 2-Ø110 มม. HDPE PE80 PN10 (HDD)","งานดันท่อลอด 2-Ø110 มม. HDPE PE80 PN10 (HDD)","ม.","ม.","ม.","ม.","ม.","ม.","2596","630","3226","2596","630","3226","2596","630","3226","equal","equal","equal","order_constrained_name_unit_source_ordinal","high","1","true","true","matched","false",""
"prod:2fdd0c0d-016a-4f3c-92e7-d05a5925fe41","stable_uuid","2fdd0c0d-016a-4f3c-92e7-d05a5925fe41","ITEM-0179","HDD-H10-003","HDD-H10-003","true","true","true","180","true","false","true","212","211","298","true","8","1","28","p08:t1:r28:display-3","66b2dbb19dfe3e53750d464a1adc74801811814de058a46962cfe2cecbead290","งานดันท่อลอด  3-Ø110 มม. HDPE PE80 PN10 (HDD)","งานดันท่อลอด 3-Ø110 มม. HDPE PE80 PN10 (HDD)","งานดันท่อลอด 3-Ø110 มม. HDPE PE80 PN10 (HDD)","งานดันท่อลอด 3-Ø110 มม. HDPE PE80 PN10 (HDD)","งานดันท่อลอด 3-Ø110 มม. HDPE PE80 PN10 (HDD)","งานดันท่อลอด 3-Ø110 มม. HDPE PE80 PN10 (HDD)","ม.","ม.","ม.","ม.","ม.","ม.","3399","825","4224","3399","825","4224","3399","825","4224","equal","equal","equal","order_constrained_name_unit_source_ordinal","high","1","true","true","matched","false",""
"prod:be00df3a-418a-434a-a54d-94de20583e42","stable_uuid","be00df3a-418a-434a-a54d-94de20583e42","ITEM-0180","HDD-H10-004","HDD-H10-004","true","true","true","181","true","false","true","213","212","299","true","8","1","29","p08:t1:r29:display-4","dcc3b35631d15bc64737f98ad2c1245455d5d12575f0994161ef2d76535d48b6","งานดันท่อลอด  4-Ø110 มม. HDPE PE80 PN10 (HDD)","งานดันท่อลอด 4-Ø110 มม. HDPE PE80 PN10 (HDD)","งานดันท่อลอด 4-Ø110 มม. HDPE PE80 PN10 (HDD)","งานดันท่อลอด 4-Ø110 มม. HDPE PE80 PN10 (HDD)","งานดันท่อลอด 4-Ø110 มม. HDPE PE80 PN10 (HDD)","งานดันท่อลอด 4-Ø110 มม. HDPE PE80 PN10 (HDD)","ม.","ม.","ม.","ม.","ม.","ม.","4201","1019","5220","4201","1019","5220","4201","1019","5220","equal","equal","equal","order_constrained_name_unit_source_ordinal","high","1","true","true","matched","false",""
"prod:172de182-ef88-42db-b03a-1fab48315702","stable_uuid","172de182-ef88-42db-b03a-1fab48315702","ITEM-0181","HDD-H10-005","HDD-H10-005","true","true","true","182","true","false","true","214","213","300","true","8","1","30","p08:t1:r30:display-5","076d29bb5620d8fab12f5d63b4948d73510274a07ed411fc2577b751530cb5f6","งานดันท่อลอด  6-Ø110 มม. HDPE PE80 PN10 (HDD)","งานดันท่อลอด 6-Ø110 มม. HDPE PE80 PN10 (HDD)","งานดันท่อลอด 6-Ø110 มม. HDPE PE80 PN10 (HDD)","งานดันท่อลอด 6-Ø110 มม. HDPE PE80 PN10 (HDD)","งานดันท่อลอด 6-Ø110 มม. HDPE PE80 PN10 (HDD)","งานดันท่อลอด 6-Ø110 มม. HDPE PE80 PN10 (HDD)","ม.","ม.","ม.","ม.","ม.","ม.","5062","1228","6290","5062","1228","6290","5062","1228","6290","equal","equal","equal","order_constrained_name_unit_source_ordinal","high","1","true","true","matched","false",""
"prod:ed605029-ab6f-407d-89e8-fcf298d3a7cf","stable_uuid","ed605029-ab6f-407d-89e8-fcf298d3a7cf","ITEM-0182","HDD-H10-006","HDD-H10-006","true","true","true","183","true","false","true","215","214","301","true","8","1","31","p08:t1:r31:display-6","2db92180205440c61ca01c11d3cd6cf3c86cdca77838039fac317ab2b10bf8ef","งานดันท่อลอด  7-Ø110 มม. HDPE PE80 PN10 (HDD)","งานดันท่อลอด 7-Ø110 มม. HDPE PE80 PN10 (HDD)","งานดันท่อลอด 7-Ø110 มม. HDPE PE80 PN10 (HDD)","งานดันท่อลอด 7-Ø110 มม. HDPE PE80 PN10 (HDD)","งานดันท่อลอด 7-Ø110 มม. HDPE PE80 PN10 (HDD)","งานดันท่อลอด 7-Ø110 มม. HDPE PE80 PN10 (HDD)","ม.","ม.","ม.","ม.","ม.","ม.","5572","1352","6924","5572","1352","6924","5572","1352","6924","equal","equal","equal","order_constrained_name_unit_source_ordinal","high","1","true","true","matched","false",""
"prod:98f38f71-0b01-4f48-9bf8-c421fead3395","stable_uuid","98f38f71-0b01-4f48-9bf8-c421fead3395","ITEM-0183","HDD-H10-007","HDD-H10-007","true","true","true","184","true","false","true","216","215","302","true","8","1","32","p08:t1:r32:display-7","036a2881ef47e6084ba0cba317d9e90424dc8770c1e3861c99f8fbb01a990f78","งานดันท่อลอด  8-Ø110 มม. HDPE PE80 PN10 (HDD)","งานดันท่อลอด 8-Ø110 มม. HDPE PE80 PN10 (HDD)","งานดันท่อลอด 8-Ø110 มม. HDPE PE80 PN10 (HDD)","งานดันท่อลอด 8-Ø110 มม. HDPE PE80 PN10 (HDD)","งานดันท่อลอด 8-Ø110 มม. HDPE PE80 PN10 (HDD)","งานดันท่อลอด 8-Ø110 มม. HDPE PE80 PN10 (HDD)","ม.","ม.","ม.","ม.","ม.","ม.","6045","1466","7511","6045","1466","7511","6045","1466","7511","equal","equal","equal","order_constrained_name_unit_source_ordinal","high","1","true","true","matched","false",""
"prod:d33382ed-d5cb-4e99-8536-aa93cf568203","stable_uuid","d33382ed-d5cb-4e99-8536-aa93cf568203","ITEM-0184","HDD-H10-008","HDD-H10-008","true","true","true","185","true","false","true","217","216","303","true","8","1","33","p08:t1:r33:display-8","2180bc286d59c5371a6a0942c1bbd1e1d0392d7de6a0bf33a5349a5a832115d8","งานดันท่อลอด  9-Ø110 มม. HDPE PE80 PN10 (HDD)","งานดันท่อลอด 9-Ø110 มม. HDPE PE80 PN10 (HDD)","งานดันท่อลอด 9-Ø110 มม. HDPE PE80 PN10 (HDD)","งานดันท่อลอด 9-Ø110 มม. HDPE PE80 PN10 (HDD)","งานดันท่อลอด 9-Ø110 มม. HDPE PE80 PN10 (HDD)","งานดันท่อลอด 9-Ø110 มม. HDPE PE80 PN10 (HDD)","ม.","ม.","ม.","ม.","ม.","ม.","6579","1596","8175","6579","1596","8175","6579","1596","8175","equal","equal","equal","order_constrained_name_unit_source_ordinal","high","1","true","true","matched","false",""
"prod:262c7bcb-1938-4e75-a4ce-663e8c55c93c","stable_uuid","262c7bcb-1938-4e75-a4ce-663e8c55c93c","ITEM-0185","HDD-H10-009","HDD-H10-009","true","true","true","186","true","false","true","218","217","304","true","9","1","3","p09:t1:r3:display-9","cd6db991d7be17c3e05452f411b5e87e1371181e5fb9007f1f94b6010807506b","งานดันท่อลอด  12-Ø110 มม. HDPE PE80 PN10 (HDD)","งานดันท่อลอด 12-Ø110 มม. HDPE PE80 PN10 (HDD)","งานดันท่อลอด 12-Ø110 มม. HDPE PE80 PN10 (HDD)","งานดันท่อลอด 12-Ø110 มม. HDPE PE80 PN10 (HDD)","งานดันท่อลอด 12-Ø110 ม1ม. .ง HานDวPาEง PทE่อ8ร0้อ ยPสNา1ย0ส (ื่อHสDาDร)ใต้ดิน หุ้มคอนกรีตเสริมเหล็ก (ค.ส.ล.)","งานดันท่อลอด 12-Ø110 ม1ม. .ง HานDวPาEง PทE่อ8ร0้อ ยPสNา1ย0ส (ื่อHสDาDร)ใต้ดิน หุ้มคอนกรีตเสริมเหล็ก (ค.ส.ล.)","ม.","ม.","ม.","ม.","ม.","ม.","7953","1929","9882","7953","1929","9882","7953","1929","9882","equal","equal","equal","order_constrained_name_unit_source_ordinal","medium","0.306452","true","true","matched","false","repeated_page_header_description_overlay"
"prod:71fb4072-c790-4bf5-9b06-0606984b05e0","stable_uuid","71fb4072-c790-4bf5-9b06-0606984b05e0","ITEM-0186","HDD-H10-010","HDD-H10-010","true","true","true","187","true","false","true","219","218","305","true","9","1","4","p09:t1:r4:display-10","f9bb9636a2651867a0778a6fc5108f6e21a6925613f2990a90648f0682544807","งานดันท่อลอด  18-Ø110 มม. HDPE PE80 PN10 (HDD)","งานดันท่อลอด 18-Ø110 มม. HDPE PE80 PN10 (HDD)","งานดันท่อลอด 18-Ø110 มม. HDPE PE80 PN10 (HDD)","งานดันท่อลอด 18-Ø110 มม. HDPE PE80 PN10 (HDD)","งานดันท่อลอด 18-Ø110 มม. HDPE PE80 PN10 (HDD)","งานดันท่อลอด 18-Ø110 มม. HDPE PE80 PN10 (HDD)","ม.","ม.","ม.","ม.","ม.","ม.","10877","2638","13515","10877","2638","13515","10877","2638","13515","equal","equal","equal","order_constrained_name_unit_source_ordinal","high","1","true","true","matched","false",""
"prod:2a4abbfe-9016-4795-8a38-cc6ac630cc67","stable_uuid","2a4abbfe-9016-4795-8a38-cc6ac630cc67","ITEM-0187","HDD-H10-011","HDD-H10-011","true","true","true","188","true","false","true","220","219","306","true","9","1","5","p09:t1:r5:display-11","8b99f7e5db38fcbc14cbb0228e4014768c1b282229e8406c2e73459a8a98a2b0","งานดันท่อลอด  24-Ø110 มม. HDPE PE80 PN10 (HDD)","งานดันท่อลอด 24-Ø110 มม. HDPE PE80 PN10 (HDD)","งานดันท่อลอด 24-Ø110 มม. HDPE PE80 PN10 (HDD)","งานดันท่อลอด 24-Ø110 มม. HDPE PE80 PN10 (HDD)","งานดันท่อลอด 24-Ø110 มม. HDPE PE80 PN10 (HDD)","งานดันท่อลอด 24-Ø110 มม. HDPE PE80 PN10 (HDD)","ม.","ม.","ม.","ม.","ม.","ม.","13656","3313","16969","13656","3313","16969","13656","3313","16969","equal","equal","equal","order_constrained_name_unit_source_ordinal","high","1","true","true","matched","false",""
"prod:531f399d-c94e-4ee8-9f46-633911fa4802","stable_uuid","531f399d-c94e-4ee8-9f46-633911fa4802","ITEM-0188","HDD-H10-012","HDD-H10-012","true","true","true","189","true","false","true","221","220","307","true","9","1","6","p09:t1:r6:display-12","32fad4e14ac4193228c3008dd9d1244d2b0899437da2a58e4f63ebbe8dff4081","งานดันท่อลอด  2-Ø125 มม. HDPE PE80 PN10 (HDD)","งานดันท่อลอด 2-Ø125 มม. HDPE PE80 PN10 (HDD)","งานดันท่อลอด 2-Ø125 มม. HDPE PE80 PN10 (HDD)","งานดันท่อลอด 2-Ø125 มม. HDPE PE80 PN10 (HDD)","งานดันท่อลอด 2-Ø125 มม. HDPE PE80 PN10 (HDD)","งานดันท่อลอด 2-Ø125 มม. HDPE PE80 PN10 (HDD)","ม.","ม.","ม.","ม.","ม.","ม.","3471","842","4313","3471","842","4313","3471","842","4313","equal","equal","equal","order_constrained_name_unit_source_ordinal","high","1","true","true","matched","false",""
"prod:6106c7ea-8269-4b72-bc3a-f9fe39ae8c9b","stable_uuid","6106c7ea-8269-4b72-bc3a-f9fe39ae8c9b","ITEM-0189","HDD-H10-013","HDD-H10-013","true","true","true","190","true","false","true","222","221","308","true","9","1","7","p09:t1:r7:display-13","ac96ccf28db939daaaedacdca55f44dfb8a1b38aae84d4256055de9877728506","งานดันท่อลอด  3-Ø125 มม. HDPE PE80 PN10 (HDD)","งานดันท่อลอด 3-Ø125 มม. HDPE PE80 PN10 (HDD)","งานดันท่อลอด 3-Ø125 มม. HDPE PE80 PN10 (HDD)","งานดันท่อลอด 3-Ø125 มม. HDPE PE80 PN10 (HDD)","งานดันท่อลอด 3-Ø125 มม. HDPE PE80 PN10 (HDD)","งานดันท่อลอด 3-Ø125 มม. HDPE PE80 PN10 (HDD)","ม.","ม.","ม.","ม.","ม.","ม.","5310","1288","6598","5310","1288","6598","5310","1288","6598","equal","equal","equal","order_constrained_name_unit_source_ordinal","high","1","true","true","matched","false",""
"prod:aa2e8c07-74ea-4e83-94e8-1b99e2a277ab","stable_uuid","aa2e8c07-74ea-4e83-94e8-1b99e2a277ab","ITEM-0190","HDD-H10-014","HDD-H10-014","true","true","true","191","true","false","true","223","222","309","true","9","1","8","p09:t1:r8:display-14","fcc00a11444a0fc72758faa3ffbb3c348275a8ad5090336cea59a260356bcce5","งานดันท่อลอด  4-Ø125 มม. HDPE PE80 PN10 (HDD)","งานดันท่อลอด 4-Ø125 มม. HDPE PE80 PN10 (HDD)","งานดันท่อลอด 4-Ø125 มม. HDPE PE80 PN10 (HDD)","งานดันท่อลอด 4-Ø125 มม. HDPE PE80 PN10 (HDD)","งานดันท่อลอด 4-Ø125 มม. HDPE PE80 PN10 (HDD)","งานดันท่อลอด 4-Ø125 มม. HDPE PE80 PN10 (HDD)","ม.","ม.","ม.","ม.","ม.","ม.","5567","1350","6917","5567","1350","6917","5567","1350","6917","equal","equal","equal","order_constrained_name_unit_source_ordinal","high","1","true","true","matched","false",""
"prod:a9d1a78c-71cd-4cb2-bb51-a7a3345b552e","stable_uuid","a9d1a78c-71cd-4cb2-bb51-a7a3345b552e","ITEM-0191","HDD-H10-015","HDD-H10-015","true","true","true","192","true","false","true","224","223","310","true","9","1","9","p09:t1:r9:display-15","f42fe8c665d33874eab967ff47e7574ef6c500ea4a17b00078341f08799432ea","งานดันท่อลอด  6-Ø125 มม. HDPE PE80 PN10 (HDD)","งานดันท่อลอด 6-Ø125 มม. HDPE PE80 PN10 (HDD)","งานดันท่อลอด 6-Ø125 มม. HDPE PE80 PN10 (HDD)","งานดันท่อลอด 6-Ø125 มม. HDPE PE80 PN10 (HDD)","งานดันท่อลอด 6-Ø125 มม. HDPE PE80 PN10 (HDD)","งานดันท่อลอด 6-Ø125 มม. HDPE PE80 PN10 (HDD)","ม.","ม.","ม.","ม.","ม.","ม.","7611","1846","9457","7611","1846","9457","7611","1846","9457","equal","equal","equal","order_constrained_name_unit_source_ordinal","high","1","true","true","matched","false",""
"prod:ff9a3223-2a05-4cc4-be19-f165b61c6fa9","stable_uuid","ff9a3223-2a05-4cc4-be19-f165b61c6fa9","ITEM-0192","HDD-H10-016","HDD-H10-016","true","true","true","193","true","false","true","225","224","311","true","9","1","10","p09:t1:r10:display-16","0ac4271ed916bf361e7f3b7229f1db3a7fde1caaa1a7baf3076894c85edf2020","งานดันท่อลอด  7-Ø125 มม. HDPE PE80 PN10 (HDD)","งานดันท่อลอด 7-Ø125 มม. HDPE PE80 PN10 (HDD)","งานดันท่อลอด 7-Ø125 มม. HDPE PE80 PN10 (HDD)","งานดันท่อลอด 7-Ø125 มม. HDPE PE80 PN10 (HDD)","งานดันท่อลอด 7-Ø125 มม. HDPE PE80 PN10 (HDD)","งานดันท่อลอด 7-Ø125 มม. HDPE PE80 PN10 (HDD)","ม.","ม.","ม.","ม.","ม.","ม.","9180","2227","11407","9180","2227","11407","9180","2227","11407","equal","equal","equal","order_constrained_name_unit_source_ordinal","high","1","true","true","matched","false",""
"prod:44867bee-b7b8-404e-a174-b6f9eb2648cb","stable_uuid","44867bee-b7b8-404e-a174-b6f9eb2648cb","ITEM-0193","HDD-H10-017","HDD-H10-017","true","true","true","194","true","false","true","226","225","312","true","9","1","11","p09:t1:r11:display-17","bba5ed6383cbbbf59b808d712267a673e0858e9b94f3dbed5e5e3f8c3fd812b7","งานดันท่อลอด  8-Ø125 มม. HDPE PE80 PN10 (HDD)","งานดันท่อลอด 8-Ø125 มม. HDPE PE80 PN10 (HDD)","งานดันท่อลอด 8-Ø125 มม. HDPE PE80 PN10 (HDD)","งานดันท่อลอด 8-Ø125 มม. HDPE PE80 PN10 (HDD)","งานดันท่อลอด 8-Ø125 มม. HDPE PE80 PN10 (HDD)","งานดันท่อลอด 8-Ø125 มม. HDPE PE80 PN10 (HDD)","ม.","ม.","ม.","ม.","ม.","ม.","9570","2321","11891","9570","2321","11891","9570","2321","11891","equal","equal","equal","order_constrained_name_unit_source_ordinal","high","1","true","true","matched","false",""
"prod:1700fc5a-a44f-43fa-abd5-ccb8ac185c3c","stable_uuid","1700fc5a-a44f-43fa-abd5-ccb8ac185c3c","ITEM-0194","HDD-H10-018","HDD-H10-018","true","true","true","195","true","false","true","227","226","313","true","9","1","12","p09:t1:r12:display-18","ce61fc38573605c5138607f6f5c5c16d3353d2a3501e89e401c5f4b7f1b77d0c","งานดันท่อลอด  9-Ø125 มม. HDPE PE80 PN10 (HDD)","งานดันท่อลอด 9-Ø125 มม. HDPE PE80 PN10 (HDD)","งานดันท่อลอด 9-Ø125 มม. HDPE PE80 PN10 (HDD)","งานดันท่อลอด 9-Ø125 มม. HDPE PE80 PN10 (HDD)","งานดันท่อลอด 9-Ø125 มม. HDPE PE80 PN10 (HDD)","งานดันท่อลอด 9-Ø125 มม. HDPE PE80 PN10 (HDD)","ม.","ม.","ม.","ม.","ม.","ม.","11448","2777","14225","11448","2777","14225","11448","2777","14225","equal","equal","equal","order_constrained_name_unit_source_ordinal","high","1","true","true","matched","false",""
"prod:d51b9b6f-7794-4cf7-b016-c990849463fa","stable_uuid","d51b9b6f-7794-4cf7-b016-c990849463fa","ITEM-0195","HDD-H10-019","HDD-H10-019","true","true","true","196","true","false","true","228","227","314","true","9","1","13","p09:t1:r13:display-19","7d63ba15d09a8dc3ed2a34e905fa3db1b4476cf175876e31e3c11273c00b9620","งานดันท่อลอด  12-Ø125 มม. HDPE PE80 PN10 (HDD)","งานดันท่อลอด 12-Ø125 มม. HDPE PE80 PN10 (HDD)","งานดันท่อลอด 12-Ø125 มม. HDPE PE80 PN10 (HDD)","งานดันท่อลอด 12-Ø125 มม. HDPE PE80 PN10 (HDD)","งานดันท่อลอด 12-Ø125 มม. HDPE PE80 PN10 (HDD)","งานดันท่อลอด 12-Ø125 มม. HDPE PE80 PN10 (HDD)","ม.","ม.","ม.","ม.","ม.","ม.","12171","2952","15123","12171","2952","15123","12171","2952","15123","equal","equal","equal","order_constrained_name_unit_source_ordinal","high","1","true","true","matched","false",""
"prod:25fcdffc-452e-4271-8c70-3e2bc813dad9","stable_uuid","25fcdffc-452e-4271-8c70-3e2bc813dad9","ITEM-0196","HDD-H10-020","HDD-H10-020","true","true","true","197","true","false","true","229","228","315","true","9","1","14","p09:t1:r14:display-20","10e012a36c67e3c727593322b63b543339c0bb71c50969a3c2274188d9ef84e0","งานดันท่อลอด  16-Ø125 มม. HDPE PE80 PN10 (HDD)","งานดันท่อลอด 16-Ø125 มม. HDPE PE80 PN10 (HDD)","งานดันท่อลอด 16-Ø125 มม. HDPE PE80 PN10 (HDD)","งานดันท่อลอด 16-Ø125 มม. HDPE PE80 PN10 (HDD)","งานดันท่อลอด 16-Ø125 มม. HDPE PE80 PN10 (HDD)","งานดันท่อลอด 16-Ø125 มม. HDPE PE80 PN10 (HDD)","ม.","ม.","ม.","ม.","ม.","ม.","15786","3829","19615","15786","3829","19615","15786","3829","19615","equal","equal","equal","order_constrained_name_unit_source_ordinal","high","1","true","true","matched","false",""
"prod:fa9e93d7-e876-4f1f-880f-51ff846d9867","stable_uuid","fa9e93d7-e876-4f1f-880f-51ff846d9867","ITEM-0197","HDD-H10-021","HDD-H10-021","true","true","true","198","true","false","true","230","229","316","true","9","1","15","p09:t1:r15:display-21","c332f6751f71ad491c5eb73b04f2fa66e0a50522ad829b0adefb95d07c16ba1f","งานดันท่อลอด  18-Ø125 มม. HDPE PE80 PN10 (HDD)","งานดันท่อลอด 18-Ø125 มม. HDPE PE80 PN10 (HDD)","งานดันท่อลอด 18-Ø125 มม. HDPE PE80 PN10 (HDD)","งานดันท่อลอด 18-Ø125 มม. HDPE PE80 PN10 (HDD)","งานดันท่อลอด 18-Ø125 มม. HDPE PE80 PN10 (HDD)","งานดันท่อลอด 18-Ø125 มม. HDPE PE80 PN10 (HDD)","ม.","ม.","ม.","ม.","ม.","ม.","17924","4348","22272","17924","4348","22272","17924","4348","22272","equal","equal","equal","order_constrained_name_unit_source_ordinal","high","1","true","true","matched","false",""
"prod:16524ac0-6c7b-47e1-8c35-4d125612d781","stable_uuid","16524ac0-6c7b-47e1-8c35-4d125612d781","ITEM-0198","HDD-H10-022","HDD-H10-022","true","true","true","199","true","false","true","231","230","317","true","9","1","16","p09:t1:r16:display-22","ee352eae90521a1fb611edb5fb58ff7795c5e3a7b974d0e597d18fa2fa09653d","งานดันท่อลอด  24-Ø125 มม. HDPE PE80 PN10 (HDD)","งานดันท่อลอด 24-Ø125 มม. HDPE PE80 PN10 (HDD)","งานดันท่อลอด 24-Ø125 มม. HDPE PE80 PN10 (HDD)","งานดันท่อลอด 24-Ø125 มม. HDPE PE80 PN10 (HDD)","งานดันท่อลอด 24-Ø125 มม. HDPE PE80 PN10 (HDD)","งานดันท่อลอด 24-Ø125 มม. HDPE PE80 PN10 (HDD)","ม.","ม.","ม.","ม.","ม.","ม.","21269","5159","26428","21269","5159","26428","21269","5159","26428","equal","equal","equal","order_constrained_name_unit_source_ordinal","high","1","true","true","matched","false",""
"prod:19d2523e-85ec-4b47-941b-8752063a9580","stable_uuid","19d2523e-85ec-4b47-941b-8752063a9580","ITEM-0199","HDD-H10-023","HDD-H10-023","true","true","true","200","true","false","true","232","231","318","true","9","1","17","p09:t1:r17:display-23","260aa3068b2388823ad6755e229a68b0c2fad5b2346301ae0dfd9843e4228d1b","งานดันท่อลอด  32-Ø125 มม. HDPE PE80 PN10 (HDD)","งานดันท่อลอด 32-Ø125 มม. HDPE PE80 PN10 (HDD)","งานดันท่อลอด 32-Ø125 มม. HDPE PE80 PN10 (HDD)","งานดันท่อลอด 32-Ø125 มม. HDPE PE80 PN10 (HDD)","งานดันท่อลอด 32-Ø125 มม. HDPE PE80 PN10 (HDD)","งานดันท่อลอด 32-Ø125 มม. HDPE PE80 PN10 (HDD)","ม.","ม.","ม.","ม.","ม.","ม.","30099","7301","37400","30099","7301","37400","30099","7301","37400","equal","equal","equal","order_constrained_name_unit_source_ordinal","high","1","true","true","matched","false",""
"prod:ed3304e3-116b-4449-9691-7823667fd814","stable_uuid","ed3304e3-116b-4449-9691-7823667fd814","ITEM-0200","HDD-H10-024","HDD-H10-024","true","true","true","201","true","false","true","233","232","319","true","9","1","18","p09:t1:r18:display-24","6f40a10ba31c73582cd88d8f05afe1f82b518ba74bc699fc4666fa857f48ec64","งานดันท่อลอด  34-Ø125 มม. HDPE PE80 PN10 (HDD)","งานดันท่อลอด 34-Ø125 มม. HDPE PE80 PN10 (HDD)","งานดันท่อลอด 34-Ø125 มม. HDPE PE80 PN10 (HDD)","งานดันท่อลอด 34-Ø125 มม. HDPE PE80 PN10 (HDD)","งานดันท่อลอด 34-Ø125 มม. HDPE PE80 PN10 (HDD)","งานดันท่อลอด 34-Ø125 มม. HDPE PE80 PN10 (HDD)","ม.","ม.","ม.","ม.","ม.","ม.","31638","7675","39313","31638","7675","39313","31638","7675","39313","equal","equal","equal","order_constrained_name_unit_source_ordinal","high","1","true","true","matched","false",""
"prod:b75cc5b6-e0f2-46eb-9eb0-6887111b0db8","stable_uuid","b75cc5b6-e0f2-46eb-9eb0-6887111b0db8","ITEM-0201","HDD-H10-025","HDD-H10-025","true","true","true","202","true","false","true","234","233","320","true","9","1","19","p09:t1:r19:display-25","7a997dacf273db5209c663446d3e965c832c5210bb62f2776010f2c3175096a9","งานดันท่อลอด  36-Ø125 มม. HDPE PE80 PN10 (HDD)","งานดันท่อลอด 36-Ø125 มม. HDPE PE80 PN10 (HDD)","งานดันท่อลอด 36-Ø125 มม. HDPE PE80 PN10 (HDD)","งานดันท่อลอด 36-Ø125 มม. HDPE PE80 PN10 (HDD)","งานดันท่อลอด 36-Ø125 มม. HDPE PE80 PN10 (HDD)","งานดันท่อลอด 36-Ø125 มม. HDPE PE80 PN10 (HDD)","ม.","ม.","ม.","ม.","ม.","ม.","33499","8126","41625","33499","8126","41625","33499","8126","41625","equal","equal","equal","order_constrained_name_unit_source_ordinal","high","1","true","true","matched","false",""
"prod:8f26156e-9b5f-411c-96db-773d99babdb2","stable_uuid","8f26156e-9b5f-411c-96db-773d99babdb2","ITEM-0202","HDD-H10-026","HDD-H10-026","true","true","true","203","true","false","true","235","234","321","true","9","1","20","p09:t1:r20:display-26","7bc56ea4beb7c9c949e3e2d0d3e9b295bd17cd29cd5bd08e11ee56593546d322","งานดันท่อลอด  20-Ø125 มม. HDPE PE80 PN10 (HDD)","งานดันท่อลอด 20-Ø125 มม. HDPE PE80 PN10 (HDD)","งานดันท่อลอด 20-Ø125 มม. HDPE PE80 PN10 (HDD)","งานดันท่อลอด 20-Ø125 มม. HDPE PE80 PN10 (HDD)","งานดันท่อลอด 20-Ø125 มม. HDPE PE80 PN10 (HDD)","งานดันท่อลอด 20-Ø125 มม. HDPE PE80 PN10 (HDD)","ม.","ม.","ม.","ม.","ม.","ม.","18915","4588","23503","18915","4588","23503","18915","4588","23503","equal","equal","equal","order_constrained_name_unit_source_ordinal","high","1","true","true","matched","false",""
"prod:00248069-1c02-4946-80eb-218f1f54a9f4","stable_uuid","00248069-1c02-4946-80eb-218f1f54a9f4","ITEM-0203","HDD-H10-027","HDD-H10-027","true","true","true","204","true","false","true","236","235","322","true","9","1","21","p09:t1:r21:display-27","5bd6cb5fbb9ce33c7fdac3083d838d478d4e4213d8f52499c2bb3cff301d41b2","งานดันท่อลอด  4-Ø160 มม. HDPE PE80 PN10 (HDD)","งานดันท่อลอด 4-Ø160 มม. HDPE PE80 PN10 (HDD)","งานดันท่อลอด 4-Ø160 มม. HDPE PE80 PN10 (HDD)","งานดันท่อลอด 4-Ø160 มม. HDPE PE80 PN10 (HDD)","งานดันท่อลอด 4-Ø160 มม. HDPE PE80 PN10 (HDD)","งานดันท่อลอด 4-Ø160 มม. HDPE PE80 PN10 (HDD)","ม.","ม.","ม.","ม.","ม.","ม.","7020","1703","8723","7020","1703","8723","7020","1703","8723","equal","equal","equal","order_constrained_name_unit_source_ordinal","high","1","true","true","matched","false",""
"prod:2b17e967-72db-4143-9e58-ff0a820fd798","stable_uuid","2b17e967-72db-4143-9e58-ff0a820fd798","ITEM-0204","HDD-D02-001","HDD-D02-001","true","true","true","205","true","false","true","237","236","325","true","9","1","24","p09:t1:r24:display-1","fcb74921ed7ed67bea550d51fb7b9fa66d7d66422a1e6209074a55b7ea8b3ede","งานดันท่อลอด  2-Ø110 มม.+6-Ø125 มม. HDPE PE80 PN10 (HDD)","งานดันท่อลอด 2-Ø110 มม.+6-Ø125 มม. HDPE PE80 PN10 (HDD)","งานดันท่อลอด 2-Ø110 มม.+6-Ø125 มม. HDPE PE80 PN10 (HDD)","งานดันท่อลอด 2-Ø110 มม.+6-Ø125 มม. HDPE PE80 PN10 (HDD)","งานดันท่อลอด 2-Ø110 มม.+6-Ø125 มม. HDPE PE80 PN10 (HDD)","งานดันท่อลอด 2-Ø110 มม.+6-Ø125 มม. HDPE PE80 PN10 (HDD)","ม.","ม.","ม.","ม.","ม.","ม.","7876","1910","9786","7876","1910","9786","7876","1910","9786","equal","equal","equal","order_constrained_name_unit_source_ordinal","high","1","true","true","matched","false",""
"prod:df45ae9d-afd2-4ae1-89ac-c8f18b0aed5a","stable_uuid","df45ae9d-afd2-4ae1-89ac-c8f18b0aed5a","ITEM-0205","HDD-D02-002","HDD-D02-002","true","true","true","206","true","false","true","238","237","326","true","9","1","25","p09:t1:r25:display-2","6501b168e889414cef69a673fc0eb75af75da7382913c25d923cef5bfc0ffeac","งานดันท่อลอด  2-Ø110 มม.+8-Ø125 มม. HDPE PE80 PN10 (HDD)","งานดันท่อลอด 2-Ø110 มม.+8-Ø125 มม. HDPE PE80 PN10 (HDD)","งานดันท่อลอด 2-Ø110 มม.+8-Ø125 มม. HDPE PE80 PN10 (HDD)","งานดันท่อลอด 2-Ø110 มม.+8-Ø125 มม. HDPE PE80 PN10 (HDD)","งานดันท่อลอด 2-Ø110 มม.+8-Ø125 มม. HDPE PE80 PN10 (HDD)","งานดันท่อลอด 2-Ø110 มม.+8-Ø125 มม. HDPE PE80 PN10 (HDD)","ม.","ม.","ม.","ม.","ม.","ม.","9434","2288","11722","9434","2288","11722","9434","2288","11722","equal","equal","equal","order_constrained_name_unit_source_ordinal","high","1","true","true","matched","false",""
"prod:6d6ede1f-308d-46d0-92fc-37117d00fbb9","stable_uuid","6d6ede1f-308d-46d0-92fc-37117d00fbb9","ITEM-0206","JNT-PVC-001","JNT-PVC-001","true","true","true","207","true","false","true","239","238","329","true","9","1","28","p09:t1:r28:display-1","ac4217ffeea0cd1000a7f9c2a6f1cd1504587eb88fc7d04f884f1152b718835c","งานสร้างจุดเชื่อมท่อ 2-Ø3"" PVC หุ้ม ค.ส.ล. (0.29x0.44x1.00 ม.)","งานสร้างจุดเชื่อมท่อ 2-Ø3"" PVC หุ้ม ค.ส.ล. (0.29x0.44x1.00 ม.)","งานสร้างจุดเชื่อมท่อ 2-Ø3"" PVC หุ้ม ค.ส.ล. (0.29x0.44x1.00 ม.)","งานสร้างจุดเชื่อมท่อ 2-Ø3"" PVC หุ้ม ค.ส.ล. (0.29x0.44x1.00 ม.)","งานสรา้ งจุดเชื่อมท่อ 2-Ø3"" PVC หุ้ม ค.ส.ล. (0.29x0.44x1.00 ม.)","งานสรา้ งจุดเชื่อมท่อ 2-Ø3"" PVC หุ้ม ค.ส.ล. (0.29x0.44x1.00 ม.)","จุด","จุด","จุด","จุด","จุด","จุด","760","231","991","760","231","991","760","231","991","equal","equal","equal","order_constrained_name_unit_source_ordinal","high","0.933333","true","true","matched","false",""
"prod:341ee3f4-7139-4821-9fb4-d35dc6392724","stable_uuid","341ee3f4-7139-4821-9fb4-d35dc6392724","ITEM-0207","JNT-PVC-002","JNT-PVC-002","true","true","true","208","true","false","true","240","239","330","true","9","1","29","p09:t1:r29:display-2","5f9a56ab0c56821eb606aae1a1a5f3c1935372e50c2cccd8dddfb1d97006a158","งานสร้างจุดเชื่อมท่อ 4-Ø3"" PVC หุ้ม ค.ส.ล. (0.44x0.44x1.00 ม.)","งานสร้างจุดเชื่อมท่อ 4-Ø3"" PVC หุ้ม ค.ส.ล. (0.44x0.44x1.00 ม.)","งานสร้างจุดเชื่อมท่อ 4-Ø3"" PVC หุ้ม ค.ส.ล. (0.44x0.44x1.00 ม.)","งานสร้างจุดเชื่อมท่อ 4-Ø3"" PVC หุ้ม ค.ส.ล. (0.44x0.44x1.00 ม.)","งานสรา้ งจุดเชื่อมท่อ 4-Ø3"" PVC หุ้ม ค.ส.ล. (0.44x0.44x1.00 ม.)","งานสรา้ งจุดเชื่อมท่อ 4-Ø3"" PVC หุ้ม ค.ส.ล. (0.44x0.44x1.00 ม.)","จุด","จุด","จุด","จุด","จุด","จุด","972","290","1262","972","290","1262","972","290","1262","equal","equal","equal","order_constrained_name_unit_source_ordinal","high","0.933333","true","true","matched","false",""
"prod:2aa21c01-d533-43fc-a4d3-f3dc23b35dbc","stable_uuid","2aa21c01-d533-43fc-a4d3-f3dc23b35dbc","ITEM-0208","JNT-PVC-003","JNT-PVC-003","true","true","true","209","true","false","true","241","240","331","true","9","1","30","p09:t1:r30:display-3","ecd51d9a8cbb03d1b11f9f6605ca9d547566a86dea6f197e104c9aa19fe045b0","งานสร้างจุดเชื่อมท่อ 6-Ø3"" PVC หุ้ม ค.ส.ล. (0.44x0.585x1.00 ม.)","งานสร้างจุดเชื่อมท่อ 6-Ø3"" PVC หุ้ม ค.ส.ล. (0.44x0.585x1.00 ม.)","งานสร้างจุดเชื่อมท่อ 6-Ø3"" PVC หุ้ม ค.ส.ล. (0.44x0.585x1.00 ม.)","งานสร้างจุดเชื่อมท่อ 6-Ø3"" PVC หุ้ม ค.ส.ล. (0.44x0.585x1.00 ม.)","งานสรา้ งจุดเชื่อมท่อ 6-Ø3"" PVC หุ้ม ค.ส.ล. (0.44x0.585x1.00 ม.)","งานสรา้ งจุดเชื่อมท่อ 6-Ø3"" PVC หุ้ม ค.ส.ล. (0.44x0.585x1.00 ม.)","จุด","จุด","จุด","จุด","จุด","จุด","1294","380","1674","1294","380","1674","1294","380","1674","equal","equal","equal","order_constrained_name_unit_source_ordinal","high","0.934783","true","true","matched","false",""
"prod:a2ab30ea-e76b-4d6b-96f1-b7afa648396a","stable_uuid","a2ab30ea-e76b-4d6b-96f1-b7afa648396a","ITEM-0209","JNT-PVC-004","JNT-PVC-004","true","true","true","210","true","false","true","242","241","332","true","9","1","31","p09:t1:r31:display-4","050fb6ac63cc843c6a95a8623beb40cb8a4a6fb82540ca65c49a2cd268f42bd3","งานสร้างจุดเชื่อมท่อ 8-Ø3"" PVC หุ้ม ค.ส.ล. (0.44x0.675x1.00 ม.)","งานสร้างจุดเชื่อมท่อ 8-Ø3"" PVC หุ้ม ค.ส.ล. (0.44x0.675x1.00 ม.)","งานสร้างจุดเชื่อมท่อ 8-Ø3"" PVC หุ้ม ค.ส.ล. (0.44x0.675x1.00 ม.)","งานสร้างจุดเชื่อมท่อ 8-Ø3"" PVC หุ้ม ค.ส.ล. (0.44x0.675x1.00 ม.)","งานสรา้ งจุดเชื่อมท่อ 8-Ø3"" PVC หุ้ม ค.ส.ล. (0.44x0.675x1.00 ม.)","งานสรา้ งจุดเชื่อมท่อ 8-Ø3"" PVC หุ้ม ค.ส.ล. (0.44x0.675x1.00 ม.)","จุด","จุด","จุด","จุด","จุด","จุด","1396","808","2204","1396","808","2204","1396","808","2204","equal","equal","equal","order_constrained_name_unit_source_ordinal","high","0.934783","true","true","matched","false",""
"prod:3bcf85b5-f6ae-4e0c-ac8e-c40b0b4d4e97","stable_uuid","3bcf85b5-f6ae-4e0c-ac8e-c40b0b4d4e97","ITEM-0210","JNT-PVC-005","JNT-PVC-005","true","true","true","211","true","false","true","243","242","333","true","9","1","32","p09:t1:r32:display-5","ef1d649461d75983a8bf7568e811020e336a5351f63ce7bd84c2ea073fe5480f","งานสร้างจุดเชื่อมท่อ 2-Ø4"" PVC หุ้ม ค.ส.ล. (0.325x0.50x1.00 ม.)","งานสร้างจุดเชื่อมท่อ 2-Ø4"" PVC หุ้ม ค.ส.ล. (0.325x0.50x1.00 ม.)","งานสร้างจุดเชื่อมท่อ 2-Ø4"" PVC หุ้ม ค.ส.ล. (0.325x0.50x1.00 ม.)","งานสร้างจุดเชื่อมท่อ 2-Ø4"" PVC หุ้ม ค.ส.ล. (0.325x0.50x1.00 ม.)","งานสรา้ งจุดเชื่อมท่อ 2-Ø4"" PVC หุ้ม ค.ส.ล. (0.325x0.50x1.00 ม.)","งานสรา้ งจุดเชื่อมท่อ 2-Ø4"" PVC หุ้ม ค.ส.ล. (0.325x0.50x1.00 ม.)","จุด","จุด","จุด","จุด","จุด","จุด","973","262","1235","973","262","1235","973","262","1235","equal","equal","equal","order_constrained_name_unit_source_ordinal","high","0.934783","true","true","matched","false",""
"prod:2c6ab491-9584-46c1-8292-2902aac9ec84","stable_uuid","2c6ab491-9584-46c1-8292-2902aac9ec84","ITEM-0211","JNT-PVC-006","JNT-PVC-006","true","true","true","212","true","false","true","244","243","334","true","9","1","33","p09:t1:r33:display-6","72f9cfde649b12689a97d2e6a881564cac367b61fa884225752a0c60bdaa361d","งานสร้างจุดเชื่อมท่อ 4-Ø4"" PVC หุ้ม ค.ส.ล. (0.50x0.50x1.00 ม.)","งานสร้างจุดเชื่อมท่อ 4-Ø4"" PVC หุ้ม ค.ส.ล. (0.50x0.50x1.00 ม.)","งานสร้างจุดเชื่อมท่อ 4-Ø4"" PVC หุ้ม ค.ส.ล. (0.50x0.50x1.00 ม.)","งานสร้างจุดเชื่อมท่อ 4-Ø4"" PVC หุ้ม ค.ส.ล. (0.50x0.50x1.00 ม.)","งานสรา้ งจุดเชื่อมท่อ 4-Ø4"" PVC หุ้ม ค.ส.ล. (0.50x0.50x1.00 ม.)","งานสรา้ งจุดเชื่อมท่อ 4-Ø4"" PVC หุ้ม ค.ส.ล. (0.50x0.50x1.00 ม.)","จุด","จุด","จุด","จุด","จุด","จุด","1152","331","1483","1152","331","1483","1152","331","1483","equal","equal","equal","order_constrained_name_unit_source_ordinal","high","0.933333","true","true","matched","false",""
"prod:179314fa-006e-4745-ad22-502878a17367","stable_uuid","179314fa-006e-4745-ad22-502878a17367","ITEM-0212","JNT-PVC-007","JNT-PVC-007","true","true","true","213","true","false","true","245","244","335","true","10","1","3","p10:t1:r3:display-7","9d87fdb3e9c904301c40ea81721af16196f2c968af20e1149a0afbaa3a704c49","งานสร้างจุดเชื่อมท่อ 6-Ø4"" PVC หุ้ม ค.ส.ล. (0.50x0.675x1.00 ม.)","งานสร้างจุดเชื่อมท่อ 6-Ø4"" PVC หุ้ม ค.ส.ล. (0.50x0.675x1.00 ม.)","งานสร้างจุดเชื่อมท่อ 6-Ø4"" PVC หุ้ม ค.ส.ล. (0.50x0.675x1.00 ม.)","งานสร้างจุดเชื่อมท่อ 6-Ø4"" PVC หุ้ม ค.ส.ล. (0.50x0.675x1.00 ม.)","งานสรา้ งจุดเชื่อมท่อ 6-Ø4""1 P. VงCา นหวุ้มา งคท.ส่อ.รล้อ. ย(0ส.า5ย0สx0ื่อ.ส6า7ร5ใxต1้ด.0ิน0 หมุ้ม.)คอนกรีตเสริมเหล็ก (ค.ส.ล.)","งานสรา้ งจุดเชื่อมท่อ 6-Ø4""1 P. VงCา นหวุ้มา งคท.ส่อ.รล้อ. ย(0ส.า5ย0สx0ื่อ.ส6า7ร5ใxต1้ด.0ิน0 หมุ้ม.)คอนกรีตเสริมเหล็ก (ค.ส.ล.)","จุด","จุด","จุด","จุด","จุด","จุด","1469","416","1885","1469","416","1885","1469","416","1885","equal","equal","equal","order_constrained_name_unit_source_ordinal","medium","0.383562","true","true","matched","false","repeated_page_header_description_overlay"
"prod:5ce7763c-562b-4d71-9229-c0f8c31344f3","stable_uuid","5ce7763c-562b-4d71-9229-c0f8c31344f3","ITEM-0213","JNT-PVC-008","JNT-PVC-008","true","true","true","214","true","false","true","246","245","336","true","10","1","4","p10:t1:r4:display-8","17ed8137142020f0a6c438a90400583ac7652d200cfcb30fba393858532d8468","งานสร้างจุดเชื่อมท่อ 8-Ø4"" PVC หุ้ม ค.ส.ล. (0.50x0.85x1.00 ม.)","งานสร้างจุดเชื่อมท่อ 8-Ø4"" PVC หุ้ม ค.ส.ล. (0.50x0.85x1.00 ม.)","งานสร้างจุดเชื่อมท่อ 8-Ø4"" PVC หุ้ม ค.ส.ล. (0.50x0.85x1.00 ม.)","งานสร้างจุดเชื่อมท่อ 8-Ø4"" PVC หุ้ม ค.ส.ล. (0.50x0.85x1.00 ม.)","งานสรา้ งจุดเชื่อมท่อ 8-Ø4"" PVC หุ้ม ค.ส.ล. (0.50x0.85x1.00 ม.)","งานสรา้ งจุดเชื่อมท่อ 8-Ø4"" PVC หุ้ม ค.ส.ล. (0.50x0.85x1.00 ม.)","จุด","จุด","จุด","จุด","จุด","จุด","1820","505","2325","1820","505","2325","1820","505","2325","equal","equal","equal","order_constrained_name_unit_source_ordinal","high","0.933333","true","true","matched","false",""
"prod:7d0cd60c-b08a-436b-973d-c7e6bcc7ef21","stable_uuid","7d0cd60c-b08a-436b-973d-c7e6bcc7ef21","ITEM-0214","JNT-PVC-009","JNT-PVC-009","true","true","true","215","true","false","true","247","246","337","true","10","1","5","p10:t1:r5:display-9","dd5ac9a579604e0a1dad0bd7ccee4008931ef487c1f0794d809ab6a1eb42337c","งานสร้างจุดเชื่อมท่อ 9-Ø4"" PVC หุ้ม ค.ส.ล. (0.675x0.675x1.00 ม.)","งานสร้างจุดเชื่อมท่อ 9-Ø4"" PVC หุ้ม ค.ส.ล. (0.675x0.675x1.00 ม.)","งานสร้างจุดเชื่อมท่อ 9-Ø4"" PVC หุ้ม ค.ส.ล. (0.675x0.675x1.00 ม.)","งานสร้างจุดเชื่อมท่อ 9-Ø4"" PVC หุ้ม ค.ส.ล. (0.675x0.675x1.00 ม.)","งานสรา้ งจุดเชื่อมท่อ 9-Ø4"" PVC หุ้ม ค.ส.ล. (0.675x0.675x1.00 ม.)","งานสรา้ งจุดเชื่อมท่อ 9-Ø4"" PVC หุ้ม ค.ส.ล. (0.675x0.675x1.00 ม.)","จุด","จุด","จุด","จุด","จุด","จุด","1880","516","2396","1880","516","2396","1880","516","2396","equal","equal","equal","order_constrained_name_unit_source_ordinal","high","0.93617","true","true","matched","false",""
"prod:a4254445-7cc9-4f53-8d72-f5b16c2f0ab9","stable_uuid","a4254445-7cc9-4f53-8d72-f5b16c2f0ab9","ITEM-0215","JNT-PVC-010","JNT-PVC-010","true","true","true","216","true","false","true","248","247","338","true","10","1","6","p10:t1:r6:display-10","a0f2d278ea8195cbbd81999c49770612787082ab4b8c0dbf3dbeb22db332eb1b","งานสร้างจุดเชื่อมท่อ 12-Ø4"" PVC หุ้ม ค.ส.ล. (0.675x0.85x1.00 ม.)","งานสร้างจุดเชื่อมท่อ 12-Ø4"" PVC หุ้ม ค.ส.ล. (0.675x0.85x1.00 ม.)","งานสร้างจุดเชื่อมท่อ 12-Ø4"" PVC หุ้ม ค.ส.ล. (0.675x0.85x1.00 ม.)","งานสร้างจุดเชื่อมท่อ 12-Ø4"" PVC หุ้ม ค.ส.ล. (0.675x0.85x1.00 ม.)","งานสรา้ งจุดเชื่อมท่อ 12-Ø4"" PVC หุ้ม ค.ส.ล. (0.675x0.85x1.00 ม.)","งานสรา้ งจุดเชื่อมท่อ 12-Ø4"" PVC หุ้ม ค.ส.ล. (0.675x0.85x1.00 ม.)","จุด","จุด","จุด","จุด","จุด","จุด","2155","553","2708","2155","553","2708","2155","553","2708","equal","equal","equal","order_constrained_name_unit_source_ordinal","high","0.93617","true","true","matched","false",""
"prod:88a221a1-088b-49ee-92cb-160ca61ef058","stable_uuid","88a221a1-088b-49ee-92cb-160ca61ef058","ITEM-0216","JNT-PVC-011","JNT-PVC-011","true","true","true","217","true","false","true","249","248","339","true","10","1","7","p10:t1:r7:display-11","1324e84a7ae5cf4250d8c504011461d105ba825d71752e151160df9d43d3b036","งานสร้างจุดเชื่อมท่อ 24-Ø4"" PVC หุ้ม ค.ส.ล. (0.85x1.20x1.00 ม.)","งานสร้างจุดเชื่อมท่อ 24-Ø4"" PVC หุ้ม ค.ส.ล. (0.85x1.20x1.00 ม.)","งานสร้างจุดเชื่อมท่อ 24-Ø4"" PVC หุ้ม ค.ส.ล. (0.85x1.20x1.00 ม.)","งานสร้างจุดเชื่อมท่อ 24-Ø4"" PVC หุ้ม ค.ส.ล. (0.85x1.20x1.00 ม.)","งานสรา้ งจุดเชื่อมท่อ 24-Ø4"" PVC หุ้ม ค.ส.ล. (0.85x1.20x1.00 ม.)","งานสรา้ งจุดเชื่อมท่อ 24-Ø4"" PVC หุ้ม ค.ส.ล. (0.85x1.20x1.00 ม.)","จุด","จุด","จุด","จุด","จุด","จุด","3428","820","4248","3428","820","4248","3428","820","4248","equal","equal","equal","order_constrained_name_unit_source_ordinal","high","0.934783","true","true","matched","false",""
"prod:25a24773-4742-447f-9273-44eaca1d9ed9","stable_uuid","25a24773-4742-447f-9273-44eaca1d9ed9","ITEM-0217","JNT-PVC-012","JNT-PVC-012","true","true","true","218","true","false","true","250","249","340","true","10","1","8","p10:t1:r8:display-12","fc74cc1791407c685c6b7749c5b0c037c3c2f05d907e927c58cb0e6fb723a13e","งานสร้างจุดเชื่อมท่อ 12-Ø4"" PVC หุ้ม ค.ส.ล. (0.675x0.85x2.00 ม.)","งานสร้างจุดเชื่อมท่อ 12-Ø4"" PVC หุ้ม ค.ส.ล. (0.675x0.85x2.00 ม.)","งานสร้างจุดเชื่อมท่อ 12-Ø4"" PVC หุ้ม ค.ส.ล. (0.675x0.85x2.00 ม.)","งานสร้างจุดเชื่อมท่อ 12-Ø4"" PVC หุ้ม ค.ส.ล. (0.675x0.85x2.00 ม.)","งานสรา้ งจุดเชื่อมท่อ 12-Ø4"" PVC หุ้ม ค.ส.ล. (0.675x0.85x2.00 ม.)","งานสรา้ งจุดเชื่อมท่อ 12-Ø4"" PVC หุ้ม ค.ส.ล. (0.675x0.85x2.00 ม.)","จุด","จุด","จุด","จุด","จุด","จุด","4303","1103","5406","4303","1103","5406","4303","1103","5406","equal","equal","equal","order_constrained_name_unit_source_ordinal","high","0.93617","true","true","matched","false",""
"prod:176c9736-3a75-4baa-824f-14b403efee9f","stable_uuid","176c9736-3a75-4baa-824f-14b403efee9f","ITEM-0218","RSR-PL0-001","RSR-PL0-001","true","true","true","219","true","false","true","251","250","345","true","10","1","12","p10:t1:r12:display-1","6450e2140b42b30cf787943626a632d80bd7774c7d63c4dfaeb73236da5d0558","งานสร้างท่อโค้ง 1-Ø2"" GIP ขึ้นเสา ตามแบบมาตรฐานเลขที่ 152","งานสร้างท่อโค้ง 1-Ø2"" GIP ขึ้นเสา ตามแบบมาตรฐานเลขที่ 152","งานสร้างท่อโค้ง 1-Ø2"" GIP ขึ้นเสา ตามแบบมาตรฐานเลขที่ 152","งานสร้างท่อโค้ง 1-Ø2"" GIP ขึ้นเสา ตามแบบมาตรฐานเลขที่ 152","งานสรา้ งท่อโค้ง 1-Ø2"" GIP ขึ้นเสา ตามแบบมาตรฐานเลขที่ 152","งานสรา้ งท่อโค้ง 1-Ø2"" GIP ขึ้นเสา ตามแบบมาตรฐานเลขที่ 152","จุด","จุด","จุด","จุด","จุด","จุด","2696","823","3519","2696","823","3519","2696","823","3519","equal","equal","equal","order_constrained_name_unit_source_ordinal","high","0.94","true","true","matched","false",""
"prod:388c5fcf-4468-4b9e-a3a1-bbfc703e74c3","stable_uuid","388c5fcf-4468-4b9e-a3a1-bbfc703e74c3","ITEM-0219","RSR-PL0-002","RSR-PL0-002","true","true","true","220","true","false","true","252","251","346","true","10","1","13","p10:t1:r13:display-2","53b66eb99bcad0dad81f704bc033d2e4c60d81874a15075bf742c5166d2fdb1b","งานสร้างท่อโค้ง 2-Ø2"" GIP ขึ้นเสา ตามแบบมาตรฐานเลขที่ 152","งานสร้างท่อโค้ง 2-Ø2"" GIP ขึ้นเสา ตามแบบมาตรฐานเลขที่ 152","งานสร้างท่อโค้ง 2-Ø2"" GIP ขึ้นเสา ตามแบบมาตรฐานเลขที่ 152","งานสร้างท่อโค้ง 2-Ø2"" GIP ขึ้นเสา ตามแบบมาตรฐานเลขที่ 152","งานสรา้ งท่อโค้ง 2-Ø2"" GIP ขึ้นเสา ตามแบบมาตรฐานเลขที่ 152","งานสรา้ งท่อโค้ง 2-Ø2"" GIP ขึ้นเสา ตามแบบมาตรฐานเลขที่ 152","จุด","จุด","จุด","จุด","จุด","จุด","3822","1071","4893","3822","1071","4893","3822","1071","4893","equal","equal","equal","order_constrained_name_unit_source_ordinal","high","0.94","true","true","matched","false",""
"prod:25b3ba31-17f6-4cde-99a4-ea3bbf53e926","stable_uuid","25b3ba31-17f6-4cde-99a4-ea3bbf53e926","ITEM-0220","RSR-PL0-003","RSR-PL0-003","true","true","true","221","true","false","true","253","252","347","true","10","1","14","p10:t1:r14:display-3","e9b6a5c1fdb0ad1b22aa89dddc7b34949b636966942637a674be6df2ca66ad90","งานสร้างท่อโค้ง 1-Ø3"" GIP ขึ้นเสา ตามแบบมาตรฐานเลขที่ 152","งานสร้างท่อโค้ง 1-Ø3"" GIP ขึ้นเสา ตามแบบมาตรฐานเลขที่ 152","งานสร้างท่อโค้ง 1-Ø3"" GIP ขึ้นเสา ตามแบบมาตรฐานเลขที่ 152","งานสร้างท่อโค้ง 1-Ø3"" GIP ขึ้นเสา ตามแบบมาตรฐานเลขที่ 152","งานสรา้ งท่อโค้ง 1-Ø3"" GIP ขึ้นเสา ตามแบบมาตรฐานเลขที่ 152","งานสรา้ งท่อโค้ง 1-Ø3"" GIP ขึ้นเสา ตามแบบมาตรฐานเลขที่ 152","จุด","จุด","จุด","จุด","จุด","จุด","4232","945","5177","4232","945","5177","4232","945","5177","equal","equal","equal","order_constrained_name_unit_source_ordinal","high","0.94","true","true","matched","false",""
"prod:fc1e4839-f343-42b8-8d3d-a5be157439a7","stable_uuid","fc1e4839-f343-42b8-8d3d-a5be157439a7","ITEM-0221","RSR-PL0-004","RSR-PL0-004","true","true","true","222","true","false","true","254","253","348","true","10","1","15","p10:t1:r15:display-4","f8c5b7bdf1d8a87fe7729cd13ec458039a888bd412a15d147540053cc805e62d","งานสร้างท่อโค้ง 2-Ø3"" GIP ขึ้นเสา ตามแบบมาตรฐานเลขที่ 152","งานสร้างท่อโค้ง 2-Ø3"" GIP ขึ้นเสา ตามแบบมาตรฐานเลขที่ 152","งานสร้างท่อโค้ง 2-Ø3"" GIP ขึ้นเสา ตามแบบมาตรฐานเลขที่ 152","งานสร้างท่อโค้ง 2-Ø3"" GIP ขึ้นเสา ตามแบบมาตรฐานเลขที่ 152","งานสรา้ งท่อโค้ง 2-Ø3"" GIP ขึ้นเสา ตามแบบมาตรฐานเลขที่ 152","งานสรา้ งท่อโค้ง 2-Ø3"" GIP ขึ้นเสา ตามแบบมาตรฐานเลขที่ 152","จุด","จุด","จุด","จุด","จุด","จุด","7335","1400","8735","7335","1400","8735","7335","1400","8735","equal","equal","equal","order_constrained_name_unit_source_ordinal","high","0.94","true","true","matched","false",""
"prod:e3182876-f800-4134-8932-354c3f6fb292","stable_uuid","e3182876-f800-4134-8932-354c3f6fb292","ITEM-0222","RSR-PL0-005","RSR-PL0-005","true","true","true","223","true","false","true","255","254","349","true","10","1","16","p10:t1:r16:display-5","f3e28e1b9fc19a4e6bb7ba459ddd186e6b11f07319515b1ba17aeac7f8fbb14e","งานสร้างท่อโค้ง 4-Ø3"" GIP ขึ้นเสา ตามแบบมาตรฐานเลขที่ 152","งานสร้างท่อโค้ง 4-Ø3"" GIP ขึ้นเสา ตามแบบมาตรฐานเลขที่ 152","งานสร้างท่อโค้ง 4-Ø3"" GIP ขึ้นเสา ตามแบบมาตรฐานเลขที่ 152","งานสร้างท่อโค้ง 4-Ø3"" GIP ขึ้นเสา ตามแบบมาตรฐานเลขที่ 152","งานสรา้ งท่อโค้ง 4-Ø3"" GIP ขึ้นเสา ตามแบบมาตรฐานเลขที่ 152","งานสรา้ งท่อโค้ง 4-Ø3"" GIP ขึ้นเสา ตามแบบมาตรฐานเลขที่ 152","จุด","จุด","จุด","จุด","จุด","จุด","12872","2211","15083","12872","2211","15083","12872","2211","15083","equal","equal","equal","order_constrained_name_unit_source_ordinal","high","0.94","true","true","matched","false",""
"prod:c56f56aa-8e14-4474-b23e-c067b2b502ab","stable_uuid","c56f56aa-8e14-4474-b23e-c067b2b502ab","ITEM-0223","RSR-PL0-006","RSR-PL0-006","true","true","true","224","true","false","true","256","255","350","true","10","1","17","p10:t1:r17:display-6","a8b12518c3b7c4c1bd89672bd7589934478665f511ac79868846144bb02c3319","งานสร้างท่อโค้ง 6-Ø3"" GIP ขึ้นเสา ตามแบบมาตรฐานเลขที่ 152","งานสร้างท่อโค้ง 6-Ø3"" GIP ขึ้นเสา ตามแบบมาตรฐานเลขที่ 152","งานสร้างท่อโค้ง 6-Ø3"" GIP ขึ้นเสา ตามแบบมาตรฐานเลขที่ 152","งานสร้างท่อโค้ง 6-Ø3"" GIP ขึ้นเสา ตามแบบมาตรฐานเลขที่ 152","งานสรา้ งท่อโค้ง 6-Ø3"" GIP ขึ้นเสา ตามแบบมาตรฐานเลขที่ 152","งานสรา้ งท่อโค้ง 6-Ø3"" GIP ขึ้นเสา ตามแบบมาตรฐานเลขที่ 152","จุด","จุด","จุด","จุด","จุด","จุด","18014","2880","20894","18014","2880","20894","18014","2880","20894","equal","equal","equal","order_constrained_name_unit_source_ordinal","high","0.94","true","true","matched","false",""
"prod:fefd36eb-87b8-4345-8815-6b647c3aac92","stable_uuid","fefd36eb-87b8-4345-8815-6b647c3aac92","ITEM-0224","RSR-PL0-007","RSR-PL0-007","true","true","true","225","true","false","true","257","256","351","true","10","1","18","p10:t1:r18:display-7","3b988794a8b23f74d88301de95cfa917a5d745d69cc347e3259476040cd61922","งานสร้างท่อโค้ง 1-Ø4"" GIP ขึ้นเสา ตามแบบมาตรฐานเลขที่ 152","งานสร้างท่อโค้ง 1-Ø4"" GIP ขึ้นเสา ตามแบบมาตรฐานเลขที่ 152","งานสร้างท่อโค้ง 1-Ø4"" GIP ขึ้นเสา ตามแบบมาตรฐานเลขที่ 152","งานสร้างท่อโค้ง 1-Ø4"" GIP ขึ้นเสา ตามแบบมาตรฐานเลขที่ 152","งานสรา้ งท่อโค้ง 1-Ø4"" GIP ขึ้นเสา ตามแบบมาตรฐานเลขที่ 152","งานสรา้ งท่อโค้ง 1-Ø4"" GIP ขึ้นเสา ตามแบบมาตรฐานเลขที่ 152","จุด","จุด","จุด","จุด","จุด","จุด","5378","1021","6399","5378","1021","6399","5378","1021","6399","equal","equal","equal","order_constrained_name_unit_source_ordinal","high","0.94","true","true","matched","false",""
"prod:366cd7e8-756a-4ade-9a52-7d64d1e4b7f7","stable_uuid","366cd7e8-756a-4ade-9a52-7d64d1e4b7f7","ITEM-0225","RSR-PL0-008","RSR-PL0-008","true","true","true","226","true","false","true","258","257","352","true","10","1","19","p10:t1:r19:display-8","1506d76e3e54a5fbfbf1e755aa1744d0b7cda0e2b98500fb0a21b4389326cd60","งานสร้างท่อโค้ง 2-Ø4"" GIP ขึ้นเสา ตามแบบมาตรฐานเลขที่ 152","งานสร้างท่อโค้ง 2-Ø4"" GIP ขึ้นเสา ตามแบบมาตรฐานเลขที่ 152","งานสร้างท่อโค้ง 2-Ø4"" GIP ขึ้นเสา ตามแบบมาตรฐานเลขที่ 152","งานสร้างท่อโค้ง 2-Ø4"" GIP ขึ้นเสา ตามแบบมาตรฐานเลขที่ 152","งานสรา้ งท่อโค้ง 2-Ø4"" GIP ขึ้นเสา ตามแบบมาตรฐานเลขที่ 152","งานสรา้ งท่อโค้ง 2-Ø4"" GIP ขึ้นเสา ตามแบบมาตรฐานเลขที่ 152","จุด","จุด","จุด","จุด","จุด","จุด","9627","1552","11179","9627","1552","11179","9627","1552","11179","equal","equal","equal","order_constrained_name_unit_source_ordinal","high","0.94","true","true","matched","false",""
"prod:384fef4a-db49-4fb0-939c-afcaa9a880d4","stable_uuid","384fef4a-db49-4fb0-939c-afcaa9a880d4","ITEM-0226","RSR-PL0-009","RSR-PL0-009","true","true","true","227","true","false","true","259","258","353","true","10","1","20","p10:t1:r20:display-9","94e405fff5053a59031d72a822e97164e518240a0e435220281c8deca6ae07fa","งานสร้างท่อโค้ง 4-Ø4"" GIP ขึ้นเสา ตามแบบมาตรฐานเลขที่ 152","งานสร้างท่อโค้ง 4-Ø4"" GIP ขึ้นเสา ตามแบบมาตรฐานเลขที่ 152","งานสร้างท่อโค้ง 4-Ø4"" GIP ขึ้นเสา ตามแบบมาตรฐานเลขที่ 152","งานสร้างท่อโค้ง 4-Ø4"" GIP ขึ้นเสา ตามแบบมาตรฐานเลขที่ 152","งานสรา้ งท่อโค้ง 4-Ø4"" GIP ขึ้นเสา ตามแบบมาตรฐานเลขที่ 152","งานสรา้ งท่อโค้ง 4-Ø4"" GIP ขึ้นเสา ตามแบบมาตรฐานเลขที่ 152","จุด","จุด","จุด","จุด","จุด","จุด","17456","2515","19971","17456","2515","19971","17456","2515","19971","equal","equal","equal","order_constrained_name_unit_source_ordinal","high","0.94","true","true","matched","false",""
"prod:8910750c-b4ce-42b1-b586-e9d6f224c6d8","stable_uuid","8910750c-b4ce-42b1-b586-e9d6f224c6d8","ITEM-0227","RSR-PL0-021","RSR-PL0-021","true","true","true","228","true","false","true","271","270","369","true","10","1","21","p10:t1:r21:display-10","28d7617b90944e86ee548adee08f148a6e9fcc9f9765c1aa5e43d996596110bf","งานสร้างท่อโค้ง 1-Ø110 มม. HDPE PE80 PN8 ขึ้นเสา ตามแบบมาตรฐานเลขที่ 152","งานสร้างท่อโค้ง 1-Ø110 มม. HDPE PE80 PN8 ขึ้นเสา ตามแบบมาตรฐานเลขที่ 152","งานสร้างท่อโค้ง 1-Ø110 มม. HDPE PE80 PN8 ขึ้นเสา ตามแบบมาตรฐานเลขที่ 152","งานสร้างท่อโค้ง 1-Ø110 มม. HDPE PE80 PN8 ขึ้นเสา ตามแบบมาตรฐานเลขที่ 152","งานสรา้ งท่อโค้ง 1-Ø110 มม. HDPE PE80 PN8 ขึ้นเสา ตามแบบมาตรฐานเลขที่ 152","งานสรา้ งท่อโค้ง 1-Ø110 มม. HDPE PE80 PN8 ขึ้นเสา ตามแบบมาตรฐานเลขที่ 152","จุด","จุด","จุด","จุด","จุด","จุด","3192","784","3976","3192","784","3976","3192","784","3976","equal","equal","equal","order_constrained_name_unit_source_ordinal","high","0.951613","true","false","matched","false",""
"prod:0ebcf671-2ee8-45dd-b2b0-a2ee2ad5827d","stable_uuid","0ebcf671-2ee8-45dd-b2b0-a2ee2ad5827d","ITEM-0228","RSR-PL0-022","RSR-PL0-022","true","true","true","229","true","false","true","272","271","370","true","10","1","22","p10:t1:r22:display-11","546530232b296d4cf2be1c992c1f3093b3c828b2006a85804cddfaf110c76a71","งานสร้างท่อโค้ง 2-Ø110 มม. HDPE PE80 PN8 ขึ้นเสา ตามแบบมาตรฐานเลขที่ 152","งานสร้างท่อโค้ง 2-Ø110 มม. HDPE PE80 PN8 ขึ้นเสา ตามแบบมาตรฐานเลขที่ 152","งานสร้างท่อโค้ง 2-Ø110 มม. HDPE PE80 PN8 ขึ้นเสา ตามแบบมาตรฐานเลขที่ 152","งานสร้างท่อโค้ง 2-Ø110 มม. HDPE PE80 PN8 ขึ้นเสา ตามแบบมาตรฐานเลขที่ 152","งานสรา้ งท่อโค้ง 2-Ø110 มม. HDPE PE80 PN8 ขึ้นเสา ตามแบบมาตรฐานเลขที่ 152","งานสรา้ งท่อโค้ง 2-Ø110 มม. HDPE PE80 PN8 ขึ้นเสา ตามแบบมาตรฐานเลขที่ 152","จุด","จุด","จุด","จุด","จุด","จุด","5108","1058","6166","5108","1058","6166","5108","1058","6166","equal","equal","equal","order_constrained_name_unit_source_ordinal","high","0.951613","true","false","matched","false",""
"prod:650cd5ec-c3d3-4413-8bd4-f71ec05b23f3","stable_uuid","650cd5ec-c3d3-4413-8bd4-f71ec05b23f3","ITEM-0229","RSR-PL0-023","RSR-PL0-023","true","true","true","230","true","false","true","273","272","371","true","10","1","23","p10:t1:r23:display-12","850abd5f2e29dd42972f9fd30390a6625c22d5e38bf57f02e269a9886cb84347","งานสร้างท่อโค้ง 4-Ø110 มม. HDPE PE80 PN8 ขึ้นเสา ตามแบบมาตรฐานเลขที่ 152","งานสร้างท่อโค้ง 4-Ø110 มม. HDPE PE80 PN8 ขึ้นเสา ตามแบบมาตรฐานเลขที่ 152","งานสร้างท่อโค้ง 4-Ø110 มม. HDPE PE80 PN8 ขึ้นเสา ตามแบบมาตรฐานเลขที่ 152","งานสร้างท่อโค้ง 4-Ø110 มม. HDPE PE80 PN8 ขึ้นเสา ตามแบบมาตรฐานเลขที่ 152","งานสรา้ งท่อโค้ง 4-Ø110 มม. HDPE PE80 PN8 ขึ้นเสา ตามแบบมาตรฐานเลขที่ 152","งานสรา้ งท่อโค้ง 4-Ø110 มม. HDPE PE80 PN8 ขึ้นเสา ตามแบบมาตรฐานเลขที่ 152","จุด","จุด","จุด","จุด","จุด","จุด","8699","1563","10262","8699","1563","10262","8699","1563","10262","equal","equal","equal","order_constrained_name_unit_source_ordinal","high","0.951613","true","false","matched","false",""
"prod:111eb158-1396-4fa0-8c4e-dfb8dd968975","stable_uuid","111eb158-1396-4fa0-8c4e-dfb8dd968975","ITEM-0230","RSR-PL0-024","RSR-PL0-024","true","true","true","231","true","false","true","274","273","372","true","10","1","24","p10:t1:r24:display-13","3937d6affbaebcb3368b4a1f56ea58e50d1af2af1e2c000293ae43aee0be3a9e","งานสร้างท่อโค้ง 6-Ø110 มม. HDPE PE80 PN8 ขึ้นเสา ตามแบบมาตรฐานเลขที่ 152","งานสร้างท่อโค้ง 6-Ø110 มม. HDPE PE80 PN8 ขึ้นเสา ตามแบบมาตรฐานเลขที่ 152","งานสร้างท่อโค้ง 6-Ø110 มม. HDPE PE80 PN8 ขึ้นเสา ตามแบบมาตรฐานเลขที่ 152","งานสร้างท่อโค้ง 6-Ø110 มม. HDPE PE80 PN8 ขึ้นเสา ตามแบบมาตรฐานเลขที่ 152","งานสรา้ งท่อโค้ง 6-Ø110 มม. HDPE PE80 PN8 ขึ้นเสา ตามแบบมาตรฐานเลขที่ 152","งานสรา้ งท่อโค้ง 6-Ø110 มม. HDPE PE80 PN8 ขึ้นเสา ตามแบบมาตรฐานเลขที่ 152","จุด","จุด","จุด","จุด","จุด","จุด","11373","2214","13587","11613","2274","13887","11373","2214","13587","different","different","equal","order_constrained_name_unit_source_ordinal","high","0.951613","true","false","source_version_difference","true",""
"prod:4ede14c5-1542-4ac1-9dab-3504945ab4ba","stable_uuid","4ede14c5-1542-4ac1-9dab-3504945ab4ba","ITEM-0231","RSR-PL0-025","RSR-PL0-025","true","true","true","232","true","false","true","275","274","373","true","10","1","25","p10:t1:r25:display-14","758643064873da5c4b2df2469fd9900dbee6822f4071cf09df07f21023a0f9b0","งานสร้างท่อโค้ง 1-Ø125 มม. HDPE PE80 PN8 ขึ้นเสา ตามแบบมาตรฐานเลขที่ 152","งานสร้างท่อโค้ง 1-Ø125 มม. HDPE PE80 PN8 ขึ้นเสา ตามแบบมาตรฐานเลขที่ 152","งานสร้างท่อโค้ง 1-Ø125 มม. HDPE PE80 PN8 ขึ้นเสา ตามแบบมาตรฐานเลขที่ 152","งานสร้างท่อโค้ง 1-Ø125 มม. HDPE PE80 PN8 ขึ้นเสา ตามแบบมาตรฐานเลขที่ 152","งานสรา้ งท่อโค้ง 1-Ø125 มม. HDPE PE80 PN8 ขึ้นเสา ตามแบบมาตรฐานเลขที่ 152","งานสรา้ งท่อโค้ง 1-Ø125 มม. HDPE PE80 PN8 ขึ้นเสา ตามแบบมาตรฐานเลขที่ 152","จุด","จุด","จุด","จุด","จุด","จุด","3372","788","4160","3372","788","4160","3372","788","4160","equal","equal","equal","order_constrained_name_unit_source_ordinal","high","0.951613","true","false","matched","false",""
"prod:833afd24-1279-4175-8644-06cdcede01ec","stable_uuid","833afd24-1279-4175-8644-06cdcede01ec","ITEM-0232","RSR-PL0-026","RSR-PL0-026","true","true","true","233","true","false","true","276","275","374","true","10","1","26","p10:t1:r26:display-15","cf61f62f730f9141a1a9513bf9409349eb02668e1d593658bd66917f337975a2","งานสร้างท่อโค้ง 2-Ø125 มม. HDPE PE80 PN8 ขึ้นเสา ตามแบบมาตรฐานเลขที่ 152","งานสร้างท่อโค้ง 2-Ø125 มม. HDPE PE80 PN8 ขึ้นเสา ตามแบบมาตรฐานเลขที่ 152","งานสร้างท่อโค้ง 2-Ø125 มม. HDPE PE80 PN8 ขึ้นเสา ตามแบบมาตรฐานเลขที่ 152","งานสร้างท่อโค้ง 2-Ø125 มม. HDPE PE80 PN8 ขึ้นเสา ตามแบบมาตรฐานเลขที่ 152","งานสรา้ งท่อโค้ง 2-Ø125 มม. HDPE PE80 PN8 ขึ้นเสา ตามแบบมาตรฐานเลขที่ 152","งานสรา้ งท่อโค้ง 2-Ø125 มม. HDPE PE80 PN8 ขึ้นเสา ตามแบบมาตรฐานเลขที่ 152","จุด","จุด","จุด","จุด","จุด","จุด","5655","1074","6729","5655","1074","6729","5655","1074","6729","equal","equal","equal","order_constrained_name_unit_source_ordinal","high","0.951613","true","false","matched","false",""
"prod:c4d0356c-712a-44f2-a6cc-529062d0d483","stable_uuid","c4d0356c-712a-44f2-a6cc-529062d0d483","ITEM-0233","RSR-PL0-027","RSR-PL0-027","true","true","true","234","true","false","true","277","276","375","true","10","1","27","p10:t1:r27:display-16","45f8967b6c1c74de6345679db8fc02227dbfe2eabda3867a67899c4453d6016d","งานสร้างท่อโค้ง 4-Ø125 มม. HDPE PE80 PN8 ขึ้นเสา ตามแบบมาตรฐานเลขที่ 152","งานสร้างท่อโค้ง 4-Ø125 มม. HDPE PE80 PN8 ขึ้นเสา ตามแบบมาตรฐานเลขที่ 152","งานสร้างท่อโค้ง 4-Ø125 มม. HDPE PE80 PN8 ขึ้นเสา ตามแบบมาตรฐานเลขที่ 152","งานสร้างท่อโค้ง 4-Ø125 มม. HDPE PE80 PN8 ขึ้นเสา ตามแบบมาตรฐานเลขที่ 152","งานสรา้ งท่อโค้ง 4-Ø125 มม. HDPE PE80 PN8 ขึ้นเสา ตามแบบมาตรฐานเลขที่ 152","งานสรา้ งท่อโค้ง 4-Ø125 มม. HDPE PE80 PN8 ขึ้นเสา ตามแบบมาตรฐานเลขที่ 152","จุด","จุด","จุด","จุด","จุด","จุด","9794","1595","11389","9794","1595","11389","9794","1595","11389","equal","equal","equal","order_constrained_name_unit_source_ordinal","high","0.951613","true","false","matched","false",""
"prod:27d9d602-b83d-499a-a538-a15f1eaa3ce8","stable_uuid","27d9d602-b83d-499a-a538-a15f1eaa3ce8","ITEM-0234","RSR-PL0-028","RSR-PL0-028","true","true","true","235","true","false","true","278","277","376","true","10","1","28","p10:t1:r28:display-17","d4cb2bd116c48a937965130002db2a69c521b6ab0e95c0eaf68e45d210124d29","งานสร้างท่อโค้ง 6-Ø125 มม. HDPE PE80 PN8 ขึ้นเสา ตามแบบมาตรฐานเลขที่ 152","งานสร้างท่อโค้ง 6-Ø125 มม. HDPE PE80 PN8 ขึ้นเสา ตามแบบมาตรฐานเลขที่ 152","งานสร้างท่อโค้ง 6-Ø125 มม. HDPE PE80 PN8 ขึ้นเสา ตามแบบมาตรฐานเลขที่ 152","งานสร้างท่อโค้ง 6-Ø125 มม. HDPE PE80 PN8 ขึ้นเสา ตามแบบมาตรฐานเลขที่ 152","งานสรา้ งท่อโค้ง 6-Ø125 มม. HDPE PE80 PN8 ขึ้นเสา ตามแบบมาตรฐานเลขที่ 152","งานสรา้ งท่อโค้ง 6-Ø125 มม. HDPE PE80 PN8 ขึ้นเสา ตามแบบมาตรฐานเลขที่ 152","จุด","จุด","จุด","จุด","จุด","จุด","12560","2258","14818","12560","2258","14818","12560","2258","14818","equal","equal","equal","order_constrained_name_unit_source_ordinal","high","0.951613","true","false","matched","false",""
"prod:808ac4a4-7bc9-4217-809a-05471912f286","stable_uuid","808ac4a4-7bc9-4217-809a-05471912f286","ITEM-0235","RSR-PL0-032","RSR-PL0-032","true","true","true","236","true","false","true","282","281","382","true","10","1","29","p10:t1:r29:display-18","ba097614e27e7dfffd491d2c30075a6d92fcb47c965eeaa72365bfb00405a2cc","งานสร้างท่อโค้ง 1-Ø110 มม. HDPE PE80 PN10 ขึ้นเสา ตามแบบมาตรฐานเลขที่ 152","งานสร้างท่อโค้ง 1-Ø110 มม. HDPE PE80 PN10 ขึ้นเสา ตามแบบมาตรฐานเลขที่ 152","งานสร้างท่อโค้ง 1-Ø110 มม. HDPE PE80 PN10 ขึ้นเสา ตามแบบมาตรฐานเลขที่ 152","งานสร้างท่อโค้ง 1-Ø110 มม. HDPE PE80 PN10 ขึ้นเสา ตามแบบมาตรฐานเลขที่ 152","งานสรา้ งท่อโค้ง 1-Ø110 มม. HDPE PE80 PN10 ขึ้นเสา ตามแบบมาตรฐานเลขที่ 152","งานสรา้ งท่อโค้ง 1-Ø110 มม. HDPE PE80 PN10 ขึ้นเสา ตามแบบมาตรฐานเลขที่ 152","จุด","จุด","จุด","จุด","จุด","จุด","3326","784","4110","3326","784","4110","3326","784","4110","equal","equal","equal","order_constrained_name_unit_source_ordinal","high","0.952381","true","false","matched","false",""
"prod:a62632fe-8c1b-4771-9770-3aab60b56b1f","stable_uuid","a62632fe-8c1b-4771-9770-3aab60b56b1f","ITEM-0236","RSR-PL0-033","RSR-PL0-033","true","true","true","237","true","false","true","283","282","383","true","10","1","30","p10:t1:r30:display-19","d815ef44651beff00c1b2ef68cf3f48b414c11d25192e75d775aad62e9afd6b3","งานสร้างท่อโค้ง 2-Ø110 มม. HDPE PE80 PN10 ขึ้นเสา ตามแบบมาตรฐานเลขที่ 152","งานสร้างท่อโค้ง 2-Ø110 มม. HDPE PE80 PN10 ขึ้นเสา ตามแบบมาตรฐานเลขที่ 152","งานสร้างท่อโค้ง 2-Ø110 มม. HDPE PE80 PN10 ขึ้นเสา ตามแบบมาตรฐานเลขที่ 152","งานสร้างท่อโค้ง 2-Ø110 มม. HDPE PE80 PN10 ขึ้นเสา ตามแบบมาตรฐานเลขที่ 152","งานสรา้ งท่อโค้ง 2-Ø110 มม. HDPE PE80 PN10 ขึ้นเสา ตามแบบมาตรฐานเลขที่ 152","งานสรา้ งท่อโค้ง 2-Ø110 มม. HDPE PE80 PN10 ขึ้นเสา ตามแบบมาตรฐานเลขที่ 152","จุด","จุด","จุด","จุด","จุด","จุด","5376","1058","6434","5376","1058","6434","5376","1058","6434","equal","equal","equal","order_constrained_name_unit_source_ordinal","high","0.952381","true","false","matched","false",""
"prod:8af352fc-0403-4f9d-9d3d-a45fb4c6055b","stable_uuid","8af352fc-0403-4f9d-9d3d-a45fb4c6055b","ITEM-0237","RSR-PL0-034","RSR-PL0-034","true","true","true","238","true","false","true","284","283","384","true","10","1","31","p10:t1:r31:display-20","fbdacb51280f0ea627e2dfdd0819322cb5a178c10464848ac27c54f04d7d79a5","งานสร้างท่อโค้ง 4-Ø110 มม. HDPE PE80 PN10 ขึ้นเสา ตามแบบมาตรฐานเลขที่ 152","งานสร้างท่อโค้ง 4-Ø110 มม. HDPE PE80 PN10 ขึ้นเสา ตามแบบมาตรฐานเลขที่ 152","งานสร้างท่อโค้ง 4-Ø110 มม. HDPE PE80 PN10 ขึ้นเสา ตามแบบมาตรฐานเลขที่ 152","งานสร้างท่อโค้ง 4-Ø110 มม. HDPE PE80 PN10 ขึ้นเสา ตามแบบมาตรฐานเลขที่ 152","งานสรา้ งท่อโค้ง 4-Ø110 มม. HDPE PE80 PN10 ขึ้นเสา ตามแบบมาตรฐานเลขที่ 152","งานสรา้ งท่อโค้ง 4-Ø110 มม. HDPE PE80 PN10 ขึ้นเสา ตามแบบมาตรฐานเลขที่ 152","จุด","จุด","จุด","จุด","จุด","จุด","9235","1563","10798","9235","1563","10798","9235","1563","10798","equal","equal","equal","order_constrained_name_unit_source_ordinal","high","0.952381","true","false","matched","false",""
"prod:ce3a3605-e63c-4c67-8a89-be03c0d47ae7","stable_uuid","ce3a3605-e63c-4c67-8a89-be03c0d47ae7","ITEM-0238","RSR-PL0-035","RSR-PL0-035","true","true","true","239","true","false","true","285","284","385","true","10","1","32","p10:t1:r32:display-21","28164125eb109e6c958d49a0eea03d4ebc42e0c5ddfa7d22ff8734284fbf0b42","งานสร้างท่อโค้ง 6-Ø110 มม. HDPE PE80 PN10 ขึ้นเสา ตามแบบมาตรฐานเลขที่ 152","งานสร้างท่อโค้ง 6-Ø110 มม. HDPE PE80 PN10 ขึ้นเสา ตามแบบมาตรฐานเลขที่ 152","งานสร้างท่อโค้ง 6-Ø110 มม. HDPE PE80 PN10 ขึ้นเสา ตามแบบมาตรฐานเลขที่ 152","งานสร้างท่อโค้ง 6-Ø110 มม. HDPE PE80 PN10 ขึ้นเสา ตามแบบมาตรฐานเลขที่ 152","งานสรา้ งท่อโค้ง 6-Ø110 มม. HDPE PE80 PN10 ขึ้นเสา ตามแบบมาตรฐานเลขที่ 152","งานสรา้ งท่อโค้ง 6-Ø110 มม. HDPE PE80 PN10 ขึ้นเสา ตามแบบมาตรฐานเลขที่ 152","จุด","จุด","จุด","จุด","จุด","จุด","11775","2214","13989","11775","2214","13989","11775","2214","13989","equal","equal","equal","order_constrained_name_unit_source_ordinal","high","0.952381","true","false","matched","false",""
"prod:95617295-0155-4966-9d47-8915d47f8522","stable_uuid","95617295-0155-4966-9d47-8915d47f8522","ITEM-0239","RSR-PL0-036","RSR-PL0-036","true","true","true","240","true","false","true","286","285","386","true","10","1","33","p10:t1:r33:display-22","7e7b62c7c78b65c789c4bf4b0661c00af53514337b372dac971c91346873b0c0","งานสร้างท่อโค้ง 1-Ø125 มม. HDPE PE80 PN10 ขึ้นเสา ตามแบบมาตรฐานเลขที่ 152","งานสร้างท่อโค้ง 1-Ø125 มม. HDPE PE80 PN10 ขึ้นเสา ตามแบบมาตรฐานเลขที่ 152","งานสร้างท่อโค้ง 1-Ø125 มม. HDPE PE80 PN10 ขึ้นเสา ตามแบบมาตรฐานเลขที่ 152","งานสร้างท่อโค้ง 1-Ø125 มม. HDPE PE80 PN10 ขึ้นเสา ตามแบบมาตรฐานเลขที่ 152","งานสรา้ งท่อโค้ง 1-Ø125 มม. HDPE PE80 PN10 ขึ้นเสา ตามแบบมาตรฐานเลขที่ 152","งานสรา้ งท่อโค้ง 1-Ø125 มม. HDPE PE80 PN10 ขึ้นเสา ตามแบบมาตรฐานเลขที่ 152","จุด","จุด","จุด","จุด","จุด","จุด","3558","788","4346","3558","788","4346","3558","788","4346","equal","equal","equal","order_constrained_name_unit_source_ordinal","high","0.952381","true","false","matched","false",""
"prod:018f0498-a8e1-41b1-93fb-f50ffb87f95f","stable_uuid","018f0498-a8e1-41b1-93fb-f50ffb87f95f","ITEM-0240","RSR-PL0-037","RSR-PL0-037","true","true","true","241","true","false","true","287","286","387","true","11","1","3","p11:t1:r3:display-23","7cae1daf78a4212789a6ceac9cda7fcc7532ac21f0c5307e2fa68646e40bc3ec","งานสร้างท่อโค้ง 2-Ø125 มม. HDPE PE80 PN10 ขึ้นเสา ตามแบบมาตรฐานเลขที่ 152","งานสร้างท่อโค้ง 2-Ø125 มม. HDPE PE80 PN10 ขึ้นเสา ตามแบบมาตรฐานเลขที่ 152","งานสร้างท่อโค้ง 2-Ø125 มม. HDPE PE80 PN10 ขึ้นเสา ตามแบบมาตรฐานเลขที่ 152","งานสร้างท่อโค้ง 2-Ø125 มม. HDPE PE80 PN10 ขึ้นเสา ตามแบบมาตรฐานเลขที่ 152","งานสรา้ งท่อโค้ง 2-Ø125 ม1ม.. งHาDนPวEา งPทE8่อ0ร ้อPยNส1า0ย สขื่อึ้นสเสาาร ใตตา้ดมินแ บหบุ้มมคาอตนรกฐราีตนเเสลขริมทเี่ ห15ล2็ก (ค.ส.ล.)","งานสรา้ งท่อโค้ง 2-Ø125 ม1ม.. งHาDนPวEา งPทE8่อ0ร ้อPยNส1า0ย สขื่อึ้นสเสาาร ใตตา้ดมินแ บหบุ้มมคาอตนรกฐราีตนเเสลขริมทเี่ ห15ล2็ก (ค.ส.ล.)","จุด","จุด","จุด","จุด","จุด","จุด","6027","1074","7101","6027","1074","7101","6027","1074","7101","equal","equal","equal","order_constrained_name_unit_source_ordinal","medium","0.355556","true","false","matched","false","repeated_page_header_description_overlay"
"prod:3af61df0-3c34-45cd-b757-6ac5fe3b28d0","stable_uuid","3af61df0-3c34-45cd-b757-6ac5fe3b28d0","ITEM-0241","RSR-PL0-038","RSR-PL0-038","true","true","true","242","true","false","true","288","287","388","true","11","1","4","p11:t1:r4:display-24","6a5132f8b2aeb292fa01f9f8adab5f7c8c1e6dc5c92957d17c1a877cc7c12ee5","งานสร้างท่อโค้ง 4-Ø125 มม. HDPE PE80 PN10 ขึ้นเสา ตามแบบมาตรฐานเลขที่ 152","งานสร้างท่อโค้ง 4-Ø125 มม. HDPE PE80 PN10 ขึ้นเสา ตามแบบมาตรฐานเลขที่ 152","งานสร้างท่อโค้ง 4-Ø125 มม. HDPE PE80 PN10 ขึ้นเสา ตามแบบมาตรฐานเลขที่ 152","งานสร้างท่อโค้ง 4-Ø125 มม. HDPE PE80 PN10 ขึ้นเสา ตามแบบมาตรฐานเลขที่ 152","งานสรา้ งท่อโค้ง 4-Ø125 มม. HDPE PE80 PN10 ขึ้นเสา ตามแบบมาตรฐานเลขที่ 152","งานสรา้ งท่อโค้ง 4-Ø125 มม. HDPE PE80 PN10 ขึ้นเสา ตามแบบมาตรฐานเลขที่ 152","จุด","จุด","จุด","จุด","จุด","จุด","10538","1595","12133","10538","1595","12133","10538","1595","12133","equal","equal","equal","order_constrained_name_unit_source_ordinal","high","0.952381","true","false","matched","false",""
"prod:1469324d-358f-4760-9ef7-9b2c6515a7b9","stable_uuid","1469324d-358f-4760-9ef7-9b2c6515a7b9","ITEM-0242","RSR-PL0-039","RSR-PL0-039","true","true","true","243","true","false","true","289","288","389","true","11","1","5","p11:t1:r5:display-25","75bee659e0a5cae7949844345df69875903179a2af954f4ff09082e55e0a4f34","งานสร้างท่อโค้ง 6-Ø125 มม. HDPE PE80 PN10 ขึ้นเสา ตามแบบมาตรฐานเลขที่ 152","งานสร้างท่อโค้ง 6-Ø125 มม. HDPE PE80 PN10 ขึ้นเสา ตามแบบมาตรฐานเลขที่ 152","งานสร้างท่อโค้ง 6-Ø125 มม. HDPE PE80 PN10 ขึ้นเสา ตามแบบมาตรฐานเลขที่ 152","งานสร้างท่อโค้ง 6-Ø125 มม. HDPE PE80 PN10 ขึ้นเสา ตามแบบมาตรฐานเลขที่ 152","งานสรา้ งท่อโค้ง 6-Ø125 มม. HDPE PE80 PN10 ขึ้นเสา ตามแบบมาตรฐานเลขที่ 152","งานสรา้ งท่อโค้ง 6-Ø125 มม. HDPE PE80 PN10 ขึ้นเสา ตามแบบมาตรฐานเลขที่ 152","จุด","จุด","จุด","จุด","จุด","จุด","13118","2258","15376","13118","2258","15376","13118","2258","15376","equal","equal","equal","order_constrained_name_unit_source_ordinal","high","0.952381","true","false","matched","false",""
"prod:e6f67ee5-8779-4045-8d32-5aff66fad3ec","stable_uuid","e6f67ee5-8779-4045-8d32-5aff66fad3ec","ITEM-0243","RSR-WL0-001","RSR-WL0-001","true","true","true","244","true","false","true","290","289","392","true","11","1","8","p11:t1:r8:display-1","137343773e5daac84aec81a6d2242d6654e39fa55d87113195039543edd5307a","งานสร้างท่อโค้ง 1-Ø2"" GIP ขึ้นผนัง  ตามแบบมาตรฐานเลขที่ 152","งานสร้างท่อโค้ง 1-Ø2"" GIP ขึ้นผนัง ตามแบบมาตรฐานเลขที่ 152","งานสร้างท่อโค้ง 1-Ø2"" GIP ขึ้นผนัง ตามแบบมาตรฐานเลขที่ 152","งานสร้างท่อโค้ง 1-Ø2"" GIP ขึ้นผนัง ตามแบบมาตรฐานเลขที่ 152","งานสรา้ งท่อโค้ง 1-Ø2"" GIP ขึ้นผนัง ตามแบบมาตรฐานเลขที่ 152","งานสรา้ งท่อโค้ง 1-Ø2"" GIP ขึ้นผนัง ตามแบบมาตรฐานเลขที่ 152","จุด","จุด","จุด","จุด","จุด","จุด","3403","1077","4480","3403","1077","4480","3403","1077","4480","equal","equal","equal","order_constrained_name_unit_source_ordinal","high","0.941176","true","true","matched","false",""
"prod:95546e5c-9ceb-4ce9-a62b-dc4651952e75","stable_uuid","95546e5c-9ceb-4ce9-a62b-dc4651952e75","ITEM-0244","RSR-WL0-002","RSR-WL0-002","true","true","true","245","true","false","true","291","290","393","true","11","1","9","p11:t1:r9:display-2","e370dc08d82e7db2b859d6e61d682cb47adcbc91ede74bf706f5986ed1bf69ac","งานสร้างท่อโค้ง 2-Ø2"" GIP ขึ้นผนัง  ตามแบบมาตรฐานเลขที่ 152","งานสร้างท่อโค้ง 2-Ø2"" GIP ขึ้นผนัง ตามแบบมาตรฐานเลขที่ 152","งานสร้างท่อโค้ง 2-Ø2"" GIP ขึ้นผนัง ตามแบบมาตรฐานเลขที่ 152","งานสร้างท่อโค้ง 2-Ø2"" GIP ขึ้นผนัง ตามแบบมาตรฐานเลขที่ 152","งานสรา้ งท่อโค้ง 2-Ø2"" GIP ขึ้นผนัง ตามแบบมาตรฐานเลขที่ 152","งานสรา้ งท่อโค้ง 2-Ø2"" GIP ขึ้นผนัง ตามแบบมาตรฐานเลขที่ 152","จุด","จุด","จุด","จุด","จุด","จุด","5050","1455","6505","5050","1455","6505","5050","1455","6505","equal","equal","equal","order_constrained_name_unit_source_ordinal","high","0.941176","true","true","matched","false",""
"prod:cc6d5d4a-ba93-4184-b50a-6485e8bf8d4c","stable_uuid","cc6d5d4a-ba93-4184-b50a-6485e8bf8d4c","ITEM-0245","RSR-WL0-003","RSR-WL0-003","true","true","true","246","true","false","true","292","291","394","true","11","1","10","p11:t1:r10:display-3","1182370af0a393b37559cd7d704b0ffbb65f4bdd7a1bf2f9d4be92bd53cbbd91","งานสร้างท่อโค้ง 4-Ø2"" GIP ขึ้นผนัง  ตามแบบมาตรฐานเลขที่ 152","งานสร้างท่อโค้ง 4-Ø2"" GIP ขึ้นผนัง ตามแบบมาตรฐานเลขที่ 152","งานสร้างท่อโค้ง 4-Ø2"" GIP ขึ้นผนัง ตามแบบมาตรฐานเลขที่ 152","งานสร้างท่อโค้ง 4-Ø2"" GIP ขึ้นผนัง ตามแบบมาตรฐานเลขที่ 152","งานสรา้ งท่อโค้ง 4-Ø2"" GIP ขึ้นผนัง ตามแบบมาตรฐานเลขที่ 152","งานสรา้ งท่อโค้ง 4-Ø2"" GIP ขึ้นผนัง ตามแบบมาตรฐานเลขที่ 152","จุด","จุด","จุด","จุด","จุด","จุด","8694","2490","11184","8694","2490","11184","8694","2490","11184","equal","equal","equal","order_constrained_name_unit_source_ordinal","high","0.941176","true","true","matched","false",""
"prod:8c5db550-aa4a-4352-ab3c-edef9fafff65","stable_uuid","8c5db550-aa4a-4352-ab3c-edef9fafff65","ITEM-0246","RSR-WL0-004","RSR-WL0-004","true","true","true","247","true","false","true","293","292","395","true","11","1","11","p11:t1:r11:display-4","dff6283a15a5c9394a1827be5106d00f7da99891edbf449559ff9bcec0682a25","งานสร้างท่อโค้ง 1-Ø3"" GIP ขึ้นผนัง  ตามแบบมาตรฐานเลขที่ 152","งานสร้างท่อโค้ง 1-Ø3"" GIP ขึ้นผนัง ตามแบบมาตรฐานเลขที่ 152","งานสร้างท่อโค้ง 1-Ø3"" GIP ขึ้นผนัง ตามแบบมาตรฐานเลขที่ 152","งานสร้างท่อโค้ง 1-Ø3"" GIP ขึ้นผนัง ตามแบบมาตรฐานเลขที่ 152","งานสรา้ งท่อโค้ง 1-Ø3"" GIP ขึ้นผนัง ตามแบบมาตรฐานเลขที่ 152","งานสรา้ งท่อโค้ง 1-Ø3"" GIP ขึ้นผนัง ตามแบบมาตรฐานเลขที่ 152","จุด","จุด","จุด","จุด","จุด","จุด","5039","1214","6253","5039","1214","6253","5039","1214","6253","equal","equal","equal","order_constrained_name_unit_source_ordinal","high","0.941176","true","true","matched","false",""
"prod:5c78ceaa-47e5-4c4e-ae99-215e83e74ed9","stable_uuid","5c78ceaa-47e5-4c4e-ae99-215e83e74ed9","ITEM-0247","RSR-WL0-005","RSR-WL0-005","true","true","true","248","true","false","true","294","293","396","true","11","1","12","p11:t1:r12:display-5","4cfdb2d550bc0a8a9e984a5ffceaa056957f84755ede6a1d8a085515e5623eac","งานสร้างท่อโค้ง 2-Ø3"" GIP ขึ้นผนัง  ตามแบบมาตรฐานเลขที่ 152","งานสร้างท่อโค้ง 2-Ø3"" GIP ขึ้นผนัง ตามแบบมาตรฐานเลขที่ 152","งานสร้างท่อโค้ง 2-Ø3"" GIP ขึ้นผนัง ตามแบบมาตรฐานเลขที่ 152","งานสร้างท่อโค้ง 2-Ø3"" GIP ขึ้นผนัง ตามแบบมาตรฐานเลขที่ 152","งานสรา้ งท่อโค้ง 2-Ø3"" GIP ขึ้นผนัง ตามแบบมาตรฐานเลขที่ 152","งานสรา้ งท่อโค้ง 2-Ø3"" GIP ขึ้นผนัง ตามแบบมาตรฐานเลขที่ 152","จุด","จุด","จุด","จุด","จุด","จุด","8484","1758","10242","8484","1758","10242","8484","1758","10242","equal","equal","equal","order_constrained_name_unit_source_ordinal","high","0.941176","true","true","matched","false",""
"prod:dc859cc7-8abe-43b8-9a2b-13103d8b7207","stable_uuid","dc859cc7-8abe-43b8-9a2b-13103d8b7207","ITEM-0248","RSR-WL0-006","RSR-WL0-006","true","true","true","249","true","false","true","295","294","397","true","11","1","13","p11:t1:r13:display-6","fd4ca4545341aa25672f6a1998e05355f291f44d794f5bc321fccbbb48259403","งานสร้างท่อโค้ง 4-Ø3"" GIP ขึ้นผนัง  ตามแบบมาตรฐานเลขที่ 152","งานสร้างท่อโค้ง 4-Ø3"" GIP ขึ้นผนัง ตามแบบมาตรฐานเลขที่ 152","งานสร้างท่อโค้ง 4-Ø3"" GIP ขึ้นผนัง ตามแบบมาตรฐานเลขที่ 152","งานสร้างท่อโค้ง 4-Ø3"" GIP ขึ้นผนัง ตามแบบมาตรฐานเลขที่ 152","งานสรา้ งท่อโค้ง 4-Ø3"" GIP ขึ้นผนัง ตามแบบมาตรฐานเลขที่ 152","งานสรา้ งท่อโค้ง 4-Ø3"" GIP ขึ้นผนัง ตามแบบมาตรฐานเลขที่ 152","จุด","จุด","จุด","จุด","จุด","จุด","15853","3038","18891","15853","3038","18891","15853","3038","18891","equal","equal","equal","order_constrained_name_unit_source_ordinal","high","0.941176","true","true","matched","false",""
"prod:d2e06d1f-fffb-4a34-9d67-5da8487bb815","stable_uuid","d2e06d1f-fffb-4a34-9d67-5da8487bb815","ITEM-0249","RSR-WL0-007","RSR-WL0-007","true","true","true","250","true","false","true","296","295","398","true","11","1","14","p11:t1:r14:display-7","153376dfb67393e9ff8b5d2dfa8aeb0bc1f5d877fff3e03e37c37ce7a143ce3d","งานสร้างท่อโค้ง 1-Ø4"" GIP ขึ้นผนัง  ตามแบบมาตรฐานเลขที่ 152","งานสร้างท่อโค้ง 1-Ø4"" GIP ขึ้นผนัง ตามแบบมาตรฐานเลขที่ 152","งานสร้างท่อโค้ง 1-Ø4"" GIP ขึ้นผนัง ตามแบบมาตรฐานเลขที่ 152","งานสร้างท่อโค้ง 1-Ø4"" GIP ขึ้นผนัง ตามแบบมาตรฐานเลขที่ 152","งานสรา้ งท่อโค้ง 1-Ø4"" GIP ขึ้นผนัง ตามแบบมาตรฐานเลขที่ 152","งานสรา้ งท่อโค้ง 1-Ø4"" GIP ขึ้นผนัง ตามแบบมาตรฐานเลขที่ 152","จุด","จุด","จุด","จุด","จุด","จุด","5378","1021","6399","5378","1021","6399","5378","1021","6399","equal","equal","equal","order_constrained_name_unit_source_ordinal","high","0.941176","true","true","matched","false",""
"prod:2b297a88-5544-4e99-bac0-9c3795530bce","stable_uuid","2b297a88-5544-4e99-bac0-9c3795530bce","ITEM-0250","RSR-WL0-008","RSR-WL0-008","true","true","true","251","true","false","true","297","296","399","true","11","1","15","p11:t1:r15:display-8","1b73915d1e750ab8cbb921ca5daa1a8205426b71ba53b42eede3dc6795960951","งานสร้างท่อโค้ง 2-Ø4"" GIP ขึ้นผนัง  ตามแบบมาตรฐานเลขที่ 152","งานสร้างท่อโค้ง 2-Ø4"" GIP ขึ้นผนัง ตามแบบมาตรฐานเลขที่ 152","งานสร้างท่อโค้ง 2-Ø4"" GIP ขึ้นผนัง ตามแบบมาตรฐานเลขที่ 152","งานสร้างท่อโค้ง 2-Ø4"" GIP ขึ้นผนัง ตามแบบมาตรฐานเลขที่ 152","งานสรา้ งท่อโค้ง 2-Ø4"" GIP ขึ้นผนัง ตามแบบมาตรฐานเลขที่ 152","งานสรา้ งท่อโค้ง 2-Ø4"" GIP ขึ้นผนัง ตามแบบมาตรฐานเลขที่ 152","จุด","จุด","จุด","จุด","จุด","จุด","9627","1552","11179","9627","1552","11179","9627","1552","11179","equal","equal","equal","order_constrained_name_unit_source_ordinal","high","0.941176","true","true","matched","false",""
"prod:a283c48a-2922-4bde-bb0c-0929ed0d911f","stable_uuid","a283c48a-2922-4bde-bb0c-0929ed0d911f","ITEM-0251","RSR-WL0-009","RSR-WL0-009","true","true","true","252","true","false","true","298","297","400","true","11","1","16","p11:t1:r16:display-9","9722a38871013229edfbfcac46e9f1f0dbbca920e9b65253f130588b6638374d","งานสร้างท่อโค้ง 4-Ø4"" GIP ขึ้นผนัง  ตามแบบมาตรฐานเลขที่ 152","งานสร้างท่อโค้ง 4-Ø4"" GIP ขึ้นผนัง ตามแบบมาตรฐานเลขที่ 152","งานสร้างท่อโค้ง 4-Ø4"" GIP ขึ้นผนัง ตามแบบมาตรฐานเลขที่ 152","งานสร้างท่อโค้ง 4-Ø4"" GIP ขึ้นผนัง ตามแบบมาตรฐานเลขที่ 152","งานสรา้ งท่อโค้ง 4-Ø4"" GIP ขึ้นผนัง ตามแบบมาตรฐานเลขที่ 152","งานสรา้ งท่อโค้ง 4-Ø4"" GIP ขึ้นผนัง ตามแบบมาตรฐานเลขที่ 152","จุด","จุด","จุด","จุด","จุด","จุด","17456","2515","19971","17456","2515","19971","17456","2515","19971","equal","equal","equal","order_constrained_name_unit_source_ordinal","high","0.941176","true","true","matched","false",""
"prod:5db89eea-9798-416f-8134-2f7989bc1122","stable_uuid","5db89eea-9798-416f-8134-2f7989bc1122","ITEM-0252","RSR-WL0-010","RSR-WL0-010","true","true","true","253","true","false","true","299","298","401","true","11","1","17","p11:t1:r17:display-10","610536a4b64daabb3b91df5f35287963e1860cb013f07e0bab589e44e5dde12e","งานสร้างท่อโค้ง 1-Ø110 มม. HDPE PE80 PN8 ขึ้นผนัง ตามแบบมาตรฐานเลขที่ 152","งานสร้างท่อโค้ง 1-Ø110 มม. HDPE PE80 PN8 ขึ้นผนัง ตามแบบมาตรฐานเลขที่ 152","งานสร้างท่อโค้ง 1-Ø110 มม. HDPE PE80 PN8 ขึ้นผนัง ตามแบบมาตรฐานเลขที่ 152","งานสร้างท่อโค้ง 1-Ø110 มม. HDPE PE80 PN8 ขึ้นผนัง ตามแบบมาตรฐานเลขที่ 152","งานสรา้ งท่อโค้ง 1-Ø110 มม. HDPE PE80 PN8 ขึ้นผนัง ตามแบบมาตรฐานเลขที่ 152","งานสรา้ งท่อโค้ง 1-Ø110 มม. HDPE PE80 PN8 ขึ้นผนัง ตามแบบมาตรฐานเลขที่ 152","จุด","จุด","จุด","จุด","จุด","จุด","5969","1850","7819","5969","1850","7819","5969","1850","7819","equal","equal","equal","order_constrained_name_unit_source_ordinal","high","0.952381","true","true","matched","false",""
"prod:4c040efd-c1f6-41e1-8c55-1752356ecdd5","stable_uuid","4c040efd-c1f6-41e1-8c55-1752356ecdd5","ITEM-0253","RSR-WL0-011","RSR-WL0-011","true","true","true","254","true","false","true","300","299","402","true","11","1","18","p11:t1:r18:display-11","1f3330a3f2868d816e9785bbdc846b1bed26e37cefc1b4a7fd7c7bb8cf954c51","งานสร้างท่อโค้ง 2-Ø110 มม. HDPE PE80 PN8 ขึ้นผนัง ตามแบบมาตรฐานเลขที่ 152","งานสร้างท่อโค้ง 2-Ø110 มม. HDPE PE80 PN8 ขึ้นผนัง ตามแบบมาตรฐานเลขที่ 152","งานสร้างท่อโค้ง 2-Ø110 มม. HDPE PE80 PN8 ขึ้นผนัง ตามแบบมาตรฐานเลขที่ 152","งานสร้างท่อโค้ง 2-Ø110 มม. HDPE PE80 PN8 ขึ้นผนัง ตามแบบมาตรฐานเลขที่ 152","งานสรา้ งท่อโค้ง 2-Ø110 มม. HDPE PE80 PN8 ขึ้นผนัง ตามแบบมาตรฐานเลขที่ 152","งานสรา้ งท่อโค้ง 2-Ø110 มม. HDPE PE80 PN8 ขึ้นผนัง ตามแบบมาตรฐานเลขที่ 152","จุด","จุด","จุด","จุด","จุด","จุด","7967","2070","10037","7967","2070","10037","7967","2070","10037","equal","equal","equal","order_constrained_name_unit_source_ordinal","high","0.952381","true","true","matched","false",""
"prod:d8b0f3d5-8ca4-4530-ab78-9beb1158102d","stable_uuid","d8b0f3d5-8ca4-4530-ab78-9beb1158102d","ITEM-0254","RSR-CB0-001","RSR-CB0-001","true","true","true","255","true","false","true","301","300","405","true","11","1","21","p11:t1:r21:display-1","07eaa64bf10fcbaf178a737c7c82538bef6857168517e1607ac47c4869ea302e","งานสร้างท่อโค้ง 2-Ø110 มม. HDPE PE80 PN8 ขึ้นตู้ผ่าน ตามแบบมาตรฐานเลขที่ 152","งานสร้างท่อโค้ง 2-Ø110 มม. HDPE PE80 PN8 ขึ้นตู้ผ่าน ตามแบบมาตรฐานเลขที่ 152","งานสร้างท่อโค้ง 2-Ø110 มม. HDPE PE80 PN8 ขึ้นตู้ผ่าน ตามแบบมาตรฐานเลขที่ 152","งานสร้างท่อโค้ง 2-Ø110 มม. HDPE PE80 PN8 ขึ้นตู้ผ่าน ตามแบบมาตรฐานเลขที่ 152","งานสรา้ งท่อโค้ง 2-Ø110 มม. HDPE PE80 PN8 ขึ้นตู้ผ่าน ตามแบบมาตรฐานเลขที่ 152","งานสรา้ งท่อโค้ง 2-Ø110 มม. HDPE PE80 PN8 ขึ้นตู้ผ่าน ตามแบบมาตรฐานเลขที่ 152","จุด","จุด","จุด","จุด","จุด","จุด","3910","883","4793","3910","883","4793","3910","883","4793","equal","equal","equal","order_constrained_name_unit_source_ordinal","high","0.954545","true","true","matched","false",""
"prod:d6b9a79b-5950-4e91-ab8f-69394665636e","stable_uuid","d6b9a79b-5950-4e91-ab8f-69394665636e","ITEM-0255","RSR-CB0-002","RSR-CB0-002","true","true","true","256","true","false","true","302","301","406","true","11","1","22","p11:t1:r22:display-2","cf60e231138060e6986d243551aa5ec8e85bef30bafea9ce14244306d550ea01","งานสร้างท่อโค้ง 4-Ø110 มม. HDPE PE80 PN8 ขึ้นตู้ผ่าน ตามแบบมาตรฐานเลขที่ 152","งานสร้างท่อโค้ง 4-Ø110 มม. HDPE PE80 PN8 ขึ้นตู้ผ่าน ตามแบบมาตรฐานเลขที่ 152","งานสร้างท่อโค้ง 4-Ø110 มม. HDPE PE80 PN8 ขึ้นตู้ผ่าน ตามแบบมาตรฐานเลขที่ 152","งานสร้างท่อโค้ง 4-Ø110 มม. HDPE PE80 PN8 ขึ้นตู้ผ่าน ตามแบบมาตรฐานเลขที่ 152","งานสรา้ งท่อโค้ง 4-Ø110 มม. HDPE PE80 PN8 ขึ้นตู้ผ่าน ตามแบบมาตรฐานเลขที่ 152","งานสรา้ งท่อโค้ง 4-Ø110 มม. HDPE PE80 PN8 ขึ้นตู้ผ่าน ตามแบบมาตรฐานเลขที่ 152","จุด","จุด","จุด","จุด","จุด","จุด","6843","1318","8161","6843","1318","8161","6843","1318","8161","equal","equal","equal","order_constrained_name_unit_source_ordinal","high","0.954545","true","true","matched","false",""
"prod:198c3344-8dd4-4119-9b7a-cb9a83439099","stable_uuid","198c3344-8dd4-4119-9b7a-cb9a83439099","ITEM-0256","RSR-CB0-003","RSR-CB0-003","true","true","true","257","true","false","true","303","302","407","true","11","1","23","p11:t1:r23:display-3","1e0c2180f266e62e8b81bc75d7d45a298590f9656059737fc4f76a667182dd65","งานสร้างท่อโค้ง 6-Ø110 มม. HDPE PE80 PN8 ขึ้นตู้ผ่าน ตามแบบมาตรฐานเลขที่ 152","งานสร้างท่อโค้ง 6-Ø110 มม. HDPE PE80 PN8 ขึ้นตู้ผ่าน ตามแบบมาตรฐานเลขที่ 152","งานสร้างท่อโค้ง 6-Ø110 มม. HDPE PE80 PN8 ขึ้นตู้ผ่าน ตามแบบมาตรฐานเลขที่ 152","งานสร้างท่อโค้ง 6-Ø110 มม. HDPE PE80 PN8 ขึ้นตู้ผ่าน ตามแบบมาตรฐานเลขที่ 152","งานสรา้ งท่อโค้ง 6-Ø110 มม. HDPE PE80 PN8 ขึ้นตู้ผ่าน ตามแบบมาตรฐานเลขที่ 152","งานสรา้ งท่อโค้ง 6-Ø110 มม. HDPE PE80 PN8 ขึ้นตู้ผ่าน ตามแบบมาตรฐานเลขที่ 152","จุด","จุด","จุด","จุด","จุด","จุด","10237","1969","12206","10237","1969","12206","10237","1969","12206","equal","equal","equal","order_constrained_name_unit_source_ordinal","high","0.954545","true","true","matched","false",""
"prod:726fe6eb-b2bd-4200-b1e7-1bd4efa125f2","stable_uuid","726fe6eb-b2bd-4200-b1e7-1bd4efa125f2","ITEM-0257","RSR-CB0-004","RSR-CB0-004","true","true","true","258","true","false","true","304","303","408","true","11","1","24","p11:t1:r24:display-4","0d4df1701907ea3cc844c120c4f15428fdd0ca18a09ddf69a78fd92541443760","งานสร้างท่อโค้ง 4-Ø125 มม. HDPE PE80 PN8 ขึ้นตู้ผ่าน ตามแบบมาตรฐานเลขที่ 152","งานสร้างท่อโค้ง 4-Ø125 มม. HDPE PE80 PN8 ขึ้นตู้ผ่าน ตามแบบมาตรฐานเลขที่ 152","งานสร้างท่อโค้ง 4-Ø125 มม. HDPE PE80 PN8 ขึ้นตู้ผ่าน ตามแบบมาตรฐานเลขที่ 152","งานสร้างท่อโค้ง 4-Ø125 มม. HDPE PE80 PN8 ขึ้นตู้ผ่าน ตามแบบมาตรฐานเลขที่ 152","งานสรา้ งท่อโค้ง 4-Ø125 มม. HDPE PE80 PN8 ขึ้นตู้ผ่าน ตามแบบมาตรฐานเลขที่ 152","งานสรา้ งท่อโค้ง 4-Ø125 มม. HDPE PE80 PN8 ขึ้นตู้ผ่าน ตามแบบมาตรฐานเลขที่ 152","จุด","จุด","จุด","จุด","จุด","จุด","6843","1318","8161","6843","1318","8161","6843","1318","8161","equal","equal","equal","order_constrained_name_unit_source_ordinal","high","0.954545","true","true","matched","false",""
"prod:890b1396-46ca-45e9-b403-af184b901785","stable_uuid","890b1396-46ca-45e9-b403-af184b901785","ITEM-0258","RSR-TB0-001","RSR-TB0-001","true","true","true","259","true","false","true","305","304","411","true","11","1","27","p11:t1:r27:display-1","c2fa3d721695aa3e6f8b7efce4260d141e625c86b5a1fb3bf2328be68783db36","งานสร้างท่อโค้งขึ้นตู้สาธารณะ Riser Steel Pole Type A 1-Ø2"" (2.50 m) To Terminal Box","งานสร้างท่อโค้งขึ้นตู้สาธารณะ Riser Steel Pole Type A 1-Ø2"" (2.50 m) To Terminal Box","งานสร้างท่อโค้งขึ้นตู้สาธารณะ Riser Steel Pole Type A 1-Ø2"" (2.50 m) To Terminal Box","งานสร้างท่อโค้งขึ้นตู้สาธารณะ Riser Steel Pole Type A 1-Ø2"" (2.50 m) To Terminal Box","งานสรา้ งท่อโค้งขึ้นตู้สาธารณะ Riser Steel Pole Type A 1-Ø2"" (2.50 m) To Terminal Box","งานสรา้ งท่อโค้งขึ้นตู้สาธารณะ Riser Steel Pole Type A 1-Ø2"" (2.50 m) To Terminal Box","จุด","จุด","จุด","จุด","จุด","จุด","3307","333","3640","3307","333","3640","3307","333","3640","equal","equal","equal","order_constrained_name_unit_source_ordinal","high","0.955882","true","true","matched","false",""
"prod:04275bce-c579-4b83-adc3-70410d165c78","stable_uuid","04275bce-c579-4b83-adc3-70410d165c78","ITEM-0259","RSR-TB0-002","RSR-TB0-002","true","true","true","260","true","false","true","306","305","412","true","11","1","28","p11:t1:r28:display-2","b5025ef6065aca36b219bee2954aa935375b9ed587133fd5fbd4c895324de444","งานสร้างท่อโค้งขึ้นตู้สาธารณะ Riser Steel Pole Type B 1-Ø2"" (3.00 m) To Terminal Box","งานสร้างท่อโค้งขึ้นตู้สาธารณะ Riser Steel Pole Type B 1-Ø2"" (3.00 m) To Terminal Box","งานสร้างท่อโค้งขึ้นตู้สาธารณะ Riser Steel Pole Type B 1-Ø2"" (3.00 m) To Terminal Box","งานสร้างท่อโค้งขึ้นตู้สาธารณะ Riser Steel Pole Type B 1-Ø2"" (3.00 m) To Terminal Box","งานสรา้ งท่อโค้งขึ้นตู้สาธารณะ Riser Steel Pole Type B 1-Ø2"" (3.00 m) To Terminal Box","งานสรา้ งท่อโค้งขึ้นตู้สาธารณะ Riser Steel Pole Type B 1-Ø2"" (3.00 m) To Terminal Box","จุด","จุด","จุด","จุด","จุด","จุด","3549","380","3929","3549","380","3929","3549","380","3929","equal","equal","equal","order_constrained_name_unit_source_ordinal","high","0.955882","true","true","matched","false",""
"prod:07cebb8a-ed50-4162-b787-a70dc1a1dd10","stable_uuid","07cebb8a-ed50-4162-b787-a70dc1a1dd10","ITEM-0260","RSR-TB0-003","RSR-TB0-003","true","true","true","261","true","false","true","307","306","413","true","11","1","29","p11:t1:r29:display-3","60aa21608ce70b99e1a224c112ce76d08883489f19c85cda3de8c94b626ddbee","งานสร้างท่อโค้งขึ้นตู้สาธารณะ Riser Steel Pole Type C 1-Ø2"" (3.50 m) To Terminal Box","งานสร้างท่อโค้งขึ้นตู้สาธารณะ Riser Steel Pole Type C 1-Ø2"" (3.50 m) To Terminal Box","งานสร้างท่อโค้งขึ้นตู้สาธารณะ Riser Steel Pole Type C 1-Ø2"" (3.50 m) To Terminal Box","งานสร้างท่อโค้งขึ้นตู้สาธารณะ Riser Steel Pole Type C 1-Ø2"" (3.50 m) To Terminal Box","งานสรา้ งท่อโค้งขึ้นตู้สาธารณะ Riser Steel Pole Type C 1-Ø2"" (3.50 m) To Terminal Box","งานสรา้ งท่อโค้งขึ้นตู้สาธารณะ Riser Steel Pole Type C 1-Ø2"" (3.50 m) To Terminal Box","จุด","จุด","จุด","จุด","จุด","จุด","3715","408","4123","3715","408","4123","3715","408","4123","equal","equal","equal","order_constrained_name_unit_source_ordinal","high","0.955882","true","true","matched","false",""
"prod:305f1df1-1cb5-4934-a824-89d017169077","stable_uuid","305f1df1-1cb5-4934-a824-89d017169077","ITEM-0261","RSR-TB0-004","RSR-TB0-004","true","true","true","262","true","false","true","308","307","414","true","11","1","30","p11:t1:r30:display-4","9156f87a1391daf9e7ad1ae1a5824f18c0e46c449ee4978ed3eac61bced7e93b","งานสร้างท่อโค้งขึ้นตู้สาธารณะ Riser Steel Pole Type A 1-Ø3"" (2.50 m) To Terminal Box","งานสร้างท่อโค้งขึ้นตู้สาธารณะ Riser Steel Pole Type A 1-Ø3"" (2.50 m) To Terminal Box","งานสร้างท่อโค้งขึ้นตู้สาธารณะ Riser Steel Pole Type A 1-Ø3"" (2.50 m) To Terminal Box","งานสร้างท่อโค้งขึ้นตู้สาธารณะ Riser Steel Pole Type A 1-Ø3"" (2.50 m) To Terminal Box","งานสรา้ งท่อโค้งขึ้นตู้สาธารณะ Riser Steel Pole Type A 1-Ø3"" (2.50 m) To Terminal Box","งานสรา้ งท่อโค้งขึ้นตู้สาธารณะ Riser Steel Pole Type A 1-Ø3"" (2.50 m) To Terminal Box","จุด","จุด","จุด","จุด","จุด","จุด","4838","437","5275","4838","437","5275","4838","437","5275","equal","equal","equal","order_constrained_name_unit_source_ordinal","high","0.955882","true","true","matched","false",""
"prod:185bc4f9-dff0-4677-8b97-825a84d6e0a4","stable_uuid","185bc4f9-dff0-4677-8b97-825a84d6e0a4","ITEM-0262","RSR-TB0-005","RSR-TB0-005","true","true","true","263","true","false","true","309","308","415","true","11","1","31","p11:t1:r31:display-5","0e8a10b79fd418b96de6ae55ad659e5614518da068c4c8223f624fa7bffda293","งานสร้างท่อโค้งขึ้นตู้สาธารณะ Riser Steel Pole Type B 1-Ø3"" (3.00 m) To Terminal Box","งานสร้างท่อโค้งขึ้นตู้สาธารณะ Riser Steel Pole Type B 1-Ø3"" (3.00 m) To Terminal Box","งานสร้างท่อโค้งขึ้นตู้สาธารณะ Riser Steel Pole Type B 1-Ø3"" (3.00 m) To Terminal Box","งานสร้างท่อโค้งขึ้นตู้สาธารณะ Riser Steel Pole Type B 1-Ø3"" (3.00 m) To Terminal Box","งานสรา้ งท่อโค้งขึ้นตู้สาธารณะ Riser Steel Pole Type B 1-Ø3"" (3.00 m) To Terminal Box","งานสรา้ งท่อโค้งขึ้นตู้สาธารณะ Riser Steel Pole Type B 1-Ø3"" (3.00 m) To Terminal Box","จุด","จุด","จุด","จุด","จุด","จุด","5249","478","5727","5249","478","5727","5249","478","5727","equal","equal","equal","order_constrained_name_unit_source_ordinal","high","0.955882","true","true","matched","false",""
"prod:d17fdd40-2fec-45a9-801e-96120ac07740","stable_uuid","d17fdd40-2fec-45a9-801e-96120ac07740","ITEM-0263","RSR-TB0-006","RSR-TB0-006","true","true","true","264","true","false","true","310","309","416","true","11","1","32","p11:t1:r32:display-6","69e873c9bb415d4c1ac3cf181adccc1808386629f8d8755130f6a60fe16072db","งานสร้างท่อโค้งขึ้นตู้สาธารณะ Riser Steel Pole Type C 1-Ø3"" (3.50 m) To Terminal Box","งานสร้างท่อโค้งขึ้นตู้สาธารณะ Riser Steel Pole Type C 1-Ø3"" (3.50 m) To Terminal Box","งานสร้างท่อโค้งขึ้นตู้สาธารณะ Riser Steel Pole Type C 1-Ø3"" (3.50 m) To Terminal Box","งานสร้างท่อโค้งขึ้นตู้สาธารณะ Riser Steel Pole Type C 1-Ø3"" (3.50 m) To Terminal Box","งานสรา้ งท่อโค้งขึ้นตู้สาธารณะ Riser Steel Pole Type C 1-Ø3"" (3.50 m) To Terminal Box","งานสรา้ งท่อโค้งขึ้นตู้สาธารณะ Riser Steel Pole Type C 1-Ø3"" (3.50 m) To Terminal Box","จุด","จุด","จุด","จุด","จุด","จุด","6356","558","6914","6356","558","6914","6356","558","6914","equal","equal","equal","order_constrained_name_unit_source_ordinal","high","0.955882","true","true","matched","false",""
"prod:d77b0731-bbbb-4e0f-8594-1cf07f263f20","stable_uuid","d77b0731-bbbb-4e0f-8594-1cf07f263f20","ITEM-0264","RSR-DT3-001","RSR-DT3-001","true","true","true","265","true","false","true","311","310","419","true","12","1","4","p12:t1:r4:display-1","47d72d7e019a81b05a64015b7635ce019bffa2fe4b77df43df7ea435c4858133","งานสร้างท่อแยก Distribution 3 Way  Y Ø4"" Reduce Ø2""","งานสร้างท่อแยก Distribution 3 Way Y Ø4"" Reduce Ø2""","งานสร้างท่อแยก Distribution 3 Way Y Ø4"" Reduce Ø2""","งานสร้างท่อแยก Distribution 3 Way Y Ø4"" Reduce Ø2""","งานสรา้ งท่อแยก Distribution 3 Way Y Ø4"" Reduce Ø2""","งานสรา้ งท่อแยก Distribution 3 Way Y Ø4"" Reduce Ø2""","จุด","จุด","จุด","จุด","จุด","จุด","150","100","250","150","100","250","150","100","250","equal","equal","equal","order_constrained_name_unit_source_ordinal","high","0.925","true","true","matched","false",""
"prod:bb409432-5f04-4856-a35b-ab883a8108eb","stable_uuid","bb409432-5f04-4856-a35b-ab883a8108eb","ITEM-0265","RSR-DT3-002","RSR-DT3-002","true","true","true","266","true","false","true","312","311","420","true","12","1","5","p12:t1:r5:display-2","c662d1ae721724e0ea139c0da890b7023cda3a98a0e6e9976ba904abd212b2af","งานสร้างท่อแยก Distribution 3 Way  Y Ø4"" Reduce Ø3""","งานสร้างท่อแยก Distribution 3 Way Y Ø4"" Reduce Ø3""","งานสร้างท่อแยก Distribution 3 Way Y Ø4"" Reduce Ø3""","งานสร้างท่อแยก Distribution 3 Way Y Ø4"" Reduce Ø3""","งานสรา้ งท่อแยก Distribution 3 Way Y Ø4"" Reduce Ø3""","งานสรา้ งท่อแยก Distribution 3 Way Y Ø4"" Reduce Ø3""","จุด","จุด","จุด","จุด","จุด","จุด","175","100","275","175","100","275","175","100","275","equal","equal","equal","order_constrained_name_unit_source_ordinal","high","0.925","true","true","matched","false",""
"prod:b9123574-c5c5-4174-a4bb-ddef48616707","stable_uuid","b9123574-c5c5-4174-a4bb-ddef48616707","ITEM-0266","RSR-DT3-003","RSR-DT3-003","true","true","true","267","true","false","true","313","312","421","true","12","1","6","p12:t1:r6:display-3","a409191859c4408acd6659089c60dadc4c99364a9b4d39d88ca82916fc4be3ba","งานสร้างท่อแยก Distribution 3 Way  Y Ø5"" Reduce Ø2""","งานสร้างท่อแยก Distribution 3 Way Y Ø5"" Reduce Ø2""","งานสร้างท่อแยก Distribution 3 Way Y Ø5"" Reduce Ø2""","งานสร้างท่อแยก Distribution 3 Way Y Ø5"" Reduce Ø2""","งานสรา้ งท่อแยก Distribution 3 Way Y Ø5"" Reduce Ø2""","งานสรา้ งท่อแยก Distribution 3 Way Y Ø5"" Reduce Ø2""","จุด","จุด","จุด","จุด","จุด","จุด","360","100","460","360","100","460","360","100","460","equal","equal","equal","order_constrained_name_unit_source_ordinal","high","0.925","true","true","matched","false",""
"prod:5ca846db-94ad-4c8e-abf6-8490a4c80a18","stable_uuid","5ca846db-94ad-4c8e-abf6-8490a4c80a18","ITEM-0267","RSR-DT3-004","RSR-DT3-004","true","true","true","268","true","false","true","314","313","422","true","12","1","7","p12:t1:r7:display-4","4eadd7065a05496ea2641d4daf72c5a4591de9ea5a4e3d29a9de8d6a43546be9","งานสร้างท่อแยก Distribution 3 Way  Y Ø5"" Reduce Ø3""","งานสร้างท่อแยก Distribution 3 Way Y Ø5"" Reduce Ø3""","งานสร้างท่อแยก Distribution 3 Way Y Ø5"" Reduce Ø3""","งานสร้างท่อแยก Distribution 3 Way Y Ø5"" Reduce Ø3""","งานสรา้ งท่อแยก Distribution 3 Way Y Ø5"" Reduce Ø3""","งานสรา้ งท่อแยก Distribution 3 Way Y Ø5"" Reduce Ø3""","จุด","จุด","จุด","จุด","จุด","จุด","390","100","490","390","100","490","390","100","490","equal","equal","equal","order_constrained_name_unit_source_ordinal","high","0.925","true","true","matched","false",""
"prod:67ebcee4-f9fa-40f3-8fae-c6b8e46bf0d2","stable_uuid","67ebcee4-f9fa-40f3-8fae-c6b8e46bf0d2","ITEM-0268","RSR-DT3-005","RSR-DT3-005","true","true","true","269","true","false","true","315","314","423","true","12","1","8","p12:t1:r8:display-5","3c92162b0483f74d7eae1aa4eccdfbffba65c2286d5e47ffb1316087c75ef497","งานสร้างท่อแยก Distribution 3 Way  Y Ø6"" Reduce Ø2""","งานสร้างท่อแยก Distribution 3 Way Y Ø6"" Reduce Ø2""","งานสร้างท่อแยก Distribution 3 Way Y Ø6"" Reduce Ø2""","งานสร้างท่อแยก Distribution 3 Way Y Ø6"" Reduce Ø2""","งานสรา้ งท่อแยก Distribution 3 Way Y Ø6"" Reduce Ø2""","งานสรา้ งท่อแยก Distribution 3 Way Y Ø6"" Reduce Ø2""","จุด","จุด","จุด","จุด","จุด","จุด","590","100","690","590","100","690","590","100","690","equal","equal","equal","order_constrained_name_unit_source_ordinal","high","0.925","true","true","matched","false",""
"prod:b0508a2c-500c-48ce-a2a3-e22044b8722e","stable_uuid","b0508a2c-500c-48ce-a2a3-e22044b8722e","ITEM-0269","RSR-DT3-006","RSR-DT3-006","true","true","true","270","true","false","true","316","315","424","true","12","1","9","p12:t1:r9:display-6","901d4aab7ff8a0f8ec5be6041433758b29d013405c5712b8a2d5328864666db2","งานสร้างท่อแยก Distribution 3 Way  Y Ø6"" Reduce Ø3""","งานสร้างท่อแยก Distribution 3 Way Y Ø6"" Reduce Ø3""","งานสร้างท่อแยก Distribution 3 Way Y Ø6"" Reduce Ø3""","งานสร้างท่อแยก Distribution 3 Way Y Ø6"" Reduce Ø3""","งานสรา้ งท่อแยก Distribution 3 Way Y Ø6"" Reduce Ø3""","งานสรา้ งท่อแยก Distribution 3 Way Y Ø6"" Reduce Ø3""","จุด","จุด","จุด","จุด","จุด","จุด","650","100","750","650","100","750","650","100","750","equal","equal","equal","order_constrained_name_unit_source_ordinal","high","0.925","true","true","matched","false",""
"prod:7eef8e7e-574d-4fef-8ddb-f2debaf1d725","stable_uuid","7eef8e7e-574d-4fef-8ddb-f2debaf1d725","ITEM-0270","RSR-DT3-007","RSR-DT3-007","true","true","true","271","true","false","true","317","316","425","true","12","1","10","p12:t1:r10:display-7","3a88fec0c69672c230347a29120ca9040f87c61cfe43b3356de16c8205ae6362","งานสร้างท่อแยก Distribution 3 Way  Y Ø6"" Reduce Ø4""","งานสร้างท่อแยก Distribution 3 Way Y Ø6"" Reduce Ø4""","งานสร้างท่อแยก Distribution 3 Way Y Ø6"" Reduce Ø4""","งานสร้างท่อแยก Distribution 3 Way Y Ø6"" Reduce Ø4""","งานสรา้ งท่อแยก Distribution 3 Way Y Ø6"" Reduce Ø4""","งานสรา้ งท่อแยก Distribution 3 Way Y Ø6"" Reduce Ø4""","จุด","จุด","จุด","จุด","จุด","จุด","800","100","900","800","100","900","800","100","900","equal","equal","equal","order_constrained_name_unit_source_ordinal","high","0.925","true","true","matched","false",""
"prod:c1b072af-4677-4eb5-b970-44adfd3e057b","stable_uuid","c1b072af-4677-4eb5-b970-44adfd3e057b","ITEM-0271","RSR-SVC-001","RSR-SVC-001","true","true","true","272","true","false","true","318","317","428","true","12","1","13","p12:t1:r13:display-1","3fe4b09efb769147322b99cda682945d3ed24e266a28c8f029ab7f4cc72b148a","งานสร้างท่อโค้ง RISER SERVICE 1-Ø1½"" PVC 0.25 ม.","งานสร้างท่อโค้ง RISER SERVICE 1-Ø11⁄2"" PVC 0.25 ม.","งานสร้างท่อโค้ง RISER SERVICE 1-Ø1½"" PVC 0.25 ม.","งานสร้างท่อโค้ง RISER SERVICE 1-Ø11⁄2"" PVC 0.25 ม.","งานสรา้ งท่อโค้ง RISER SERVICE 1-Ø11⁄2"" PVC 0.25 ม.","งานสรา้ งท่อโค้ง RISER SERVICE 1-Ø11⁄2"" PVC 0.25 ม.","ชุด","ชุด","ชุด","ชุด","ชุด","ชุด","131","62","193","131","62","193","131","62","193","equal","equal","equal","order_constrained_name_unit_source_ordinal","high","0.925","true","true","matched","false",""
"prod:893cbd8e-e654-460e-904f-1836d077f857","stable_uuid","893cbd8e-e654-460e-904f-1836d077f857","ITEM-0272","RSR-SVC-002","RSR-SVC-002","true","true","true","273","true","false","true","319","318","429","true","12","1","14","p12:t1:r14:display-2","53e28d19aa243080c60e01af08c18834485f280ef4b19e9f135b6d43b5b79ac6","งานสร้างท่อโค้ง RISER SERVICE 1-Ø50 มม. HDPE PE80 PN8 0.30 ม.","งานสร้างท่อโค้ง RISER SERVICE 1-Ø50 มม. HDPE PE80 PN8 0.30 ม.","งานสร้างท่อโค้ง RISER SERVICE 1-Ø50 มม. HDPE PE80 PN8 0.30 ม.","งานสร้างท่อโค้ง RISER SERVICE 1-Ø50 มม. HDPE PE80 PN8 0.30 ม.","งานสรา้ งท่อโค้ง RISER SERVICE 1-Ø50 มม. HDPE PE80 PN8 0.30 ม.","งานสรา้ งท่อโค้ง RISER SERVICE 1-Ø50 มม. HDPE PE80 PN8 0.30 ม.","ชุด","ชุด","ชุด","ชุด","ชุด","ชุด","609","96","705","609","96","705","609","96","705","equal","equal","equal","order_constrained_name_unit_source_ordinal","high","0.9375","true","true","matched","false",""
"prod:58092c45-9e10-4735-99ee-5583d890d937","stable_uuid","58092c45-9e10-4735-99ee-5583d890d937","ITEM-0273","RSR-SVC-003","RSR-SVC-003","true","true","true","274","true","false","true","320","319","430","true","12","1","15","p12:t1:r15:display-3","3634a8008547c5f232185064849fd69f797dd07b35fb554959778c90383bb868","งานสร้างท่อโค้ง RISER SERVICE 1-Ø50 มม. HDPE PE80 PN8 0.50 ม.","งานสร้างท่อโค้ง RISER SERVICE 1-Ø50 มม. HDPE PE80 PN8 0.50 ม.","งานสร้างท่อโค้ง RISER SERVICE 1-Ø50 มม. HDPE PE80 PN8 0.50 ม.","งานสร้างท่อโค้ง RISER SERVICE 1-Ø50 มม. HDPE PE80 PN8 0.50 ม.","งานสรา้ งท่อโค้ง RISER SERVICE 1-Ø50 มม. HDPE PE80 PN8 0.50 ม.","งานสรา้ งท่อโค้ง RISER SERVICE 1-Ø50 มม. HDPE PE80 PN8 0.50 ม.","ชุด","ชุด","ชุด","ชุด","ชุด","ชุด","621","101","722","621","101","722","621","101","722","equal","equal","equal","order_constrained_name_unit_source_ordinal","high","0.9375","true","true","matched","false",""
"prod:da07c7b5-eafa-4464-9791-f02d1875d5be","stable_uuid","da07c7b5-eafa-4464-9791-f02d1875d5be","ITEM-0274","CHB-HH0-001","CHB-HH0-001","true","true","true","275","true","false","true","321","320","434","true","12","1","19","p12:t1:r19:display-1","10527387251f856dfee3a729b6a0b1aec1b7d35ad0847e80950b4226d8af06d9","งานสร้างบ่อพักย่อย HandHole (HH-01) ขนาด 1.00x1.72x1.65 ม. ฝาค.ส.ล.กลม","งานสร้างบ่อพักย่อย HandHole (HH-01) ขนาด 1.00x1.72x1.65 ม. ฝาค.ส.ล.กลม","งานสร้างบ่อพักย่อย HandHole (HH-01) ขนาด 1.00x1.72x1.65 ม. ฝาค.ส.ล.กลม","งานสร้างบ่อพักย่อย HandHole (HH-01) ขนาด 1.00x1.72x1.65 ม. ฝาค.ส.ล.กลม","งานสรา้ งบ่อพักย่อย HandHole (HH-01) ขนาด 1.00x1.72x1.65 ม. ฝาค.ส.ล.กลม","งานสรา้ งบ่อพักย่อย HandHole (HH-01) ขนาด 1.00x1.72x1.65 ม. ฝาค.ส.ล.กลม","บ่อ","บ่อ","บ่อ","บ่อ","บ่อ","บ่อ","19554","7566","27120","19554","7566","27120","19554","7566","27120","equal","equal","equal","order_constrained_name_unit_source_ordinal","high","0.944444","true","true","matched","false",""
"prod:9fb24e7b-c85b-4a43-9afc-0c8124c263f7","stable_uuid","9fb24e7b-c85b-4a43-9afc-0c8124c263f7","ITEM-0275","CHB-HH0-002","CHB-HH0-002","true","true","true","276","true","false","true","322","321","435","true","12","1","20","p12:t1:r20:display-2","35a61bb776f79407a9fc5fc67fe57648d89d77f52d6585aff007bffa7d63c20e","งานสร้างบ่อพักย่อย HandHole (HH-01) ขนาด 1.00x1.72x1.65 ม. ฝาเหล็กกลม","งานสร้างบ่อพักย่อย HandHole (HH-01) ขนาด 1.00x1.72x1.65 ม. ฝาเหล็กกลม","งานสร้างบ่อพักย่อย HandHole (HH-01) ขนาด 1.00x1.72x1.65 ม. ฝาเหล็กกลม","งานสร้างบ่อพักย่อย HandHole (HH-01) ขนาด 1.00x1.72x1.65 ม. ฝาเหล็กกลม","งานสรา้ งบ่อพักย่อย HandHole (HH-01) ขนาด 1.00x1.72x1.65 ม. ฝาเหล็กกลม","งานสรา้ งบ่อพักย่อย HandHole (HH-01) ขนาด 1.00x1.72x1.65 ม. ฝาเหล็กกลม","บ่อ","บ่อ","บ่อ","บ่อ","บ่อ","บ่อ","24299","8914","33213","24299","8914","33213","24299","8914","33213","equal","equal","equal","order_constrained_name_unit_source_ordinal","high","0.946429","true","true","matched","false",""
"prod:55e22fb0-a979-4268-9cbe-dcf8fd5d6aca","stable_uuid","55e22fb0-a979-4268-9cbe-dcf8fd5d6aca","ITEM-0276","CHB-PB0-001","CHB-PB0-001","true","true","true","277","true","false","true","323","322","438","true","12","1","23","p12:t1:r23:display-1","6c70891fc662583e66399f875fe42c4f3c1709229ff0552794d0871c8f181c98","งานสร้างบ่อพักย่อย  (PB) JUF-6 ฝาค.ส.ล.  1 ฝา","งานสร้างบ่อพักย่อย (PB) JUF-6 ฝาค.ส.ล. 1 ฝา","งานสร้างบ่อพักย่อย (PB) JUF-6 ฝาค.ส.ล. 1 ฝา","งานสร้างบ่อพักย่อย (PB) JUF-6 ฝาค.ส.ล. 1 ฝา","งานสรา้ งบ่อพักย่อย (PB) JUF-6 ฝาค.ส.ล. 1 ฝา","งานสรา้ งบ่อพักย่อย (PB) JUF-6 ฝาค.ส.ล. 1 ฝา","บ่อ","บ่อ","บ่อ","บ่อ","บ่อ","บ่อ","11100","4873","15973","11100","4873","15973","11100","4873","15973","equal","equal","equal","order_constrained_name_unit_source_ordinal","high","0.90625","true","true","matched","false",""
"prod:442261fe-d179-4669-8e88-1bc0e0743fd8","stable_uuid","442261fe-d179-4669-8e88-1bc0e0743fd8","ITEM-0277","CHB-PB0-002","CHB-PB0-002","true","true","true","278","true","false","true","324","323","439","true","12","1","24","p12:t1:r24:display-2","e2de22bd2fb2cd6743282d02e3c6b76238f9ace6f6f8e5478e620c17c7571c0a","งานสร้างบ่อพักย่อย  (PB) JUF-6 ฝาเหล็ก   1 ฝา","งานสร้างบ่อพักย่อย (PB) JUF-6 ฝาเหล็ก 1 ฝา","งานสร้างบ่อพักย่อย (PB) JUF-6 ฝาเหล็ก 1 ฝา","งานสร้างบ่อพักย่อย (PB) JUF-6 ฝาเหล็ก 1 ฝา","งานสรา้ งบ่อพักย่อย (PB) JUF-6 ฝาเหล็ก 1 ฝา","งานสรา้ งบ่อพักย่อย (PB) JUF-6 ฝาเหล็ก 1 ฝา","บ่อ","บ่อ","บ่อ","บ่อ","บ่อ","บ่อ","16109","6110","22219","16109","6110","22219","16109","6110","22219","equal","equal","equal","order_constrained_name_unit_source_ordinal","high","0.911765","true","true","matched","false",""
"prod:1455487d-22bb-4bda-bdad-fc724c3f2bab","stable_uuid","1455487d-22bb-4bda-bdad-fc724c3f2bab","ITEM-0278","CHB-PB0-003","CHB-PB0-003","true","true","true","279","true","false","true","325","324","440","true","12","1","25","p12:t1:r25:display-3","984c1324c0e0112374de5c2754d785eea62dd312fe1995db08dc67b87d678693","งานสร้างบ่อพักย่อย  (PB) JUF-6 ฝาค.ส.ล.  2 ฝา","งานสร้างบ่อพักย่อย (PB) JUF-6 ฝาค.ส.ล. 2 ฝา","งานสร้างบ่อพักย่อย (PB) JUF-6 ฝาค.ส.ล. 2 ฝา","งานสร้างบ่อพักย่อย (PB) JUF-6 ฝาค.ส.ล. 2 ฝา","งานสรา้ งบ่อพักย่อย (PB) JUF-6 ฝาค.ส.ล. 2 ฝา","งานสรา้ งบ่อพักย่อย (PB) JUF-6 ฝาค.ส.ล. 2 ฝา","บ่อ","บ่อ","บ่อ","บ่อ","บ่อ","บ่อ","16476","5198","21674","16476","5198","21674","16476","5198","21674","equal","equal","equal","order_constrained_name_unit_source_ordinal","high","0.90625","true","true","matched","false",""
"prod:50798e93-c6db-4d25-8253-fa65964c95de","stable_uuid","50798e93-c6db-4d25-8253-fa65964c95de","ITEM-0279","CHB-PB0-004","CHB-PB0-004","true","true","true","280","true","false","true","326","325","441","true","12","1","26","p12:t1:r26:display-4","b2b8460c54e8c45849f40707e1b6568bf03057dc96a0f6624fff604c446714c4","งานสร้างบ่อพักย่อย  (PB) JUF-6 ฝาเหล็ก   2 ฝา","งานสร้างบ่อพักย่อย (PB) JUF-6 ฝาเหล็ก 2 ฝา","งานสร้างบ่อพักย่อย (PB) JUF-6 ฝาเหล็ก 2 ฝา","งานสร้างบ่อพักย่อย (PB) JUF-6 ฝาเหล็ก 2 ฝา","งานสรา้ งบ่อพักย่อย (PB) JUF-6 ฝาเหล็ก 2 ฝา","งานสรา้ งบ่อพักย่อย (PB) JUF-6 ฝาเหล็ก 2 ฝา","บ่อ","บ่อ","บ่อ","บ่อ","บ่อ","บ่อ","26494","7672","34166","26494","7672","34166","26494","7672","34166","equal","equal","equal","order_constrained_name_unit_source_ordinal","high","0.911765","true","true","matched","false",""
"prod:c51ba750-051e-49b1-a551-9f70a56e5f17","stable_uuid","c51ba750-051e-49b1-a551-9f70a56e5f17","ITEM-0280","CHB-PB0-005","CHB-PB0-005","true","true","true","281","true","false","true","327","326","442","true","12","1","27","p12:t1:r27:display-5","a816f8c42a0895ff8ea676437b0e7ffffb7caefedeea124642abc8fd18352776","งานสร้างบ่อพักย่อย  (PB) JUF-11 ฝาค.ส.ล. ตามแบบมาตรฐานเลขที่ 101","งานสร้างบ่อพักย่อย (PB) JUF-11 ฝาค.ส.ล. ตามแบบมาตรฐานเลขที่ 101","งานสร้างบ่อพักย่อย (PB) JUF-11 ฝาค.ส.ล. ตามแบบมาตรฐานเลขที่ 101","งานสร้างบ่อพักย่อย (PB) JUF-11 ฝาค.ส.ล. ตามแบบมาตรฐานเลขที่ 101","งานสรา้ งบ่อพักย่อย (PB) JUF-11 ฝาค.ส.ล. ตามแบบมาตรฐานเลขที่ 101","งานสรา้ งบ่อพักย่อย (PB) JUF-11 ฝาค.ส.ล. ตามแบบมาตรฐานเลขที่ 101","บ่อ","บ่อ","บ่อ","บ่อ","บ่อ","บ่อ","18774","8609","27383","18774","8609","27383","18774","8609","27383","equal","equal","equal","order_constrained_name_unit_source_ordinal","high","0.942308","true","true","matched","false",""
"prod:cc9d0981-4079-44c0-aea9-8e2625df3788","stable_uuid","cc9d0981-4079-44c0-aea9-8e2625df3788","ITEM-0281","CHB-PB0-006","CHB-PB0-006","true","true","true","282","true","false","true","328","327","443","true","12","1","28","p12:t1:r28:display-6","4c1b3426d5ec40f617752e11607bba8b3d0d0722f2b02289f2d205126e4d2063","งานสร้างบ่อพักย่อย  (PB) JUF-11 ฝาเหล็ก  ตามแบบมาตรฐานเลขที่ 101","งานสร้างบ่อพักย่อย (PB) JUF-11 ฝาเหล็ก ตามแบบมาตรฐานเลขที่ 101","งานสร้างบ่อพักย่อย (PB) JUF-11 ฝาเหล็ก ตามแบบมาตรฐานเลขที่ 101","งานสร้างบ่อพักย่อย (PB) JUF-11 ฝาเหล็ก ตามแบบมาตรฐานเลขที่ 101","งานสรา้ งบ่อพักย่อย (PB) JUF-11 ฝาเหล็ก ตามแบบมาตรฐานเลขที่ 101","งานสรา้ งบ่อพักย่อย (PB) JUF-11 ฝาเหล็ก ตามแบบมาตรฐานเลขที่ 101","บ่อ","บ่อ","บ่อ","บ่อ","บ่อ","บ่อ","33801","12320","46121","33801","12320","46121","33801","12320","46121","equal","equal","equal","order_constrained_name_unit_source_ordinal","high","0.944444","true","true","matched","false",""
"prod:e13ec7fe-bea1-4a93-b684-7e0b4fec295c","stable_uuid","e13ec7fe-bea1-4a93-b684-7e0b4fec295c","ITEM-0282","CHB-PB0-007","CHB-PB0-007","true","true","true","283","true","false","true","329","328","444","true","12","1","29","p12:t1:r29:display-7","c6ffedc278751b5b3f1fec62d19797c5dff7f72acea4b28087f09798d50df21f","งานสร้างบ่อพักย่อย  (PB) JUF-12 ฝาค.ส.ล. ตามแบบมาตรฐานเลขที่ 102","งานสร้างบ่อพักย่อย (PB) JUF-12 ฝาค.ส.ล. ตามแบบมาตรฐานเลขที่ 102","งานสร้างบ่อพักย่อย (PB) JUF-12 ฝาค.ส.ล. ตามแบบมาตรฐานเลขที่ 102","งานสร้างบ่อพักย่อย (PB) JUF-12 ฝาค.ส.ล. ตามแบบมาตรฐานเลขที่ 102","งานสรา้ งบ่อพักย่อย (PB) JUF-12 ฝาค.ส.ล. ตามแบบมาตรฐานเลขที่ 102","งานสรา้ งบ่อพักย่อย (PB) JUF-12 ฝาค.ส.ล. ตามแบบมาตรฐานเลขที่ 102","บ่อ","บ่อ","บ่อ","บ่อ","บ่อ","บ่อ","22013","10544","32557","22013","10544","32557","22013","10544","32557","equal","equal","equal","order_constrained_name_unit_source_ordinal","high","0.942308","true","true","matched","false",""
"prod:eb839d54-1654-4e19-bcbf-2b81b167ddd6","stable_uuid","eb839d54-1654-4e19-bcbf-2b81b167ddd6","ITEM-0283","CHB-PB0-008","CHB-PB0-008","true","true","true","284","true","false","true","330","329","445","true","12","1","30","p12:t1:r30:display-8","038d41a2a8132d43aad71c8daf95c4dc2dfe13e22c9b95ba6a8a7a5882b8d36f","งานสร้างบ่อพักย่อย  (PB) JUF-12 ฝาเหล็ก  ตามแบบมาตรฐานเลขที่ 102","งานสร้างบ่อพักย่อย (PB) JUF-12 ฝาเหล็ก ตามแบบมาตรฐานเลขที่ 102","งานสร้างบ่อพักย่อย (PB) JUF-12 ฝาเหล็ก ตามแบบมาตรฐานเลขที่ 102","งานสร้างบ่อพักย่อย (PB) JUF-12 ฝาเหล็ก ตามแบบมาตรฐานเลขที่ 102","งานสรา้ งบ่อพักย่อย (PB) JUF-12 ฝาเหล็ก ตามแบบมาตรฐานเลขที่ 102","งานสรา้ งบ่อพักย่อย (PB) JUF-12 ฝาเหล็ก ตามแบบมาตรฐานเลขที่ 102","บ่อ","บ่อ","บ่อ","บ่อ","บ่อ","บ่อ","42049","15492","57541","42049","15492","57541","42049","15492","57541","equal","equal","equal","order_constrained_name_unit_source_ordinal","high","0.944444","true","true","matched","false",""
"prod:6e0c525e-bf7d-4393-aee2-0eae8f921aef","stable_uuid","6e0c525e-bf7d-4393-aee2-0eae8f921aef","ITEM-0284","CHB-PB0-009","CHB-PB0-009","true","true","true","285","true","false","true","331","330","446","true","12","1","31","p12:t1:r31:display-9","c5fc8cdeda8ebb7e62117d94530d98eaa89fd8da4330085cd6cc1512a767456b","งานสร้างบ่อพักย่อย  (PB) JUF-13 ฝาค.ส.ล. ตามแบบมาตรฐานเลขที่ 103","งานสร้างบ่อพักย่อย (PB) JUF-13 ฝาค.ส.ล. ตามแบบมาตรฐานเลขที่ 103","งานสร้างบ่อพักย่อย (PB) JUF-13 ฝาค.ส.ล. ตามแบบมาตรฐานเลขที่ 103","งานสร้างบ่อพักย่อย (PB) JUF-13 ฝาค.ส.ล. ตามแบบมาตรฐานเลขที่ 103","งานสรา้ งบ่อพักย่อย (PB) JUF-13 ฝาค.ส.ล. ตามแบบมาตรฐานเลขที่ 103","งานสรา้ งบ่อพักย่อย (PB) JUF-13 ฝาค.ส.ล. ตามแบบมาตรฐานเลขที่ 103","บ่อ","บ่อ","บ่อ","บ่อ","บ่อ","บ่อ","30666","13900","44566","30666","13900","44566","30666","13900","44566","equal","equal","equal","order_constrained_name_unit_source_ordinal","high","0.942308","true","true","matched","false",""
"prod:3e9a2d3d-eac4-4768-b31d-4d814676d847","stable_uuid","3e9a2d3d-eac4-4768-b31d-4d814676d847","ITEM-0285","CHB-PB0-010","CHB-PB0-010","true","true","true","286","true","false","true","332","331","447","true","12","1","32","p12:t1:r32:display-10","bd371fb9831a250e9b78f5c7f52843b8735ca86c46865e2ca80973d6eb7ecde2","งานสร้างบ่อพักย่อย  (PB) JUF-13 ฝาเหล็ก  ตามแบบมาตรฐานเลขที่ 103","งานสร้างบ่อพักย่อย (PB) JUF-13 ฝาเหล็ก ตามแบบมาตรฐานเลขที่ 103","งานสร้างบ่อพักย่อย (PB) JUF-13 ฝาเหล็ก ตามแบบมาตรฐานเลขที่ 103","งานสร้างบ่อพักย่อย (PB) JUF-13 ฝาเหล็ก ตามแบบมาตรฐานเลขที่ 103","งานสรา้ งบ่อพักย่อย (PB) JUF-13 ฝาเหล็ก ตามแบบมาตรฐานเลขที่ 103","งานสรา้ งบ่อพักย่อย (PB) JUF-13 ฝาเหล็ก ตามแบบมาตรฐานเลขที่ 103","บ่อ","บ่อ","บ่อ","บ่อ","บ่อ","บ่อ","55711","20085","75796","55711","20085","75796","55711","20085","75796","equal","equal","equal","order_constrained_name_unit_source_ordinal","high","0.944444","true","true","matched","false",""
"prod:7c218133-65ba-4f70-8bfa-d2c5318fb9ed","stable_uuid","7c218133-65ba-4f70-8bfa-d2c5318fb9ed","ITEM-0286","CHB-PB0-011","CHB-PB0-011","true","true","true","287","true","false","true","333","332","448","true","12","1","33","p12:t1:r33:display-11","f3ca4df15b336a42c6ce1aad05ff739fd63a3821dea869cea235fa84000dbd36","งานสร้างบ่อพักย่อย  (PB) JUF-16 ฝาค.ส.ล.","งานสร้างบ่อพักย่อย (PB) JUF-16 ฝาค.ส.ล.","งานสร้างบ่อพักย่อย (PB) JUF-16 ฝาค.ส.ล.","งานสร้างบ่อพักย่อย (PB) JUF-16 ฝาค.ส.ล.","งานสรา้ งบ่อพักย่อย (PB) JUF-16 ฝาค.ส.ล.","งานสรา้ งบ่อพักย่อย (PB) JUF-16 ฝาค.ส.ล.","บ่อ","บ่อ","บ่อ","บ่อ","บ่อ","บ่อ","23671","8410","32081","23671","8410","32081","23671","8415","32086","equal","different","different","order_constrained_name_unit_source_ordinal","high","0.9","true","true","proposed_confirmed_correction","true",""
"prod:cdf01707-2ec3-4211-b83f-5104139e429d","stable_uuid","cdf01707-2ec3-4211-b83f-5104139e429d","ITEM-0287","CHB-PB0-012","CHB-PB0-012","true","true","true","288","true","false","true","334","333","449","true","13","1","3","p13:t1:r3:display-12","e06eea169d3531224bc645244cb87e4c2051c53dc70eed6e15786cf56e0ae880","งานสร้างบ่อพักย่อย  (PB) JUF-16 ฝาเหล็ก","งานสร้างบ่อพักย่อย (PB) JUF-16 ฝาเหล็ก","งานสร้างบ่อพักย่อย (PB) JUF-16 ฝาเหล็ก","งานสร้างบ่อพักย่อย (PB) JUF-16 ฝาเหล็ก","งานสรา้ งบ่อพักย่อย (PB) J1U.F ง-า1น6 วฝาางเทห่อลร็ก้อยสายสื่อสารใต้ดิน หุ้มคอนกรีตเสริมเหล็ก (ค.ส.ล.)","งานสรา้ งบ่อพักย่อย (PB) J1U.F ง-า1น6 วฝาางเทห่อลร็ก้อยสายสื่อสารใต้ดิน หุ้มคอนกรีตเสริมเหล็ก (ค.ส.ล.)","บ่อ","บ่อ","บ่อ","บ่อ","บ่อ","บ่อ","32596","11580","44176","32596","11580","44176","32596","11586","44182","equal","different","different","order_constrained_name_unit_source_ordinal","medium","0.40678","true","true","proposed_confirmed_correction","true","repeated_page_header_description_overlay"
"prod:da12b6e2-d40b-4a31-808d-450a7cf96592","stable_uuid","da12b6e2-d40b-4a31-808d-450a7cf96592","ITEM-0288","CHB-MH0-001","CHB-MH0-001","true","true","true","289","true","false","true","335","334","452","true","13","1","6","p13:t1:r6:display-1","6325fa0d07002f1c8a1559bbc8a14a0bf873db222a1cb93421e339bfa2b6e5e4","งานสร้างบ่อพัก  (MH) TYPE A-1 ฝาค.ส.ล. ตามแบบมาตรฐานเลขที่ 104","งานสร้างบ่อพัก (MH) TYPE A-1 ฝาค.ส.ล. ตามแบบมาตรฐานเลขที่ 104","งานสร้างบ่อพัก (MH) TYPE A-1 ฝาค.ส.ล. ตามแบบมาตรฐานเลขที่ 104","งานสร้างบ่อพัก (MH) TYPE A-1 ฝาค.ส.ล. ตามแบบมาตรฐานเลขที่ 104","งานสรา้ งบ่อพัก (MH) TYPE A-1 ฝาค.ส.ล. ตามแบบมาตรฐานเลขที่ 104","งานสรา้ งบ่อพัก (MH) TYPE A-1 ฝาค.ส.ล. ตามแบบมาตรฐานเลขที่ 104","บ่อ","บ่อ","บ่อ","บ่อ","บ่อ","บ่อ","75553","29857","105410","75553","29857","105410","75553","29857","105410","equal","equal","equal","order_constrained_name_unit_source_ordinal","high","0.938776","true","true","matched","false",""
"prod:7d2cd1e4-56b4-46d9-b568-b9fbf7868ae5","stable_uuid","7d2cd1e4-56b4-46d9-b568-b9fbf7868ae5","ITEM-0289","CHB-MH0-002","CHB-MH0-002","true","true","true","290","true","false","true","336","335","453","true","13","1","7","p13:t1:r7:display-2","49da1e33202231a7007b637eaa525983f2406f0b281ce424ba432cddf1cc7bf4","งานสร้างบ่อพัก  (MH) TYPE A-1 ฝาเหล็ก  ตามแบบมาตรฐานเลขที่ 104","งานสร้างบ่อพัก (MH) TYPE A-1 ฝาเหล็ก ตามแบบมาตรฐานเลขที่ 104","งานสร้างบ่อพัก (MH) TYPE A-1 ฝาเหล็ก ตามแบบมาตรฐานเลขที่ 104","งานสร้างบ่อพัก (MH) TYPE A-1 ฝาเหล็ก ตามแบบมาตรฐานเลขที่ 104","งานสรา้ งบ่อพัก (MH) TYPE A-1 ฝาเหล็ก ตามแบบมาตรฐานเลขที่ 104","งานสรา้ งบ่อพัก (MH) TYPE A-1 ฝาเหล็ก ตามแบบมาตรฐานเลขที่ 104","บ่อ","บ่อ","บ่อ","บ่อ","บ่อ","บ่อ","80498","31265","111763","80498","31265","111763","80498","31265","111763","equal","equal","equal","order_constrained_name_unit_source_ordinal","high","0.941176","true","true","matched","false",""
"prod:54002941-0d11-4e50-ab4d-022d7ab8cf81","stable_uuid","54002941-0d11-4e50-ab4d-022d7ab8cf81","ITEM-0290","CHB-MH0-003","CHB-MH0-003","true","true","true","291","true","false","true","337","336","454","true","13","1","8","p13:t1:r8:display-3","3b3325bfd8e39925114df7f45c26d493ac5f59eaed7159787fc0d30ad10c2d68","งานสร้างบ่อพัก  (MH) TYPE A-2 ฝาค.ส.ล. ตามแบบมาตรฐานเลขที่ 105","งานสร้างบ่อพัก (MH) TYPE A-2 ฝาค.ส.ล. ตามแบบมาตรฐานเลขที่ 105","งานสร้างบ่อพัก (MH) TYPE A-2 ฝาค.ส.ล. ตามแบบมาตรฐานเลขที่ 105","งานสร้างบ่อพัก (MH) TYPE A-2 ฝาค.ส.ล. ตามแบบมาตรฐานเลขที่ 105","งานสรา้ งบ่อพัก (MH) TYPE A-2 ฝาค.ส.ล. ตามแบบมาตรฐานเลขที่ 105","งานสรา้ งบ่อพัก (MH) TYPE A-2 ฝาค.ส.ล. ตามแบบมาตรฐานเลขที่ 105","บ่อ","บ่อ","บ่อ","บ่อ","บ่อ","บ่อ","90574","37800","128374","90574","37800","128374","90574","37800","128374","equal","equal","equal","order_constrained_name_unit_source_ordinal","high","0.938776","true","true","matched","false",""
"prod:4d4898da-58b4-4b48-bcdd-148263d1aa83","stable_uuid","4d4898da-58b4-4b48-bcdd-148263d1aa83","ITEM-0291","CHB-MH0-004","CHB-MH0-004","true","true","true","292","true","false","true","338","337","455","true","13","1","9","p13:t1:r9:display-4","3ca9e9ab80e25344b1ec746cb6123ab7c5740c6d86cb523b903da00dd5700685","งานสร้างบ่อพัก  (MH) TYPE A-2 ฝาเหล็ก  ตามแบบมาตรฐานเลขที่ 105","งานสร้างบ่อพัก (MH) TYPE A-2 ฝาเหล็ก ตามแบบมาตรฐานเลขที่ 105","งานสร้างบ่อพัก (MH) TYPE A-2 ฝาเหล็ก ตามแบบมาตรฐานเลขที่ 105","งานสร้างบ่อพัก (MH) TYPE A-2 ฝาเหล็ก ตามแบบมาตรฐานเลขที่ 105","งานสรา้ งบ่อพัก (MH) TYPE A-2 ฝาเหล็ก ตามแบบมาตรฐานเลขที่ 105","งานสรา้ งบ่อพัก (MH) TYPE A-2 ฝาเหล็ก ตามแบบมาตรฐานเลขที่ 105","บ่อ","บ่อ","บ่อ","บ่อ","บ่อ","บ่อ","95523","39209","134732","95523","39209","134732","95523","39209","134732","equal","equal","equal","order_constrained_name_unit_source_ordinal","high","0.941176","true","true","matched","false",""
"prod:370736f3-f4c8-44e5-b6c9-0760535cbab6","stable_uuid","370736f3-f4c8-44e5-b6c9-0760535cbab6","ITEM-0292","CHB-MH0-005","CHB-MH0-005","true","true","true","293","true","false","true","339","338","456","true","13","1","10","p13:t1:r10:display-5","ba376dd431f5c9e23e873010f8243761fb3d4d7b88e2e8f9d6f9fa9e628c8770","งานสร้างบ่อพัก  (MH) TYPE A-3 ฝาค.ส.ล. ตามแบบมาตรฐานเลขที่ 106","งานสร้างบ่อพัก (MH) TYPE A-3 ฝาค.ส.ล. ตามแบบมาตรฐานเลขที่ 106","งานสร้างบ่อพัก (MH) TYPE A-3 ฝาค.ส.ล. ตามแบบมาตรฐานเลขที่ 106","งานสร้างบ่อพัก (MH) TYPE A-3 ฝาค.ส.ล. ตามแบบมาตรฐานเลขที่ 106","งานสรา้ งบ่อพัก (MH) TYPE A-3 ฝาค.ส.ล. ตามแบบมาตรฐานเลขที่ 106","งานสรา้ งบ่อพัก (MH) TYPE A-3 ฝาค.ส.ล. ตามแบบมาตรฐานเลขที่ 106","บ่อ","บ่อ","บ่อ","บ่อ","บ่อ","บ่อ","155064","62235","217299","155064","62235","217299","155064","62235","217299","equal","equal","equal","order_constrained_name_unit_source_ordinal","high","0.938776","true","true","matched","false",""
"prod:75aaa3d4-b70c-460f-9cba-05a87457d472","stable_uuid","75aaa3d4-b70c-460f-9cba-05a87457d472","ITEM-0293","CHB-MH0-006","CHB-MH0-006","true","true","true","294","true","false","true","340","339","457","true","13","1","11","p13:t1:r11:display-6","8e517d1b6a8404f9bcfc93a8ffd32f134285241e7893240415d134d245c9c900","งานสร้างบ่อพัก  (MH) TYPE A-3 ฝาเหล็ก  ตามแบบมาตรฐานเลขที่ 106","งานสร้างบ่อพัก (MH) TYPE A-3 ฝาเหล็ก ตามแบบมาตรฐานเลขที่ 106","งานสร้างบ่อพัก (MH) TYPE A-3 ฝาเหล็ก ตามแบบมาตรฐานเลขที่ 106","งานสร้างบ่อพัก (MH) TYPE A-3 ฝาเหล็ก ตามแบบมาตรฐานเลขที่ 106","งานสรา้ งบ่อพัก (MH) TYPE A-3 ฝาเหล็ก ตามแบบมาตรฐานเลขที่ 106","งานสรา้ งบ่อพัก (MH) TYPE A-3 ฝาเหล็ก ตามแบบมาตรฐานเลขที่ 106","บ่อ","บ่อ","บ่อ","บ่อ","บ่อ","บ่อ","164954","65051","230005","164954","65051","230005","164954","65051","230005","equal","equal","equal","order_constrained_name_unit_source_ordinal","high","0.941176","true","true","matched","false",""
"prod:428bf42d-289a-426d-86d8-03d3d61a58e0","stable_uuid","428bf42d-289a-426d-86d8-03d3d61a58e0","ITEM-0294","CHB-MH0-007","CHB-MH0-007","true","true","true","295","true","false","true","341","340","458","true","13","1","12","p13:t1:r12:display-7","ef42b4d0039bb929afdf7e753a2c18e356737ebfeb27e9079a037ace9d250226","งานสร้างบ่อพัก  (MH) TYPE B-1 ฝาค.ส.ล. ตามแบบมาตรฐานเลขที่ 107","งานสร้างบ่อพัก (MH) TYPE B-1 ฝาค.ส.ล. ตามแบบมาตรฐานเลขที่ 107","งานสร้างบ่อพัก (MH) TYPE B-1 ฝาค.ส.ล. ตามแบบมาตรฐานเลขที่ 107","งานสร้างบ่อพัก (MH) TYPE B-1 ฝาค.ส.ล. ตามแบบมาตรฐานเลขที่ 107","งานสรา้ งบ่อพัก (MH) TYPE B-1 ฝาค.ส.ล. ตามแบบมาตรฐานเลขที่ 107","งานสรา้ งบ่อพัก (MH) TYPE B-1 ฝาค.ส.ล. ตามแบบมาตรฐานเลขที่ 107","บ่อ","บ่อ","บ่อ","บ่อ","บ่อ","บ่อ","70043","30404","100447","70043","30404","100447","70043","30404","100447","equal","equal","equal","order_constrained_name_unit_source_ordinal","high","0.938776","true","true","matched","false",""
"prod:082aff59-7ebd-48a1-8e11-60978f6b6fe9","stable_uuid","082aff59-7ebd-48a1-8e11-60978f6b6fe9","ITEM-0295","CHB-MH0-008","CHB-MH0-008","true","true","true","296","true","false","true","342","341","459","true","13","1","13","p13:t1:r13:display-8","8291bcc095f75024c98b8ca3535f81fc33036ed2f02f696332aceac42b761e95","งานสร้างบ่อพัก  (MH) TYPE B-1 ฝาเหล็ก  ตามแบบมาตรฐานเลขที่ 107","งานสร้างบ่อพัก (MH) TYPE B-1 ฝาเหล็ก ตามแบบมาตรฐานเลขที่ 107","งานสร้างบ่อพัก (MH) TYPE B-1 ฝาเหล็ก ตามแบบมาตรฐานเลขที่ 107","งานสร้างบ่อพัก (MH) TYPE B-1 ฝาเหล็ก ตามแบบมาตรฐานเลขที่ 107","งานสรา้ งบ่อพัก (MH) TYPE B-1 ฝาเหล็ก ตามแบบมาตรฐานเลขที่ 107","งานสรา้ งบ่อพัก (MH) TYPE B-1 ฝาเหล็ก ตามแบบมาตรฐานเลขที่ 107","บ่อ","บ่อ","บ่อ","บ่อ","บ่อ","บ่อ","74988","31812","106800","74988","31812","106800","74988","31812","106800","equal","equal","equal","order_constrained_name_unit_source_ordinal","high","0.941176","true","true","matched","false",""
"prod:0abee461-9d0d-418a-a41e-3ef3b31bd07b","stable_uuid","0abee461-9d0d-418a-a41e-3ef3b31bd07b","ITEM-0296","CHB-MH0-009","CHB-MH0-009","true","true","true","297","true","false","true","343","342","460","true","13","1","14","p13:t1:r14:display-9","9be8de965adeb3d56f526893f5e835327125e7b2ec58dae26e8fe80cba4aa34c","งานสร้างบ่อพัก  (MH) TYPE C-2 ฝาค.ส.ล. ตามแบบมาตรฐานเลขที่ 111","งานสร้างบ่อพัก (MH) TYPE C-2 ฝาค.ส.ล. ตามแบบมาตรฐานเลขที่ 111","งานสร้างบ่อพัก (MH) TYPE C-2 ฝาค.ส.ล. ตามแบบมาตรฐานเลขที่ 111","งานสร้างบ่อพัก (MH) TYPE C-2 ฝาค.ส.ล. ตามแบบมาตรฐานเลขที่ 111","งานสรา้ งบ่อพัก (MH) TYPE C-2 ฝาค.ส.ล. ตามแบบมาตรฐานเลขที่ 111","งานสรา้ งบ่อพัก (MH) TYPE C-2 ฝาค.ส.ล. ตามแบบมาตรฐานเลขที่ 111","บ่อ","บ่อ","บ่อ","บ่อ","บ่อ","บ่อ","135341","63165","198506","135341","63165","198506","135341","63165","198506","equal","equal","equal","order_constrained_name_unit_source_ordinal","high","0.938776","true","true","matched","false",""
"prod:4ee7b0d3-3200-4c98-bc1d-23df7e04d26e","stable_uuid","4ee7b0d3-3200-4c98-bc1d-23df7e04d26e","ITEM-0297","CHB-MH0-010","CHB-MH0-010","true","true","true","298","true","false","true","344","343","461","true","13","1","15","p13:t1:r15:display-10","b8b0d8f4d9cf8be311b6a371b9f14f61b213aff62c3941dc1f98b6533510d317","งานสร้างบ่อพัก  (MH) TYPE C-2 ฝาเหล็ก  ตามแบบมาตรฐานเลขที่ 111","งานสร้างบ่อพัก (MH) TYPE C-2 ฝาเหล็ก ตามแบบมาตรฐานเลขที่ 111","งานสร้างบ่อพัก (MH) TYPE C-2 ฝาเหล็ก ตามแบบมาตรฐานเลขที่ 111","งานสร้างบ่อพัก (MH) TYPE C-2 ฝาเหล็ก ตามแบบมาตรฐานเลขที่ 111","งานสรา้ งบ่อพัก (MH) TYPE C-2 ฝาเหล็ก ตามแบบมาตรฐานเลขที่ 111","งานสรา้ งบ่อพัก (MH) TYPE C-2 ฝาเหล็ก ตามแบบมาตรฐานเลขที่ 111","บ่อ","บ่อ","บ่อ","บ่อ","บ่อ","บ่อ","145231","65981","211212","145231","65981","211212","145231","65981","211212","equal","equal","equal","order_constrained_name_unit_source_ordinal","high","0.941176","true","true","matched","false",""
"prod:f0a51925-25f4-46ee-ad8a-f629a645219b","stable_uuid","f0a51925-25f4-46ee-ad8a-f629a645219b","ITEM-0298","CHB-MH0-011","CHB-MH0-011","true","true","true","299","true","false","true","345","344","462","true","13","1","16","p13:t1:r16:display-11","67f767215045908a060decee148240a2ddc4e25ae9186405cc01a32cb74dde10","งานสร้างบ่อพัก  (MH) TYPE L2-1 ฝาค.ส.ล. ตามแบบมาตรฐานเลขที่ 113","งานสร้างบ่อพัก (MH) TYPE L2-1 ฝาค.ส.ล. ตามแบบมาตรฐานเลขที่ 113","งานสร้างบ่อพัก (MH) TYPE L2-1 ฝาค.ส.ล. ตามแบบมาตรฐานเลขที่ 113","งานสร้างบ่อพัก (MH) TYPE L2-1 ฝาค.ส.ล. ตามแบบมาตรฐานเลขที่ 113","งานสรา้ งบ่อพัก (MH) TYPE L2-1 ฝาค.ส.ล. ตามแบบมาตรฐานเลขที่ 113","งานสรา้ งบ่อพัก (MH) TYPE L2-1 ฝาค.ส.ล. ตามแบบมาตรฐานเลขที่ 113","บ่อ","บ่อ","บ่อ","บ่อ","บ่อ","บ่อ","94316","39008","133324","94316","39008","133324","94316","39008","133324","equal","equal","equal","order_constrained_name_unit_source_ordinal","high","0.94","true","true","matched","false",""
"prod:73640840-fe16-4593-8eb1-ba28da50c069","stable_uuid","73640840-fe16-4593-8eb1-ba28da50c069","ITEM-0299","CHB-MH0-012","CHB-MH0-012","true","true","true","300","true","false","true","346","345","463","true","13","1","17","p13:t1:r17:display-12","2bdc5b94b4558d17f49abbb9120b7c69b8553ab8e6d7633edc0b5faed5d6afea","งานสร้างบ่อพัก  (MH) TYPE L2-1 ฝาเหล็ก  ตามแบบมาตรฐานเลขที่ 113","งานสร้างบ่อพัก (MH) TYPE L2-1 ฝาเหล็ก ตามแบบมาตรฐานเลขที่ 113","งานสร้างบ่อพัก (MH) TYPE L2-1 ฝาเหล็ก ตามแบบมาตรฐานเลขที่ 113","งานสร้างบ่อพัก (MH) TYPE L2-1 ฝาเหล็ก ตามแบบมาตรฐานเลขที่ 113","งานสรา้ งบ่อพัก (MH) TYPE L2-1 ฝาเหล็ก ตามแบบมาตรฐานเลขที่ 113","งานสรา้ งบ่อพัก (MH) TYPE L2-1 ฝาเหล็ก ตามแบบมาตรฐานเลขที่ 113","บ่อ","บ่อ","บ่อ","บ่อ","บ่อ","บ่อ","99261","40416","139677","99261","40416","139677","99261","40416","139677","equal","equal","equal","order_constrained_name_unit_source_ordinal","high","0.942308","true","true","matched","false",""
"prod:96b1b8d3-2f3d-46af-a37d-af1ed8236418","stable_uuid","96b1b8d3-2f3d-46af-a37d-af1ed8236418","ITEM-0300","CHB-MH0-013","CHB-MH0-013","true","true","true","301","true","false","true","347","346","464","true","13","1","18","p13:t1:r18:display-13","d63b8fc4c8fa1df6d7f230654ef001f1c16d3c2d26f9ad80eb132ae51c546c3e","งานสร้างบ่อพัก  (MH) TYPE L3-1 ฝาค.ส.ล. ตามแบบมาตรฐานเลขที่ 114","งานสร้างบ่อพัก (MH) TYPE L3-1 ฝาค.ส.ล. ตามแบบมาตรฐานเลขที่ 114","งานสร้างบ่อพัก (MH) TYPE L3-1 ฝาค.ส.ล. ตามแบบมาตรฐานเลขที่ 114","งานสร้างบ่อพัก (MH) TYPE L3-1 ฝาค.ส.ล. ตามแบบมาตรฐานเลขที่ 114","งานสรา้ งบ่อพัก (MH) TYPE L3-1 ฝาค.ส.ล. ตามแบบมาตรฐานเลขที่ 114","งานสรา้ งบ่อพัก (MH) TYPE L3-1 ฝาค.ส.ล. ตามแบบมาตรฐานเลขที่ 114","บ่อ","บ่อ","บ่อ","บ่อ","บ่อ","บ่อ","87739","36542","124281","87739","36542","124281","87739","36542","124281","equal","equal","equal","order_constrained_name_unit_source_ordinal","high","0.94","true","true","matched","false",""
"prod:56173110-ab15-411b-a145-cc9d8a9238b9","stable_uuid","56173110-ab15-411b-a145-cc9d8a9238b9","ITEM-0301","CHB-MH0-014","CHB-MH0-014","true","true","true","302","true","false","true","348","347","465","true","13","1","19","p13:t1:r19:display-14","eb2382f35ea29462bbb00a1c9ae7cb6b3c3119ec27aa58b9f2a7e7b76c322c14","งานสร้างบ่อพัก  (MH) TYPE L3-1 ฝาเหล็ก  ตามแบบมาตรฐานเลขที่ 114","งานสร้างบ่อพัก (MH) TYPE L3-1 ฝาเหล็ก ตามแบบมาตรฐานเลขที่ 114","งานสร้างบ่อพัก (MH) TYPE L3-1 ฝาเหล็ก ตามแบบมาตรฐานเลขที่ 114","งานสร้างบ่อพัก (MH) TYPE L3-1 ฝาเหล็ก ตามแบบมาตรฐานเลขที่ 114","งานสรา้ งบ่อพัก (MH) TYPE L3-1 ฝาเหล็ก ตามแบบมาตรฐานเลขที่ 114","งานสรา้ งบ่อพัก (MH) TYPE L3-1 ฝาเหล็ก ตามแบบมาตรฐานเลขที่ 114","บ่อ","บ่อ","บ่อ","บ่อ","บ่อ","บ่อ","92684","37950","130634","92684","37950","130634","92684","37950","130634","equal","equal","equal","order_constrained_name_unit_source_ordinal","high","0.942308","true","true","matched","false",""
"prod:a68e0979-124a-4af2-94fb-25fa79c9494d","stable_uuid","a68e0979-124a-4af2-94fb-25fa79c9494d","ITEM-0302","CHB-MH0-015","CHB-MH0-015","true","true","true","303","true","false","true","349","348","466","true","13","1","20","p13:t1:r20:display-15","5b6958de6848e8de8928e153d354ddcc35a008177302328373a3a095d00f918d","งานสร้างบ่อพัก  (MH) TYPE L2-2 ฝาค.ส.ล. ตามแบบมาตรฐานเลขที่ 117","งานสร้างบ่อพัก (MH) TYPE L2-2 ฝาค.ส.ล. ตามแบบมาตรฐานเลขที่ 117","งานสร้างบ่อพัก (MH) TYPE L2-2 ฝาค.ส.ล. ตามแบบมาตรฐานเลขที่ 117","งานสร้างบ่อพัก (MH) TYPE L2-2 ฝาค.ส.ล. ตามแบบมาตรฐานเลขที่ 117","งานสรา้ งบ่อพัก (MH) TYPE L2-2 ฝาค.ส.ล. ตามแบบมาตรฐานเลขที่ 117","งานสรา้ งบ่อพัก (MH) TYPE L2-2 ฝาค.ส.ล. ตามแบบมาตรฐานเลขที่ 117","บ่อ","บ่อ","บ่อ","บ่อ","บ่อ","บ่อ","128060","52600","180660","128060","52600","180660","128060","52600","180660","equal","equal","equal","order_constrained_name_unit_source_ordinal","high","0.94","true","true","matched","false",""
"prod:7ab435b3-14f9-4735-82f5-66c6d3d36071","stable_uuid","7ab435b3-14f9-4735-82f5-66c6d3d36071","ITEM-0303","CHB-MH0-016","CHB-MH0-016","true","true","true","304","true","false","true","350","349","467","true","13","1","21","p13:t1:r21:display-16","050c012ee801c24e5c8b649553cc427aa8772ad074111ebe1e963737da3e9c83","งานสร้างบ่อพัก  (MH) TYPE L2-2 ฝาเหล็ก  ตามแบบมาตรฐานเลขที่ 117","งานสร้างบ่อพัก (MH) TYPE L2-2 ฝาเหล็ก ตามแบบมาตรฐานเลขที่ 117","งานสร้างบ่อพัก (MH) TYPE L2-2 ฝาเหล็ก ตามแบบมาตรฐานเลขที่ 117","งานสร้างบ่อพัก (MH) TYPE L2-2 ฝาเหล็ก ตามแบบมาตรฐานเลขที่ 117","งานสรา้ งบ่อพัก (MH) TYPE L2-2 ฝาเหล็ก ตามแบบมาตรฐานเลขที่ 117","งานสรา้ งบ่อพัก (MH) TYPE L2-2 ฝาเหล็ก ตามแบบมาตรฐานเลขที่ 117","บ่อ","บ่อ","บ่อ","บ่อ","บ่อ","บ่อ","137950","55416","193366","137950","55416","193366","137950","55416","193366","equal","equal","equal","order_constrained_name_unit_source_ordinal","high","0.942308","true","true","matched","false",""
"prod:d80de403-a528-4c08-b03f-ea7905dbd885","stable_uuid","d80de403-a528-4c08-b03f-ea7905dbd885","ITEM-0304","CHB-MH0-017","CHB-MH0-017","true","true","true","305","true","false","true","351","350","468","true","13","1","22","p13:t1:r22:display-17","38d4eee85a8ffaa80c0e5b1be82de9990048c6ed102840d0ef5d4d631ac68cd6","งานสร้างบ่อพัก  (MH) TYPE L3-2 ฝาค.ส.ล. ตามแบบมาตรฐานเลขที่ 118","งานสร้างบ่อพัก (MH) TYPE L3-2 ฝาค.ส.ล. ตามแบบมาตรฐานเลขที่ 118","งานสร้างบ่อพัก (MH) TYPE L3-2 ฝาค.ส.ล. ตามแบบมาตรฐานเลขที่ 118","งานสร้างบ่อพัก (MH) TYPE L3-2 ฝาค.ส.ล. ตามแบบมาตรฐานเลขที่ 118","งานสรา้ งบ่อพัก (MH) TYPE L3-2 ฝาค.ส.ล. ตามแบบมาตรฐานเลขที่ 118","งานสรา้ งบ่อพัก (MH) TYPE L3-2 ฝาค.ส.ล. ตามแบบมาตรฐานเลขที่ 118","บ่อ","บ่อ","บ่อ","บ่อ","บ่อ","บ่อ","125171","53336","178507","125171","53336","178507","125171","53336","178507","equal","equal","equal","order_constrained_name_unit_source_ordinal","high","0.94","true","true","matched","false",""
"prod:98144ca0-67a2-4905-aacc-6895942f62ad","stable_uuid","98144ca0-67a2-4905-aacc-6895942f62ad","ITEM-0305","CHB-MH0-018","CHB-MH0-018","true","true","true","306","true","false","true","352","351","469","true","13","1","23","p13:t1:r23:display-18","aa776e347173ca9b3e675304f77e37e399ee0aae9b5086014eb9439d7f0048c2","งานสร้างบ่อพัก  (MH) TYPE L3-2 ฝาเหล็ก  ตามแบบมาตรฐานเลขที่ 118","งานสร้างบ่อพัก (MH) TYPE L3-2 ฝาเหล็ก ตามแบบมาตรฐานเลขที่ 118","งานสร้างบ่อพัก (MH) TYPE L3-2 ฝาเหล็ก ตามแบบมาตรฐานเลขที่ 118","งานสร้างบ่อพัก (MH) TYPE L3-2 ฝาเหล็ก ตามแบบมาตรฐานเลขที่ 118","งานสรา้ งบ่อพัก (MH) TYPE L3-2 ฝาเหล็ก ตามแบบมาตรฐานเลขที่ 118","งานสรา้ งบ่อพัก (MH) TYPE L3-2 ฝาเหล็ก ตามแบบมาตรฐานเลขที่ 118","บ่อ","บ่อ","บ่อ","บ่อ","บ่อ","บ่อ","135061","56152","191213","135061","56152","191213","135061","56152","191213","equal","equal","equal","order_constrained_name_unit_source_ordinal","high","0.942308","true","true","matched","false",""
"prod:4ace7b76-c75b-4d37-bdb2-66617009c5f6","stable_uuid","4ace7b76-c75b-4d37-bdb2-66617009c5f6","ITEM-0306","CHB-MH0-019","CHB-MH0-019","true","true","true","307","true","false","true","353","352","470","true","13","1","24","p13:t1:r24:display-19","83157662c6848c93e2feeff72428eed3bb8735fe636acb482345416453636316","งานสร้างบ่อพัก  (MH) TYPE T3-1 ฝาค.ส.ล. ตามแบบมาตรฐานเลขที่ 125","งานสร้างบ่อพัก (MH) TYPE T3-1 ฝาค.ส.ล. ตามแบบมาตรฐานเลขที่ 125","งานสร้างบ่อพัก (MH) TYPE T3-1 ฝาค.ส.ล. ตามแบบมาตรฐานเลขที่ 125","งานสร้างบ่อพัก (MH) TYPE T3-1 ฝาค.ส.ล. ตามแบบมาตรฐานเลขที่ 125","งานสรา้ งบ่อพัก (MH) TYPE T3-1 ฝาค.ส.ล. ตามแบบมาตรฐานเลขที่ 125","งานสรา้ งบ่อพัก (MH) TYPE T3-1 ฝาค.ส.ล. ตามแบบมาตรฐานเลขที่ 125","บ่อ","บ่อ","บ่อ","บ่อ","บ่อ","บ่อ","92168","40354","132522","92168","40354","132522","92168","40354","132522","equal","equal","equal","order_constrained_name_unit_source_ordinal","high","0.94","true","true","matched","false",""
"prod:46b22986-d4c9-4f6d-95b0-f34a191ec53b","stable_uuid","46b22986-d4c9-4f6d-95b0-f34a191ec53b","ITEM-0307","CHB-MH0-020","CHB-MH0-020","true","true","true","308","true","false","true","354","353","471","true","13","1","25","p13:t1:r25:display-20","c8c1b9e229ad5dc5e076de088e17b15185ba77ae211f6ebcd1c836f1064c15e7","งานสร้างบ่อพัก  (MH) TYPE T3-1 ฝาเหล็ก  ตามแบบมาตรฐานเลขที่ 125","งานสร้างบ่อพัก (MH) TYPE T3-1 ฝาเหล็ก ตามแบบมาตรฐานเลขที่ 125","งานสร้างบ่อพัก (MH) TYPE T3-1 ฝาเหล็ก ตามแบบมาตรฐานเลขที่ 125","งานสร้างบ่อพัก (MH) TYPE T3-1 ฝาเหล็ก ตามแบบมาตรฐานเลขที่ 125","งานสรา้ งบ่อพัก (MH) TYPE T3-1 ฝาเหล็ก ตามแบบมาตรฐานเลขที่ 125","งานสรา้ งบ่อพัก (MH) TYPE T3-1 ฝาเหล็ก ตามแบบมาตรฐานเลขที่ 125","บ่อ","บ่อ","บ่อ","บ่อ","บ่อ","บ่อ","97113","41762","138875","97113","41762","138875","97113","41762","138875","equal","equal","equal","order_constrained_name_unit_source_ordinal","high","0.942308","true","true","matched","false",""
"prod:cc017186-2dd1-40ed-be83-2b734ac8fe58","stable_uuid","cc017186-2dd1-40ed-be83-2b734ac8fe58","ITEM-0308","CHB-MH0-021","CHB-MH0-021","true","true","true","309","true","false","true","355","354","472","true","13","1","26","p13:t1:r26:display-21","40b59e4732c09a9b16d48d6f94c3338ef90fbaba1c5ab567c6e8efa0c2fd2f7c","งานสร้างบ่อพัก  (MH) TYPE T4-1 ฝาค.ส.ล. ตามแบบมาตรฐานเลขที่ 126","งานสร้างบ่อพัก (MH) TYPE T4-1 ฝาค.ส.ล. ตามแบบมาตรฐานเลขที่ 126","งานสร้างบ่อพัก (MH) TYPE T4-1 ฝาค.ส.ล. ตามแบบมาตรฐานเลขที่ 126","งานสร้างบ่อพัก (MH) TYPE T4-1 ฝาค.ส.ล. ตามแบบมาตรฐานเลขที่ 126","งานสรา้ งบ่อพัก (MH) TYPE T4-1 ฝาค.ส.ล. ตามแบบมาตรฐานเลขที่ 126","งานสรา้ งบ่อพัก (MH) TYPE T4-1 ฝาค.ส.ล. ตามแบบมาตรฐานเลขที่ 126","บ่อ","บ่อ","บ่อ","บ่อ","บ่อ","บ่อ","96497","37979","134476","96497","37979","134476","96497","37979","134476","equal","equal","equal","order_constrained_name_unit_source_ordinal","high","0.94","true","true","matched","false",""
"prod:cc17d0dc-f329-47ff-b219-6120881d0f2c","stable_uuid","cc17d0dc-f329-47ff-b219-6120881d0f2c","ITEM-0309","CHB-MH0-022","CHB-MH0-022","true","true","true","310","true","false","true","356","355","473","true","13","1","27","p13:t1:r27:display-22","e9d5692cd7b54f25d7f830c69677fde2867778f371baaaec0e800cac40a497d0","งานสร้างบ่อพัก  (MH) TYPE T4-1 ฝาเหล็ก  ตามแบบมาตรฐานเลขที่ 126","งานสร้างบ่อพัก (MH) TYPE T4-1 ฝาเหล็ก ตามแบบมาตรฐานเลขที่ 126","งานสร้างบ่อพัก (MH) TYPE T4-1 ฝาเหล็ก ตามแบบมาตรฐานเลขที่ 126","งานสร้างบ่อพัก (MH) TYPE T4-1 ฝาเหล็ก ตามแบบมาตรฐานเลขที่ 126","งานสรา้ งบ่อพัก (MH) TYPE T4-1 ฝาเหล็ก ตามแบบมาตรฐานเลขที่ 126","งานสรา้ งบ่อพัก (MH) TYPE T4-1 ฝาเหล็ก ตามแบบมาตรฐานเลขที่ 126","บ่อ","บ่อ","บ่อ","บ่อ","บ่อ","บ่อ","101442","39387","140829","101442","39387","140829","101442","39387","140829","equal","equal","equal","order_constrained_name_unit_source_ordinal","high","0.942308","true","true","matched","false",""
"prod:eebacb5b-2f73-4d7b-8a28-98786cafed73","stable_uuid","eebacb5b-2f73-4d7b-8a28-98786cafed73","ITEM-0310","CHB-MH0-023","CHB-MH0-023","true","true","true","311","true","false","true","357","356","474","true","13","1","28","p13:t1:r28:display-23","6d601b6853dac9af78644326555365f4df5d7bc96b417da132791c21fc4eb596","งานสร้างบ่อพัก  (MH) TYPE T3-2 ฝาค.ส.ล. ตามแบบมาตรฐานเลขที่ 129","งานสร้างบ่อพัก (MH) TYPE T3-2 ฝาค.ส.ล. ตามแบบมาตรฐานเลขที่ 129","งานสร้างบ่อพัก (MH) TYPE T3-2 ฝาค.ส.ล. ตามแบบมาตรฐานเลขที่ 129","งานสร้างบ่อพัก (MH) TYPE T3-2 ฝาค.ส.ล. ตามแบบมาตรฐานเลขที่ 129","งานสรา้ งบ่อพัก (MH) TYPE T3-2 ฝาค.ส.ล. ตามแบบมาตรฐานเลขที่ 129","งานสรา้ งบ่อพัก (MH) TYPE T3-2 ฝาค.ส.ล. ตามแบบมาตรฐานเลขที่ 129","บ่อ","บ่อ","บ่อ","บ่อ","บ่อ","บ่อ","134248","55144","189392","134248","55144","189392","134248","55144","189392","equal","equal","equal","order_constrained_name_unit_source_ordinal","high","0.94","true","true","matched","false",""
"prod:218dd6d1-b089-4675-920b-4f4db5fcefcd","stable_uuid","218dd6d1-b089-4675-920b-4f4db5fcefcd","ITEM-0311","CHB-MH0-024","CHB-MH0-024","true","true","true","312","true","false","true","358","357","475","true","13","1","29","p13:t1:r29:display-24","548d565d681a03c4547536c603f18501ede264a3be0410113a40a27e6fa07ee9","งานสร้างบ่อพัก  (MH) TYPE T3-2 ฝาเหล็ก  ตามแบบมาตรฐานเลขที่ 129","งานสร้างบ่อพัก (MH) TYPE T3-2 ฝาเหล็ก ตามแบบมาตรฐานเลขที่ 129","งานสร้างบ่อพัก (MH) TYPE T3-2 ฝาเหล็ก ตามแบบมาตรฐานเลขที่ 129","งานสร้างบ่อพัก (MH) TYPE T3-2 ฝาเหล็ก ตามแบบมาตรฐานเลขที่ 129","งานสรา้ งบ่อพัก (MH) TYPE T3-2 ฝาเหล็ก ตามแบบมาตรฐานเลขที่ 129","งานสรา้ งบ่อพัก (MH) TYPE T3-2 ฝาเหล็ก ตามแบบมาตรฐานเลขที่ 129","บ่อ","บ่อ","บ่อ","บ่อ","บ่อ","บ่อ","144138","57960","202098","144138","57960","202098","144138","57960","202098","equal","equal","equal","order_constrained_name_unit_source_ordinal","high","0.942308","true","true","matched","false",""
"prod:83b78420-bc51-4093-8507-6d09c6815b74","stable_uuid","83b78420-bc51-4093-8507-6d09c6815b74","ITEM-0312","CHB-MH0-025","CHB-MH0-025","true","true","true","313","true","false","true","359","358","476","true","13","1","30","p13:t1:r30:display-25","7b2bbf7069d570d89b9c97311cb995b25f8f16d309ffae69a07ffcaf1ec2b9c8","งานสร้างบ่อพัก  (MH) TYPE T4-2 ฝาค.ส.ล. ตามแบบมาตรฐานเลขที่ 130","งานสร้างบ่อพัก (MH) TYPE T4-2 ฝาค.ส.ล. ตามแบบมาตรฐานเลขที่ 130","งานสร้างบ่อพัก (MH) TYPE T4-2 ฝาค.ส.ล. ตามแบบมาตรฐานเลขที่ 130","งานสร้างบ่อพัก (MH) TYPE T4-2 ฝาค.ส.ล. ตามแบบมาตรฐานเลขที่ 130","งานสรา้ งบ่อพัก (MH) TYPE T4-2 ฝาค.ส.ล. ตามแบบมาตรฐานเลขที่ 130","งานสรา้ งบ่อพัก (MH) TYPE T4-2 ฝาค.ส.ล. ตามแบบมาตรฐานเลขที่ 130","บ่อ","บ่อ","บ่อ","บ่อ","บ่อ","บ่อ","122936","53341","176277","122936","53341","176277","122936","53341","176277","equal","equal","equal","order_constrained_name_unit_source_ordinal","high","0.94","true","true","matched","false",""
"prod:334ebb17-563a-4497-bbab-c2c320e9fac4","stable_uuid","334ebb17-563a-4497-bbab-c2c320e9fac4","ITEM-0313","CHB-MH0-026","CHB-MH0-026","true","true","true","314","true","false","true","360","359","477","true","13","1","31","p13:t1:r31:display-26","f0733a034934b92659279d6c7257a3f6ff217dbec2edba20d78e5932dc510992","งานสร้างบ่อพัก  (MH) TYPE T4-2 ฝาเหล็ก  ตามแบบมาตรฐานเลขที่ 130","งานสร้างบ่อพัก (MH) TYPE T4-2 ฝาเหล็ก ตามแบบมาตรฐานเลขที่ 130","งานสร้างบ่อพัก (MH) TYPE T4-2 ฝาเหล็ก ตามแบบมาตรฐานเลขที่ 130","งานสร้างบ่อพัก (MH) TYPE T4-2 ฝาเหล็ก ตามแบบมาตรฐานเลขที่ 130","งานสรา้ งบ่อพัก (MH) TYPE T4-2 ฝาเหล็ก ตามแบบมาตรฐานเลขที่ 130","งานสรา้ งบ่อพัก (MH) TYPE T4-2 ฝาเหล็ก ตามแบบมาตรฐานเลขที่ 130","บ่อ","บ่อ","บ่อ","บ่อ","บ่อ","บ่อ","132826","56157","188983","132826","56157","188983","132826","56157","188983","equal","equal","equal","order_constrained_name_unit_source_ordinal","high","0.942308","true","true","matched","false",""
"prod:3a11fef6-14f5-48e4-b283-e6b5f97570b0","stable_uuid","3a11fef6-14f5-48e4-b283-e6b5f97570b0","ITEM-0314","CHB-MH0-027","CHB-MH0-027","true","true","true","315","true","false","true","361","360","478","true","13","1","32","p13:t1:r32:display-27","db1471092ea5cbc6baee056ea25c52b53ec575f2c2ba0df43367de9fc37eabf2","งานสร้างบ่อพัก  (MH) TYPE T4-2B ฝาค.ส.ล. ตามแบบมาตรฐานเลขที่ 132","งานสร้างบ่อพัก (MH) TYPE T4-2B ฝาค.ส.ล. ตามแบบมาตรฐานเลขที่ 132","งานสร้างบ่อพัก (MH) TYPE T4-2B ฝาค.ส.ล. ตามแบบมาตรฐานเลขที่ 132","งานสร้างบ่อพัก (MH) TYPE T4-2B ฝาค.ส.ล. ตามแบบมาตรฐานเลขที่ 132","งานสรา้ งบ่อพัก (MH) TYPE T4-2B ฝาค.ส.ล. ตามแบบมาตรฐานเลขที่ 132","งานสรา้ งบ่อพัก (MH) TYPE T4-2B ฝาค.ส.ล. ตามแบบมาตรฐานเลขที่ 132","บ่อ","บ่อ","บ่อ","บ่อ","บ่อ","บ่อ","254333","101568","355901","254333","101568","355901","254333","101568","355901","equal","equal","equal","order_constrained_name_unit_source_ordinal","high","0.941176","true","true","matched","false",""
"prod:ce18f049-4bca-4cf3-867b-9be9dec6f219","stable_uuid","ce18f049-4bca-4cf3-867b-9be9dec6f219","ITEM-0315","CHB-MH0-028","CHB-MH0-028","true","true","true","316","true","false","true","362","361","479","true","13","1","33","p13:t1:r33:display-28","3d7e794dd4832a1beee80f407dd5018ddac13f73abcb9ab505aa7e599d45b138","งานสร้างบ่อพัก  (MH) TYPE T4-2B ฝาเหล็ก  ตามแบบมาตรฐานเลขที่ 132","งานสร้างบ่อพัก (MH) TYPE T4-2B ฝาเหล็ก ตามแบบมาตรฐานเลขที่ 132","งานสร้างบ่อพัก (MH) TYPE T4-2B ฝาเหล็ก ตามแบบมาตรฐานเลขที่ 132","งานสร้างบ่อพัก (MH) TYPE T4-2B ฝาเหล็ก ตามแบบมาตรฐานเลขที่ 132","งานสรา้ งบ่อพัก (MH) TYPE T4-2B ฝาเหล็ก ตามแบบมาตรฐานเลขที่ 132","งานสรา้ งบ่อพัก (MH) TYPE T4-2B ฝาเหล็ก ตามแบบมาตรฐานเลขที่ 132","บ่อ","บ่อ","บ่อ","บ่อ","บ่อ","บ่อ","274113","107200","381313","274113","107200","381313","274113","107200","381313","equal","equal","equal","order_constrained_name_unit_source_ordinal","high","0.943396","true","true","matched","false",""
"prod:c66a46bc-5b46-43be-96eb-1d8d602121c3","stable_uuid","c66a46bc-5b46-43be-96eb-1d8d602121c3","ITEM-0316","CHB-MH0-029","CHB-MH0-029","true","true","true","317","true","false","true","363","362","480","true","14","1","3","p14:t1:r3:display-29","e47d43b7c43004edc717f1384f5e83dcc5d7ba354831fc60733d559ae56d7210","งานสร้างบ่อพัก  (MH) TYPE T3-3 ฝาค.ส.ล. ตามแบบมาตรฐานเลขที่ 133","งานสร้างบ่อพัก (MH) TYPE T3-3 ฝาค.ส.ล. ตามแบบมาตรฐานเลขที่ 133","งานสร้างบ่อพัก (MH) TYPE T3-3 ฝาค.ส.ล. ตามแบบมาตรฐานเลขที่ 133","งานสร้างบ่อพัก (MH) TYPE T3-3 ฝาค.ส.ล. ตามแบบมาตรฐานเลขที่ 133","งานสรา้ งบ่อพัก (MH) TYP1E. Tง3า-น3ว ฝาางคท.่อสร.ล้อ.ย ตสาามยแสบื่อบสมาารตใตร้ดฐาินน หเลุ้มขคทอี่ 1น3ก3รีตเสริมเหล็ก (ค.ส.ล.)","งานสรา้ งบ่อพัก (MH) TYP1E. Tง3า-น3ว ฝาางคท.่อสร.ล้อ.ย ตสาามยแสบื่อบสมาารตใตร้ดฐาินน หเลุ้มขคทอี่ 1น3ก3รีตเสริมเหล็ก (ค.ส.ล.)","บ่อ","บ่อ","บ่อ","บ่อ","บ่อ","บ่อ","220877","80791","301668","220877","80791","301668","220877","80791","301668","equal","equal","equal","order_constrained_name_unit_source_ordinal","medium","0.363636","true","true","matched","false","repeated_page_header_description_overlay"
"prod:3bfd1930-d100-4fd3-aa99-a877364625b9","stable_uuid","3bfd1930-d100-4fd3-aa99-a877364625b9","ITEM-0317","CHB-MH0-030","CHB-MH0-030","true","true","true","318","true","false","true","364","363","481","true","14","1","4","p14:t1:r4:display-30","e2bef096aabefa586ee290418c7958df36b550fb1568badafe4c22bed624becb","งานสร้างบ่อพัก  (MH) TYPE T3-3 ฝาเหล็ก  ตามแบบมาตรฐานเลขที่ 133","งานสร้างบ่อพัก (MH) TYPE T3-3 ฝาเหล็ก ตามแบบมาตรฐานเลขที่ 133","งานสร้างบ่อพัก (MH) TYPE T3-3 ฝาเหล็ก ตามแบบมาตรฐานเลขที่ 133","งานสร้างบ่อพัก (MH) TYPE T3-3 ฝาเหล็ก ตามแบบมาตรฐานเลขที่ 133","งานสรา้ งบ่อพัก (MH) TYPE T3-3 ฝาเหล็ก ตามแบบมาตรฐานเลขที่ 133","งานสรา้ งบ่อพัก (MH) TYPE T3-3 ฝาเหล็ก ตามแบบมาตรฐานเลขที่ 133","บ่อ","บ่อ","บ่อ","บ่อ","บ่อ","บ่อ","230767","83607","314374","230767","83607","314374","230767","83607","314374","equal","equal","equal","order_constrained_name_unit_source_ordinal","high","0.942308","true","true","matched","false",""
"prod:36a81631-2a2d-4f42-bc3a-6373ea29fb49","stable_uuid","36a81631-2a2d-4f42-bc3a-6373ea29fb49","ITEM-0318","CHB-MH0-031","CHB-MH0-031","true","true","true","319","true","false","true","365","364","482","true","14","1","5","p14:t1:r5:display-31","4df364552e100c4bd53b38bff5797b9d9002f0cfa76e2c0aab2189500361ef00","งานสร้างบ่อพัก  (MH) TYPE V3 ฝาค.ส.ล.","งานสร้างบ่อพัก (MH) TYPE V3 ฝาค.ส.ล.","งานสร้างบ่อพัก (MH) TYPE V3 ฝาค.ส.ล.","งานสร้างบ่อพัก (MH) TYPE V3 ฝาค.ส.ล.","งานสรา้ งบ่อพัก (MH) TYPE V3 ฝาค.ส.ล.","งานสรา้ งบ่อพัก (MH) TYPE V3 ฝาค.ส.ล.","บ่อ","บ่อ","บ่อ","บ่อ","บ่อ","บ่อ","163127","61075","224202","163127","61075","224202","163127","61075","224202","equal","equal","equal","order_constrained_name_unit_source_ordinal","high","0.884615","true","true","matched","false",""
"prod:b90bd594-21b8-4e86-a2c5-0a5fe42e6e76","stable_uuid","b90bd594-21b8-4e86-a2c5-0a5fe42e6e76","ITEM-0319","CHB-MH0-032","CHB-MH0-032","true","true","true","320","true","false","true","366","365","483","true","14","1","6","p14:t1:r6:display-32","56e7b2450e19d0b3ec0a3f31754609a2d5acfff267c5f034162a8ef3c2260235","งานสร้างบ่อพัก  (MH) TYPE V3 ฝาเหล็ก","งานสร้างบ่อพัก (MH) TYPE V3 ฝาเหล็ก","งานสร้างบ่อพัก (MH) TYPE V3 ฝาเหล็ก","งานสร้างบ่อพัก (MH) TYPE V3 ฝาเหล็ก","งานสรา้ งบ่อพัก (MH) TYPE V3 ฝาเหล็ก","งานสรา้ งบ่อพัก (MH) TYPE V3 ฝาเหล็ก","บ่อ","บ่อ","บ่อ","บ่อ","บ่อ","บ่อ","173017","63891","236908","173017","63891","236908","173017","63891","236908","equal","equal","equal","order_constrained_name_unit_source_ordinal","high","0.892857","true","true","matched","false",""
"prod:65d4b379-7c63-4ed4-8f85-cbef2ff989c7","stable_uuid","65d4b379-7c63-4ed4-8f85-cbef2ff989c7","ITEM-0320","CHB-MH0-033","CHB-MH0-033","true","true","true","321","true","false","true","367","366","484","true","14","1","7","p14:t1:r7:display-33","18fcf9e526f001e08845beddcb2173ebb8ec5dcc2a6ccb66d2dc61768cf322f6","งานสร้างบ่อพัก  (MH) TYPE C3 ฝาเหล็ก","งานสร้างบ่อพัก (MH) TYPE C3 ฝาเหล็ก","งานสร้างบ่อพัก (MH) TYPE C3 ฝาเหล็ก","งานสร้างบ่อพัก (MH) TYPE C3 ฝาเหล็ก","งานสรา้ งบ่อพัก (MH) TYPE C3 ฝาเหล็ก","งานสรา้ งบ่อพัก (MH) TYPE C3 ฝาเหล็ก","บ่อ","บ่อ","บ่อ","บ่อ","บ่อ","บ่อ","208572","63520","272092","208572","63520","272092","208572","63520","272092","equal","equal","equal","order_constrained_name_unit_source_ordinal","high","0.892857","true","true","matched","false",""
"prod:677fc399-26a8-4d8f-a77c-c868091b1ffb","stable_uuid","677fc399-26a8-4d8f-a77c-c868091b1ffb","ITEM-0321","MOD-PB0-001","MOD-PB0-001","true","true","true","322","true","false","true","368","367","488","true","14","1","11","p14:t1:r11:display-1","791d5d0da19b9f9fef2c23f2971e401e229161ae0aff2828421b1b290134c246","งาน M. บ่อพักย่อย (PB) JUF-6  ฝาค.ส.ล. 1 ฝา เป็น 3 ฝา","งาน M. บ่อพักย่อย (PB) JUF-6 ฝาค.ส.ล. 1 ฝา เป็น 3 ฝา","งาน M. บ่อพักย่อย (PB) JUF-6 ฝาค.ส.ล. 1 ฝา เป็น 3 ฝา","งาน M. บ่อพักย่อย (PB) JUF-6 ฝาค.ส.ล. 1 ฝา เป็น 3 ฝา","งาน M. บ่อพักย่อย (PB) JUF-6 ฝาค.ส.ล. 1 ฝา เป็น 3 ฝา","งาน M. บ่อพักย่อย (PB) JUF-6 ฝาค.ส.ล. 1 ฝา เป็น 3 ฝา","บ่อ","บ่อ","บ่อ","บ่อ","บ่อ","บ่อ","15326","5229","20555","15326","5229","20555","15326","5229","20555","equal","equal","equal","order_constrained_name_unit_source_ordinal","high","1","true","true","matched","false",""
"prod:a634abea-d2c9-49e5-b4b7-76be2634829e","stable_uuid","a634abea-d2c9-49e5-b4b7-76be2634829e","ITEM-0322","MOD-PB0-002","MOD-PB0-002","true","true","true","323","true","false","true","369","368","489","true","14","1","12","p14:t1:r12:display-2","a1b17ef61a992904c815c896d39d9285262a1916c65e26a4ded00ef0ac08214b","งาน M. บ่อพักย่อย (PB) JUF-11  ฝาค.ส.ล.  เป็น  JUF-12","งาน M. บ่อพักย่อย (PB) JUF-11 ฝาค.ส.ล. เป็น JUF-12","งาน M. บ่อพักย่อย (PB) JUF-11 ฝาค.ส.ล. เป็น JUF-12","งาน M. บ่อพักย่อย (PB) JUF-11 ฝาค.ส.ล. เป็น JUF-12","งาน M. บ่อพักย่อย (PB) JUF-11 ฝาค.ส.ล. เป็น JUF-12","งาน M. บ่อพักย่อย (PB) JUF-11 ฝาค.ส.ล. เป็น JUF-12","บ่อ","บ่อ","บ่อ","บ่อ","บ่อ","บ่อ","17253","17253","34506","17253","17253","34506","17253","17253","34506","equal","equal","equal","order_constrained_name_unit_source_ordinal","high","1","true","true","matched","false",""
"prod:1c855c54-a1d8-4894-97d4-75c5fb998262","stable_uuid","1c855c54-a1d8-4894-97d4-75c5fb998262","ITEM-0323","MOD-PB0-003","MOD-PB0-003","true","true","true","324","true","false","true","370","369","490","true","14","1","13","p14:t1:r13:display-3","82af253187cd2b6f360969e0f6a762adf53bf07ac6ecb64429a6db3e1a75f0af","งาน M. บ่อพักย่อย (PB) JUF-11  ฝาเหล็ก เปลี่ยนฝาและเฟรมใหม่เป็น 4""","งาน M. บ่อพักย่อย (PB) JUF-11 ฝาเหล็ก เปลี่ยนฝาและเฟรมใหม่เป็น 4""","งาน M. บ่อพักย่อย (PB) JUF-11 ฝาเหล็ก เปลี่ยนฝาและเฟรมใหม่เป็น 4""","งาน M. บ่อพักย่อย (PB) JUF-11 ฝาเหล็ก เปลี่ยนฝาและเฟรมใหม่เป็น 4""","งาน M. บ่อพักย่อย (PB) JUF-11 ฝาเหล็ก เปลี่ยนฝาและเฟรมใหม่เป็น 4""","งาน M. บ่อพักย่อย (PB) JUF-11 ฝาเหล็ก เปลี่ยนฝาและเฟรมใหม่เป็น 4""","บ่อ","บ่อ","บ่อ","บ่อ","บ่อ","บ่อ","33801","12320","46121","33801","12320","46121","33801","12320","46121","equal","equal","equal","order_constrained_name_unit_source_ordinal","high","1","true","true","matched","false",""
"prod:c9bc7c8e-58bd-48da-a8a8-de3c5705b45a","stable_uuid","c9bc7c8e-58bd-48da-a8a8-de3c5705b45a","ITEM-0324","MOD-PB0-004","MOD-PB0-004","true","true","true","325","true","false","true","371","370","491","true","14","1","14","p14:t1:r14:display-4","ca36d9afcd67d71ed89a892b06ba7f2bbaf164c58aa7518781de10ffd69d1af5","งาน M. บ่อพักย่อย (PB) JUF-13  ฝาค.ส.ล. 5 ฝา เป็น 6 ฝาตามแบบเลขที่ 103","งาน M. บ่อพักย่อย (PB) JUF-13 ฝาค.ส.ล. 5 ฝา เป็น 6 ฝาตามแบบเลขที่ 103","งาน M. บ่อพักย่อย (PB) JUF-13 ฝาค.ส.ล. 5 ฝา เป็น 6 ฝาตามแบบเลขที่ 103","งาน M. บ่อพักย่อย (PB) JUF-13 ฝาค.ส.ล. 5 ฝา เป็น 6 ฝาตามแบบเลขที่ 103","งาน M. บ่อพักย่อย (PB) JUF-13 ฝาค.ส.ล. 5 ฝา เป็น 6 ฝาตามแบบเลขที่ 103","งาน M. บ่อพักย่อย (PB) JUF-13 ฝาค.ส.ล. 5 ฝา เป็น 6 ฝาตามแบบเลขที่ 103","บ่อ","บ่อ","บ่อ","บ่อ","บ่อ","บ่อ","41724","20560","62284","41724","20560","62284","41724","20560","62284","equal","equal","equal","order_constrained_name_unit_source_ordinal","high","1","true","true","matched","false",""
"prod:6af4ae7f-3b46-4527-b3d1-9ffba825aca9","stable_uuid","6af4ae7f-3b46-4527-b3d1-9ffba825aca9","ITEM-0325","MOD-PB0-005","MOD-PB0-005","true","true","true","326","true","false","true","372","371","492","true","14","1","15","p14:t1:r15:display-5","8ebaf1c1958ef95a56b4f7e8700c8367e34ca8fb781defb37e5605e3393fcd14","งาน M. บ่อพักย่อย (PB) JUF-13  ฝาเหล็ก (ลึก 1.20ม.กว้าง.1.00ม.ยาว.มาตรฐาน เหล็กขอบ - ล่าง 4"" รองยางกันเสียงดัง)","งาน M. บ่อพักย่อย (PB) JUF-13 ฝาเหล็ก (ลึก 1.20ม.กว้าง.1.00ม.ยาว.มาตรฐาน เหล็กขอบ - ล่าง 4"" รองยางกันเสียงดัง)","งาน M. บ่อพักย่อย (PB) JUF-13 ฝาเหล็ก (ลึก 1.20ม.กว้าง.1.00ม.ยาว.มาตรฐาน เหล็กขอบ - ล่าง 4"" รองยางกันเสียงดัง)","งาน M. บ่อพักย่อย (PB) JUF-13 ฝาเหล็ก (ลึก 1.20ม.กว้าง.1.00ม.ยาว.มาตรฐาน เหล็กขอบ - ล่าง 4"" รองยางกันเสียงดัง)","งาน M. บ่อพักย่อย (PB) JUF-13 ฝาเหล็ก (ลึก 1.20ม.กวา้ ง.1.00ม.ยาว.มาตรฐาน เหล็กขอบ - ล่าง 4"" รองยางกันเสียงดัง)","งาน M. บ่อพักย่อย (PB) JUF-13 ฝาเหล็ก (ลึก 1.20ม.กวา้ ง.1.00ม.ยาว.มาตรฐาน เหล็กขอบ - ล่าง 4"" รองยางกันเสียงดัง)","บ่อ","บ่อ","บ่อ","บ่อ","บ่อ","บ่อ","51115","16697","67812","51115","16697","67812","51115","16697","67812","equal","equal","equal","order_constrained_name_unit_source_ordinal","high","0.964706","true","true","matched","false",""
"prod:7a198063-e91c-41ff-a59a-d9e342710c9c","stable_uuid","7a198063-e91c-41ff-a59a-d9e342710c9c","ITEM-0326","MOD-PB0-006","MOD-PB0-006","true","true","true","327","true","false","true","373","372","493","true","14","1","16","p14:t1:r16:display-6","1e0ee3a2fb5e99542a9c5ab8d4f9aa18c619f2876388cac780561bee2d6dbdef","งาน M. บ่อพักย่อย (PB) JUF-11  ฝาค.ส.ล.  เป็น JUF-13","งาน M. บ่อพักย่อย (PB) JUF-11 ฝาค.ส.ล. เป็น JUF-13","งาน M. บ่อพักย่อย (PB) JUF-11 ฝาค.ส.ล. เป็น JUF-13","งาน M. บ่อพักย่อย (PB) JUF-11 ฝาค.ส.ล. เป็น JUF-13","งาน M. บ่อพักย่อย (PB) JUF-11 ฝาค.ส.ล. เป็น JUF-13","งาน M. บ่อพักย่อย (PB) JUF-11 ฝาค.ส.ล. เป็น JUF-13","บ่อ","บ่อ","บ่อ","บ่อ","บ่อ","บ่อ","21495","7202","28697","21495","7202","28697","21495","7202","28697","equal","equal","equal","order_constrained_name_unit_source_ordinal","high","1","true","true","matched","false",""
"prod:30fccbc5-0a7e-4576-906d-ec1915220823","stable_uuid","30fccbc5-0a7e-4576-906d-ec1915220823","ITEM-0327","MOD-MH0-001","MOD-MH0-001","true","true","true","328","true","false","true","374","373","496","true","14","1","19","p14:t1:r19:display-1","26dbfd4f00011c8107a598547938953b140d0a790febde53f3630f1915a34ee5","งาน M. บ่อพัก (MH) TYPE A-1 ฝาเหล็กขยายออก 0.80 ม. (ไม่เปลี่ยนเฟรม - ไม่เปลี่ยนฝา)","งาน M. บ่อพัก (MH) TYPE A-1 ฝาเหล็กขยายออก 0.80 ม. (ไม่เปลี่ยนเฟรม - ไม่เปลี่ยนฝา)","งาน M. บ่อพัก (MH) TYPE A-1 ฝาเหล็กขยายออก 0.80 ม. (ไม่เปลี่ยนเฟรม - ไม่เปลี่ยนฝา)","งาน M. บ่อพัก (MH) TYPE A-1 ฝาเหล็กขยายออก 0.80 ม. (ไม่เปลี่ยนเฟรม - ไม่เปลี่ยนฝา)","งาน M. บ่อพัก (MH) TYPE A-1 ฝาเหล็กขยายออก 0.80 ม. (ไม่เปลี่ยนเฟรม - ไม่เปลี่ยนฝา)","งาน M. บ่อพัก (MH) TYPE A-1 ฝาเหล็กขยายออก 0.80 ม. (ไม่เปลี่ยนเฟรม - ไม่เปลี่ยนฝา)","บ่อ","บ่อ","บ่อ","บ่อ","บ่อ","บ่อ","20439","5836","26275","20439","5836","26275","20439","5836","26275","equal","equal","equal","order_constrained_name_unit_source_ordinal","high","1","true","true","matched","false",""
"prod:6c45a20d-28da-4f8a-9262-872f64c6d99f","stable_uuid","6c45a20d-28da-4f8a-9262-872f64c6d99f","ITEM-0328","MOD-MH0-002","MOD-MH0-002","true","true","true","329","true","false","true","375","374","497","true","14","1","20","p14:t1:r20:display-2","3ca95863e235d1b1099808a8c4fb7b2b2f98c5f96417c19c277263b5b1a7b272","งาน M. บ่อพัก (MH) TYPE A-1 ฝาเหล็กขยายเป็น 3.20x3.70 ม. (เปลี่ยนเฟรม - เปลี่ยนฝา)","งาน M. บ่อพัก (MH) TYPE A-1 ฝาเหล็กขยายเป็น 3.20x3.70 ม. (เปลี่ยนเฟรม - เปลี่ยนฝา)","งาน M. บ่อพัก (MH) TYPE A-1 ฝาเหล็กขยายเป็น 3.20x3.70 ม. (เปลี่ยนเฟรม - เปลี่ยนฝา)","งาน M. บ่อพัก (MH) TYPE A-1 ฝาเหล็กขยายเป็น 3.20x3.70 ม. (เปลี่ยนเฟรม - เปลี่ยนฝา)","งาน M. บ่อพัก (MH) TYPE A-1 ฝาเหล็กขยายเป็น 3.20x3.70 ม. (เปลี่ยนเฟรม - เปลี่ยนฝา)","งาน M. บ่อพัก (MH) TYPE A-1 ฝาเหล็กขยายเป็น 3.20x3.70 ม. (เปลี่ยนเฟรม - เปลี่ยนฝา)","บ่อ","บ่อ","บ่อ","บ่อ","บ่อ","บ่อ","72362","23818","96180","72362","23818","96180","72362","23818","96180","equal","equal","equal","order_constrained_name_unit_source_ordinal","high","1","true","true","matched","false",""
"prod:2f4fa6f4-9316-4c69-887b-cfa88884f406","stable_uuid","2f4fa6f4-9316-4c69-887b-cfa88884f406","ITEM-0329","MOD-MH0-003","MOD-MH0-003","true","true","true","330","true","false","true","376","375","498","true","14","1","21","p14:t1:r21:display-3","c21812b56e51a03b78d605bc37dced9e97b3eea4a2d82717a79cb30f0aac4e14","งาน M. บ่อพัก (MH) TYPE A-2 ฝาเหล็กขยายเป็น 4.10x4.30 ม. (เปลี่ยนเฟรม - เปลี่ยนฝา)","งาน M. บ่อพัก (MH) TYPE A-2 ฝาเหล็กขยายเป็น 4.10x4.30 ม. (เปลี่ยนเฟรม - เปลี่ยนฝา)","งาน M. บ่อพัก (MH) TYPE A-2 ฝาเหล็กขยายเป็น 4.10x4.30 ม. (เปลี่ยนเฟรม - เปลี่ยนฝา)","งาน M. บ่อพัก (MH) TYPE A-2 ฝาเหล็กขยายเป็น 4.10x4.30 ม. (เปลี่ยนเฟรม - เปลี่ยนฝา)","งาน M. บ่อพัก (MH) TYPE A-2 ฝาเหล็กขยายเป็น 4.10x4.30 ม. (เปลี่ยนเฟรม - เปลี่ยนฝา)","งาน M. บ่อพัก (MH) TYPE A-2 ฝาเหล็กขยายเป็น 4.10x4.30 ม. (เปลี่ยนเฟรม - เปลี่ยนฝา)","บ่อ","บ่อ","บ่อ","บ่อ","บ่อ","บ่อ","52233","14661","66894","52233","14661","66894","52233","14661","66894","equal","equal","equal","order_constrained_name_unit_source_ordinal","high","1","true","true","matched","false",""
"prod:aabfb0e7-7841-4b56-a309-4ac5b44ac4dc","stable_uuid","aabfb0e7-7841-4b56-a309-4ac5b44ac4dc","ITEM-0330","MOD-MH0-004","MOD-MH0-004","true","true","true","331","true","false","true","377","376","499","true","14","1","22","p14:t1:r22:display-4","58a9a0dae896cde4706a33f9b6fe40ad1dd4252935a8294b536b304b34d29122","งาน M. บ่อพัก (MH) TYPE A-2 ฝาเหล็กเป็น L2-2  (เปลี่ยนเฟรม - เปลี่ยนฝา)","งาน M. บ่อพัก (MH) TYPE A-2 ฝาเหล็กเป็น L2-2 (เปลี่ยนเฟรม - เปลี่ยนฝา)","งาน M. บ่อพัก (MH) TYPE A-2 ฝาเหล็กเป็น L2-2 (เปลี่ยนเฟรม - เปลี่ยนฝา)","งาน M. บ่อพัก (MH) TYPE A-2 ฝาเหล็กเป็น L2-2 (เปลี่ยนเฟรม - เปลี่ยนฝา)","งาน M. บ่อพัก (MH) TYPE A-2 ฝาเหล็กเป็น L2-2 (เปลี่ยนเฟรม - เปลี่ยนฝา)","งาน M. บ่อพัก (MH) TYPE A-2 ฝาเหล็กเป็น L2-2 (เปลี่ยนเฟรม - เปลี่ยนฝา)","บ่อ","บ่อ","บ่อ","บ่อ","บ่อ","บ่อ","61178","19213","80391","61178","19213","80391","61178","19213","80391","equal","equal","equal","order_constrained_name_unit_source_ordinal","high","1","true","true","matched","false",""
"prod:6f762b63-4050-403f-b1a0-cb17b951bab3","stable_uuid","6f762b63-4050-403f-b1a0-cb17b951bab3","ITEM-0331","MOD-MH0-005","MOD-MH0-005","true","true","true","332","true","false","true","378","377","500","true","14","1","23","p14:t1:r23:display-5","4dd5a2bf719bcf77a81b56a3ea8c198f71697d331eaf219b18f46db9412c7b16","งาน M. บ่อพัก (MH) TYPE L2-1 ฝาเหล็กเพิ่ม 1 บ่อทะลุผนัง (เปลี่ยนเฟรม - เปลี่ยนฝา)","งาน M. บ่อพัก (MH) TYPE L2-1 ฝาเหล็กเพิ่ม 1 บ่อทะลุผนัง (เปลี่ยนเฟรม - เปลี่ยนฝา)","งาน M. บ่อพัก (MH) TYPE L2-1 ฝาเหล็กเพิ่ม 1 บ่อทะลุผนัง (เปลี่ยนเฟรม - เปลี่ยนฝา)","งาน M. บ่อพัก (MH) TYPE L2-1 ฝาเหล็กเพิ่ม 1 บ่อทะลุผนัง (เปลี่ยนเฟรม - เปลี่ยนฝา)","งาน M. บ่อพัก (MH) TYPE L2-1 ฝาเหล็กเพิ่ม 1 บ่อทะลุผนัง (เปลี่ยนเฟรม - เปลี่ยนฝา)","งาน M. บ่อพัก (MH) TYPE L2-1 ฝาเหล็กเพิ่ม 1 บ่อทะลุผนัง (เปลี่ยนเฟรม - เปลี่ยนฝา)","บ่อ","บ่อ","บ่อ","บ่อ","บ่อ","บ่อ","186048","56615","242663","186048","56615","242663","186048","56615","242663","equal","equal","equal","order_constrained_name_unit_source_ordinal","high","1","true","true","matched","false",""
"prod:520a4226-4c87-4ec5-b629-f69487c8f67e","stable_uuid","520a4226-4c87-4ec5-b629-f69487c8f67e","ITEM-0332","MOD-MH0-006","MOD-MH0-006","true","true","true","333","true","false","true","379","378","501","true","14","1","24","p14:t1:r24:display-6","a0f325e58e6c3722551642ae2685e3e25cf05cb10dc7cc1c777617883a730b11","งาน M. บ่อพัก (MH) TYPE L2-2 ฝาเหล็ก เป็น T3-2","งาน M. บ่อพัก (MH) TYPE L2-2 ฝาเหล็ก เป็น T3-2","งาน M. บ่อพัก (MH) TYPE L2-2 ฝาเหล็ก เป็น T3-2","งาน M. บ่อพัก (MH) TYPE L2-2 ฝาเหล็ก เป็น T3-2","งาน M. บ่อพัก (MH) TYPE L2-2 ฝาเหล็ก เป็น T3-2","งาน M. บ่อพัก (MH) TYPE L2-2 ฝาเหล็ก เป็น T3-2","บ่อ","บ่อ","บ่อ","บ่อ","บ่อ","บ่อ","27164","8807","35971","27164","8807","35971","27164","8811","35975","equal","different","different","order_constrained_name_unit_source_ordinal","high","1","true","true","proposed_confirmed_correction","true",""
"prod:bfaee5bc-6fad-4b15-8da4-2f1c60d5c0f5","stable_uuid","bfaee5bc-6fad-4b15-8da4-2f1c60d5c0f5","ITEM-0333","MOD-MH0-007","MOD-MH0-007","true","true","true","334","true","false","true","380","379","502","true","14","1","25","p14:t1:r25:display-7","43dc250e4411b3ab8863ad38af8d5becdb0e0603c35064eb3ab2d28732aa3b26","งาน M. บ่อพัก (MH) TYPE A-1 ฝาเหล็ก เป็น A-2","งาน M. บ่อพัก (MH) TYPE A-1 ฝาเหล็ก เป็น A-2","งาน M. บ่อพัก (MH) TYPE A-1 ฝาเหล็ก เป็น A-2","งาน M. บ่อพัก (MH) TYPE A-1 ฝาเหล็ก เป็น A-2","งาน M. บ่อพัก (MH) TYPE A-1 ฝาเหล็ก เป็น A-2","งาน M. บ่อพัก (MH) TYPE A-1 ฝาเหล็ก เป็น A-2","บ่อ","บ่อ","บ่อ","บ่อ","บ่อ","บ่อ","45014","14593","59607","45014","14593","59607","45014","14600","59614","equal","different","different","order_constrained_name_unit_source_ordinal","high","1","true","true","proposed_confirmed_correction","true",""
"prod:956b2d1a-cac2-4ee7-98ed-3f7b8604af06","stable_uuid","956b2d1a-cac2-4ee7-98ed-3f7b8604af06","ITEM-0334","MOD-MH0-008","MOD-MH0-008","true","true","true","335","true","false","true","381","380","503","true","14","1","26","p14:t1:r26:display-8","c07d69d36e32d196a20bfdeb08ea1b85c48794ac92537b0ff5ee91713afae141","งาน M. บ่อพัก (MH) TYPE A-2 ฝาเหล็ก เป็น L2-1 (2.45x3.85)","งาน M. บ่อพัก (MH) TYPE A-2 ฝาเหล็ก เป็น L2-1 (2.45x3.85)","งาน M. บ่อพัก (MH) TYPE A-2 ฝาเหล็ก เป็น L2-1 (2.45x3.85)","งาน M. บ่อพัก (MH) TYPE A-2 ฝาเหล็ก เป็น L2-1 (2.45x3.85)","งาน M. บ่อพัก (MH) TYPE A-2 ฝาเหล็ก เป็น L2-1 (2.45x3.85)","งาน M. บ่อพัก (MH) TYPE A-2 ฝาเหล็ก เป็น L2-1 (2.45x3.85)","บ่อ","บ่อ","บ่อ","บ่อ","บ่อ","บ่อ","33740","10939","44679","33740","10939","44679","33740","10945","44685","equal","different","different","order_constrained_name_unit_source_ordinal","high","1","true","true","proposed_confirmed_correction","true",""
"prod:d260a391-59bb-4ced-9b18-cc08b7e57d0e","stable_uuid","d260a391-59bb-4ced-9b18-cc08b7e57d0e","ITEM-0335","MOD-MH0-009","MOD-MH0-009","true","true","true","336","true","false","true","382","381","504","true","14","1","27","p14:t1:r27:display-9","71bb4d2067cc2b1022a3214a0ce5c254efd619b09b658ae4ca86ffeabc4d1dc7","งาน M. บ่อพัก (MH) TYPE A-2 ฝาเหล็ก เป็น L3-2 (2.55x5.15)","งาน M. บ่อพัก (MH) TYPE A-2 ฝาเหล็ก เป็น L3-2 (2.55x5.15)","งาน M. บ่อพัก (MH) TYPE A-2 ฝาเหล็ก เป็น L3-2 (2.55x5.15)","งาน M. บ่อพัก (MH) TYPE A-2 ฝาเหล็ก เป็น L3-2 (2.55x5.15)","งาน M. บ่อพัก (MH) TYPE A-2 ฝาเหล็ก เป็น L3-2 (2.55x5.15)","งาน M. บ่อพัก (MH) TYPE A-2 ฝาเหล็ก เป็น L3-2 (2.55x5.15)","บ่อ","บ่อ","บ่อ","บ่อ","บ่อ","บ่อ","35037","11359","46396","35037","11359","46396","35037","11364","46401","equal","different","different","order_constrained_name_unit_source_ordinal","high","1","true","true","proposed_confirmed_correction","true",""
"prod:837e8326-ec36-412c-bafd-476db1ac60f1","stable_uuid","837e8326-ec36-412c-bafd-476db1ac60f1","ITEM-0336","MOD-FPB-001","MOD-FPB-001","true","true","true","337","true","false","true","383","382","507","true","14","1","30","p14:t1:r30:display-1","15e297d43327899a3da89e017b13fa3315a05780080d0515e5b96ab760f792c7","งานเปลี่ยนฝาบ่อพักย่อย (PB) ฝาค.ส.ล.","งานเปลี่ยนฝาบ่อพักย่อย (PB) ฝาค.ส.ล.","งานเปลี่ยนฝาบ่อพักย่อย (PB) ฝาค.ส.ล.","งานเปลี่ยนฝาบ่อพักย่อย (PB) ฝาค.ส.ล.","งานเปลี่ยนฝาบ่อพักย่อย (PB) ฝาค.ส.ล.","งานเปลี่ยนฝาบ่อพักย่อย (PB) ฝาค.ส.ล.","ฝา","ฝา","ฝา","ฝา","ฝา","ฝา","1431","800","2231","1431","800","2231","1431","800","2231","equal","equal","equal","order_constrained_name_unit_source_ordinal","high","1","true","true","matched","false",""
"prod:bced674b-1a1c-4ef8-868d-4a06a1396c71","stable_uuid","bced674b-1a1c-4ef8-868d-4a06a1396c71","ITEM-0337","MOD-FPB-002","MOD-FPB-002","true","true","true","338","true","false","true","384","383","508","true","14","1","31","p14:t1:r31:display-2","95d0d72104027d7d50b9ff08d5ec1c90532035cc9194339f9886eea16f821832","งานเปลี่ยนฝาบ่อพักย่อย (PB) ฝาค.ส.ล. แบบปูกระเบื้อง CERAMIC ขนาด 0.30 x 0.30 ม.","งานเปลี่ยนฝาบ่อพักย่อย (PB) ฝาค.ส.ล. แบบปูกระเบื้อง CERAMIC ขนาด 0.30 x 0.30 ม.","งานเปลี่ยนฝาบ่อพักย่อย (PB) ฝาค.ส.ล. แบบปูกระเบื้อง CERAMIC ขนาด 0.30 x 0.30 ม.","งานเปลี่ยนฝาบ่อพักย่อย (PB) ฝาค.ส.ล. แบบปูกระเบื้อง CERAMIC ขนาด 0.30 x 0.30 ม.","งานเปลี่ยนฝาบ่อพักย่อย (PB) ฝาค.ส.ล. แบบปูกระเบื้อง CERAMIC ขนาด 0.30 x 0.30 ม.","งานเปลี่ยนฝาบ่อพักย่อย (PB) ฝาค.ส.ล. แบบปูกระเบื้อง CERAMIC ขนาด 0.30 x 0.30 ม.","ฝา","ฝา","ฝา","ฝา","ฝา","ฝา","1602","876","2478","1602","876","2478","1602","876","2478","equal","equal","equal","order_constrained_name_unit_source_ordinal","high","1","true","true","matched","false",""
"prod:772e247e-808f-4236-b9eb-65df5e845e4a","stable_uuid","772e247e-808f-4236-b9eb-65df5e845e4a","ITEM-0338","MOD-FPB-003","MOD-FPB-003","true","true","true","339","true","false","true","385","384","509","true","14","1","32","p14:t1:r32:display-3","de52cbc3e480df3d65267daffe7a3cb59be2e7e7edcc96a45897cce5db519026","งานเปลี่ยนฝาบ่อพักย่อย (PB) ฝาเหล็ก","งานเปลี่ยนฝาบ่อพักย่อย (PB) ฝาเหล็ก","งานเปลี่ยนฝาบ่อพักย่อย (PB) ฝาเหล็ก","งานเปลี่ยนฝาบ่อพักย่อย (PB) ฝาเหล็ก","งานเปลี่ยนฝาบ่อพักย่อย (PB) ฝาเหล็ก","งานเปลี่ยนฝาบ่อพักย่อย (PB) ฝาเหล็ก","ฝา","ฝา","ฝา","ฝา","ฝา","ฝา","6440","2206","8646","6440","2206","8646","6440","2206","8646","equal","equal","equal","order_constrained_name_unit_source_ordinal","high","1","true","true","matched","false",""
"prod:be07f971-cc18-4240-933f-e7dee6fd605d","stable_uuid","be07f971-cc18-4240-933f-e7dee6fd605d","ITEM-0339","MOD-FPB-004","MOD-FPB-004","true","true","true","340","true","false","true","386","385","510","true","14","1","33","p14:t1:r33:display-4","942bffb248ac7aa32a030bd6fb6aceec84df25c03098717357d7d890824f6487","งานเปลี่ยนเฟรมบ่อพักย่อย (PB) JUF-6 2 ฝา","งานเปลี่ยนเฟรมบ่อพักย่อย (PB) JUF-6 2 ฝา","งานเปลี่ยนเฟรมบ่อพักย่อย (PB) JUF-6 2 ฝา","งานเปลี่ยนเฟรมบ่อพักย่อย (PB) JUF-6 2 ฝา","งานเปลี่ยนเฟรมบ่อพักย่อย (PB) JUF-6 2 ฝา","งานเปลี่ยนเฟรมบ่อพักย่อย (PB) JUF-6 2 ฝา","ชุด","ชุด","ชุด","ชุด","ชุด","ชุด","3250","1626","4876","3250","1626","4876","3250","1626","4876","equal","equal","equal","order_constrained_name_unit_source_ordinal","high","1","true","true","matched","false",""
"prod:af6be34e-96f7-4305-b609-df3de9f270f5","stable_uuid","af6be34e-96f7-4305-b609-df3de9f270f5","ITEM-0340","MOD-FPB-005","MOD-FPB-005","true","true","true","341","true","false","true","387","386","511","true","15","1","3","p15:t1:r3:display-5","9d3eec3ab64d70572e9acb45005fd42a5eba42ae7a3403c8a150f92cdb1a4545","งานเปลี่ยนเฟรมบ่อพักย่อย (PB) JUF-11","งานเปลี่ยนเฟรมบ่อพักย่อย (PB) JUF-11","งานเปลี่ยนเฟรมบ่อพักย่อย (PB) JUF-11","งานเปลี่ยนเฟรมบ่อพักย่อย (PB) JUF-11","งานเปลี่ยนเฟรมบ่อพักย่อย 1(P. Bง)า นJUวFา-ง1ท1่อร้อยสายสื่อสารใต้ดิน หุ้มคอนกรีตเสริมเหล็ก (ค.ส.ล.)","งานเปลี่ยนเฟรมบ่อพักย่อย 1(P. Bง)า นJUวFา-ง1ท1่อร้อยสายสื่อสารใต้ดิน หุ้มคอนกรีตเสริมเหล็ก (ค.ส.ล.)","ชุด","ชุด","ชุด","ชุด","ชุด","ชุด","4550","2349","6899","4550","2349","6899","4550","2349","6899","equal","equal","equal","order_constrained_name_unit_source_ordinal","medium","0.431034","true","true","matched","false","repeated_page_header_description_overlay"
"prod:56c20137-6f2a-4aa0-8d66-e1d941cf4a24","stable_uuid","56c20137-6f2a-4aa0-8d66-e1d941cf4a24","ITEM-0341","MOD-FPB-006","MOD-FPB-006","true","true","true","342","true","false","true","388","387","512","true","15","1","4","p15:t1:r4:display-6","88722e6949aa7a09d56a4760bbe7a2d4c49ec269bb08aee330781ebfe8b504c7","งานเปลี่ยนเฟรมบ่อพักย่อย (PB) JUF-12","งานเปลี่ยนเฟรมบ่อพักย่อย (PB) JUF-12","งานเปลี่ยนเฟรมบ่อพักย่อย (PB) JUF-12","งานเปลี่ยนเฟรมบ่อพักย่อย (PB) JUF-12","งานเปลี่ยนเฟรมบ่อพักย่อย (PB) JUF-12","งานเปลี่ยนเฟรมบ่อพักย่อย (PB) JUF-12","ชุด","ชุด","ชุด","ชุด","ชุด","ชุด","6450","3252","9702","6450","3252","9702","6450","3252","9702","equal","equal","equal","order_constrained_name_unit_source_ordinal","high","1","true","true","matched","false",""
"prod:b20fbb6a-5147-42fe-9990-91635eb20afb","stable_uuid","b20fbb6a-5147-42fe-9990-91635eb20afb","ITEM-0342","MOD-FPB-007","MOD-FPB-007","true","true","true","343","true","false","true","389","388","513","true","15","1","5","p15:t1:r5:display-7","2016be47eb532b558231166f083b05f7b5f39606fdb5db9a391434bcf2d4081f","งานเปลี่ยนเฟรมบ่อพักย่อย (PB) JUF-13","งานเปลี่ยนเฟรมบ่อพักย่อย (PB) JUF-13","งานเปลี่ยนเฟรมบ่อพักย่อย (PB) JUF-13","งานเปลี่ยนเฟรมบ่อพักย่อย (PB) JUF-13","งานเปลี่ยนเฟรมบ่อพักย่อย (PB) JUF-13","งานเปลี่ยนเฟรมบ่อพักย่อย (PB) JUF-13","ชุด","ชุด","ชุด","ชุด","ชุด","ชุด","8050","4065","12115","8050","4065","12115","8050","4065","12115","equal","equal","equal","order_constrained_name_unit_source_ordinal","high","1","true","true","matched","false",""
"prod:60ce8da4-1309-45f9-a61a-2a0fb6814329","stable_uuid","60ce8da4-1309-45f9-a61a-2a0fb6814329","ITEM-0343","MOD-FMH-001","MOD-FMH-001","true","true","true","344","true","false","true","390","389","516","true","15","1","8","p15:t1:r8:display-1","146923733bc2dc1e7e955b63efa10eb23b5e7ecbee4b28579db6f4c12ab29d83","งานเปลี่ยนฝาบ่อพัก (MH) ฝาค.ส.ล.","งานเปลี่ยนฝาบ่อพัก (MH) ฝาค.ส.ล.","งานเปลี่ยนฝาบ่อพัก (MH) ฝาค.ส.ล.","งานเปลี่ยนฝาบ่อพัก (MH) ฝาค.ส.ล.","งานเปลี่ยนฝาบ่อพัก (MH) ฝาค.ส.ล.","งานเปลี่ยนฝาบ่อพัก (MH) ฝาค.ส.ล.","ฝา","ฝา","ฝา","ฝา","ฝา","ฝา","1905","768","2673","1905","768","2673","1905","768","2673","equal","equal","equal","order_constrained_name_unit_source_ordinal","high","1","true","true","matched","false",""
"prod:cc699e4e-f1ac-481b-983d-7d94f84d25d5","stable_uuid","cc699e4e-f1ac-481b-983d-7d94f84d25d5","ITEM-0344","MOD-FMH-002","MOD-FMH-002","true","true","true","345","true","false","true","391","390","517","true","15","1","9","p15:t1:r9:display-2","b9afa6418c6fb1a2fc3275f9bd792aa716e839419fc8bc48b005e1a32c25de91","งานเปลี่ยนฝาบ่อพัก (MH) ฝาเหล็ก","งานเปลี่ยนฝาบ่อพัก (MH) ฝาเหล็ก","งานเปลี่ยนฝาบ่อพัก (MH) ฝาเหล็ก","งานเปลี่ยนฝาบ่อพัก (MH) ฝาเหล็ก","งานเปลี่ยนฝาบ่อพัก (MH) ฝาเหล็ก","งานเปลี่ยนฝาบ่อพัก (MH) ฝาเหล็ก","ฝา","ฝา","ฝา","ฝา","ฝา","ฝา","6850","2369","9219","6850","2369","9219","6850","2369","9219","equal","equal","equal","order_constrained_name_unit_source_ordinal","high","1","true","true","matched","false",""
"prod:d3a2d1ce-74b2-451e-b30e-2443db591997","stable_uuid","d3a2d1ce-74b2-451e-b30e-2443db591997","ITEM-0345","MOD-FMH-003","MOD-FMH-003","true","true","true","346","true","false","true","392","391","518","true","15","1","10","p15:t1:r10:display-3","4a08f4bc1fb19f3facf36197f0bc62c4643ed78f896bdcb5339469c5c610366e","งานเปลี่ยนเฟรมบ่อพัก (MH)","งานเปลี่ยนเฟรมบ่อพัก (MH)","งานเปลี่ยนเฟรมบ่อพัก (MH)","งานเปลี่ยนเฟรมบ่อพัก (MH)","งานเปลี่ยนเฟรมบ่อพัก (MH)","งานเปลี่ยนเฟรมบ่อพัก (MH)","ฝา","ฝา","ฝา","ฝา","ฝา","ฝา","14718","4613","19331","14718","4613","19331","14718","4613","19331","equal","equal","equal","order_constrained_name_unit_source_ordinal","high","1","true","true","matched","false",""
"prod:bfa4d65d-546c-409f-8d4c-a39bc4e77ead","stable_uuid","bfa4d65d-546c-409f-8d4c-a39bc4e77ead","ITEM-0346","WLL-PB0-001","WLL-PB0-001","true","true","true","347","true","false","true","393","392","522","true","15","1","14","p15:t1:r14:display-1","88d82f75f346d0728a46013255e449712f96c44ff29f242e17dbb297a214eb53","งานเสริมผนังบ่อพัก (PB) JUF-6   (เปลี่ยนเฟรม - ไม่เปลี่ยนฝา)","งานเสริมผนังบ่อพัก (PB) JUF-6 (เปลี่ยนเฟรม - ไม่เปลี่ยนฝา)","งานเสริมผนังบ่อพัก (PB) JUF-6 (เปลี่ยนเฟรม - ไม่เปลี่ยนฝา)","งานเสริมผนังบ่อพัก (PB) JUF-6 (เปลี่ยนเฟรม - ไม่เปลี่ยนฝา)","งานเสรมิ ผนังบ่อพัก (PB) JUF-6 (เปลี่ยนเฟรม - ไม่เปลี่ยนฝา)","งานเสรมิ ผนังบ่อพัก (PB) JUF-6 (เปลี่ยนเฟรม - ไม่เปลี่ยนฝา)","บ่อ","บ่อ","บ่อ","บ่อ","บ่อ","บ่อ","6197","2344","8541","6197","2344","8541","6197","2344","8541","equal","equal","equal","order_constrained_name_unit_source_ordinal","high","0.9375","true","true","matched","false",""
"prod:559c7cec-5446-48f9-a712-e263e283bbe9","stable_uuid","559c7cec-5446-48f9-a712-e263e283bbe9","ITEM-0347","WLL-PB0-002","WLL-PB0-002","true","true","true","348","true","false","true","394","393","523","true","15","1","15","p15:t1:r15:display-2","23f6ff849b6583c0212e08caee720472eb4da64abc73573437ec0e4a258e7b64","งานเสริมผนังบ่อพัก (PB) JUF-6   (เปลี่ยนเฟรม - เปลี่ยนฝาค.ส.ล.)","งานเสริมผนังบ่อพัก (PB) JUF-6 (เปลี่ยนเฟรม - เปลี่ยนฝาค.ส.ล.)","งานเสริมผนังบ่อพัก (PB) JUF-6 (เปลี่ยนเฟรม - เปลี่ยนฝาค.ส.ล.)","งานเสริมผนังบ่อพัก (PB) JUF-6 (เปลี่ยนเฟรม - เปลี่ยนฝาค.ส.ล.)","งานเสรมิ ผนังบ่อพัก (PB) JUF-6 (เปลี่ยนเฟรม - เปลี่ยนฝาค.ส.ล.)","งานเสรมิ ผนังบ่อพัก (PB) JUF-6 (เปลี่ยนเฟรม - เปลี่ยนฝาค.ส.ล.)","บ่อ","บ่อ","บ่อ","บ่อ","บ่อ","บ่อ","9003","4040","13043","9003","4040","13043","9003","4040","13043","equal","equal","equal","order_constrained_name_unit_source_ordinal","high","0.9375","true","true","matched","false",""
"prod:228683a6-ea6a-4f03-bdaa-5a09553341ce","stable_uuid","228683a6-ea6a-4f03-bdaa-5a09553341ce","ITEM-0348","WLL-PB0-003","WLL-PB0-003","true","true","true","349","true","false","true","395","394","524","true","15","1","16","p15:t1:r16:display-3","472a6f0abd518c0b42157318bfa2e0ededeb44415355b9a5d5898b0e0a5a27e1","งานเสริมผนังบ่อพัก (PB) JUF-6   (เปลี่ยนเฟรม - เปลี่ยนฝาเหล็ก)","งานเสริมผนังบ่อพัก (PB) JUF-6 (เปลี่ยนเฟรม - เปลี่ยนฝาเหล็ก)","งานเสริมผนังบ่อพัก (PB) JUF-6 (เปลี่ยนเฟรม - เปลี่ยนฝาเหล็ก)","งานเสริมผนังบ่อพัก (PB) JUF-6 (เปลี่ยนเฟรม - เปลี่ยนฝาเหล็ก)","งานเสรมิ ผนังบ่อพัก (PB) JUF-6 (เปลี่ยนเฟรม - เปลี่ยนฝาเหล็ก)","งานเสรมิ ผนังบ่อพัก (PB) JUF-6 (เปลี่ยนเฟรม - เปลี่ยนฝาเหล็ก)","บ่อ","บ่อ","บ่อ","บ่อ","บ่อ","บ่อ","19016","6514","25530","19016","6514","25530","19016","6514","25530","equal","equal","equal","order_constrained_name_unit_source_ordinal","high","0.94","true","true","matched","false",""
"prod:f5fc2cff-0ea8-4fe0-ab4c-1d515ed96f9b","stable_uuid","f5fc2cff-0ea8-4fe0-ab4c-1d515ed96f9b","ITEM-0349","WLL-PB0-004","WLL-PB0-004","true","true","true","350","true","false","true","396","395","525","true","15","1","17","p15:t1:r17:display-4","aa818b3aaa6a77f30329ed16ba2e392eaae9b61b341f479535587473fd53854e","งานเสริมผนังบ่อพัก (PB) JUF-11 ฝาค.ส.ล. (สร้างใหม่ลึก 1.00 ม.)","งานเสริมผนังบ่อพัก (PB) JUF-11 ฝาค.ส.ล. (สร้างใหม่ลึก 1.00 ม.)","งานเสริมผนังบ่อพัก (PB) JUF-11 ฝาค.ส.ล. (สร้างใหม่ลึก 1.00 ม.)","งานเสริมผนังบ่อพัก (PB) JUF-11 ฝาค.ส.ล. (สร้างใหม่ลึก 1.00 ม.)","งานเสรมิ ผนังบ่อพัก (PB) JUF-11 ฝาค.ส.ล. (สรา้ งใหม่ลึก 1.00 ม.)","งานเสรมิ ผนังบ่อพัก (PB) JUF-11 ฝาค.ส.ล. (สรา้ งใหม่ลึก 1.00 ม.)","บ่อ","บ่อ","บ่อ","บ่อ","บ่อ","บ่อ","25700","9038","34738","25700","9038","34738","25700","9038","34738","equal","equal","equal","order_constrained_name_unit_source_ordinal","high","0.869565","true","true","matched","false",""
"prod:79b79cf8-2807-4e89-ab37-00d44f0fbc1e","stable_uuid","79b79cf8-2807-4e89-ab37-00d44f0fbc1e","ITEM-0350","WLL-PB0-005","WLL-PB0-005","true","true","true","351","true","false","true","397","396","526","true","15","1","18","p15:t1:r18:display-5","aa4d03fab9fc52192982c6efed699a3a6fba974942e499ed5b0c810d83311db5","งานเสริมผนังบ่อพัก (PB) JUF-11 ฝาเหล็ก (สร้างใหม่ลึก 1.00 ม.)","งานเสริมผนังบ่อพัก (PB) JUF-11 ฝาเหล็ก (สร้างใหม่ลึก 1.00 ม.)","งานเสริมผนังบ่อพัก (PB) JUF-11 ฝาเหล็ก (สร้างใหม่ลึก 1.00 ม.)","งานเสริมผนังบ่อพัก (PB) JUF-11 ฝาเหล็ก (สร้างใหม่ลึก 1.00 ม.)","งานเสรมิ ผนังบ่อพัก (PB) JUF-11 ฝาเหล็ก (สรา้ งใหม่ลึก 1.00 ม.)","งานเสรมิ ผนังบ่อพัก (PB) JUF-11 ฝาเหล็ก (สรา้ งใหม่ลึก 1.00 ม.)","บ่อ","บ่อ","บ่อ","บ่อ","บ่อ","บ่อ","40727","12749","53476","40727","12749","53476","40727","12749","53476","equal","equal","equal","order_constrained_name_unit_source_ordinal","high","0.875","true","true","matched","false",""
"prod:1b3c417a-0591-418b-a5e9-411b701f3fef","stable_uuid","1b3c417a-0591-418b-a5e9-411b701f3fef","ITEM-0351","WLL-PB0-006","WLL-PB0-006","true","true","true","352","true","false","true","398","397","527","true","15","1","19","p15:t1:r19:display-6","7038e89f145dea9031cff3f496ebced1130ffee98ab693f601bde9246b4ec912","งานเสริมผนังบ่อพัก (PB) JUF-11   (เปลี่ยนเฟรม - เปลี่ยนฝาค.ส.ล.)","งานเสริมผนังบ่อพัก (PB) JUF-11 (เปลี่ยนเฟรม - เปลี่ยนฝาค.ส.ล.)","งานเสริมผนังบ่อพัก (PB) JUF-11 (เปลี่ยนเฟรม - เปลี่ยนฝาค.ส.ล.)","งานเสริมผนังบ่อพัก (PB) JUF-11 (เปลี่ยนเฟรม - เปลี่ยนฝาค.ส.ล.)","งานเสรมิ ผนังบ่อพัก (PB) JUF-11 (เปลี่ยนเฟรม - เปลี่ยนฝาค.ส.ล.)","งานเสรมิ ผนังบ่อพัก (PB) JUF-11 (เปลี่ยนเฟรม - เปลี่ยนฝาค.ส.ล.)","บ่อ","บ่อ","บ่อ","บ่อ","บ่อ","บ่อ","11370","4693","16063","11370","4693","16063","11370","4693","16063","equal","equal","equal","order_constrained_name_unit_source_ordinal","high","0.938776","true","true","matched","false",""
"prod:d2769080-1009-4a68-9878-b47f7d0d1320","stable_uuid","d2769080-1009-4a68-9878-b47f7d0d1320","ITEM-0352","WLL-PB0-007","WLL-PB0-007","true","true","true","353","true","false","true","399","398","528","true","15","1","20","p15:t1:r20:display-7","7fb3c1104a5d48185153d1746a0d6129ac3b784b995d5b237d04c09a265f4708","งานเสริมผนังบ่อพัก (PB) JUF-11   (เปลี่ยนเฟรม - เปลี่ยนฝาเหล็ก)","งานเสริมผนังบ่อพัก (PB) JUF-11 (เปลี่ยนเฟรม - เปลี่ยนฝาเหล็ก)","งานเสริมผนังบ่อพัก (PB) JUF-11 (เปลี่ยนเฟรม - เปลี่ยนฝาเหล็ก)","งานเสริมผนังบ่อพัก (PB) JUF-11 (เปลี่ยนเฟรม - เปลี่ยนฝาเหล็ก)","งานเสรมิ ผนังบ่อพัก (PB) JUF-11 (เปลี่ยนเฟรม - เปลี่ยนฝาเหล็ก)","งานเสรมิ ผนังบ่อพัก (PB) JUF-11 (เปลี่ยนเฟรม - เปลี่ยนฝาเหล็ก)","บ่อ","บ่อ","บ่อ","บ่อ","บ่อ","บ่อ","26397","8404","34801","26397","8404","34801","26397","8404","34801","equal","equal","equal","order_constrained_name_unit_source_ordinal","high","0.941176","true","true","matched","false",""
"prod:3089a93e-7df3-4303-9471-830b81933ed7","stable_uuid","3089a93e-7df3-4303-9471-830b81933ed7","ITEM-0353","WLL-PB0-008","WLL-PB0-008","true","true","true","354","true","false","true","400","399","529","true","15","1","21","p15:t1:r21:display-8","2017b8a44201158b558d2a48aa76f8ee066310a4d0d576f5b0ba29ce6e3f437d","งานเสริมผนังบ่อพัก (PB) JUF-11   (เปลี่ยนเฟรม -ไม่เปลี่ยนฝา)","งานเสริมผนังบ่อพัก (PB) JUF-11 (เปลี่ยนเฟรม -ไม่เปลี่ยนฝา)","งานเสริมผนังบ่อพัก (PB) JUF-11 (เปลี่ยนเฟรม -ไม่เปลี่ยนฝา)","งานเสริมผนังบ่อพัก (PB) JUF-11 (เปลี่ยนเฟรม -ไม่เปลี่ยนฝา)","งานเสรมิ ผนังบ่อพัก (PB) JUF-11 (เปลี่ยนเฟรม -ไม่เปลี่ยนฝา)","งานเสรมิ ผนังบ่อพัก (PB) JUF-11 (เปลี่ยนเฟรม -ไม่เปลี่ยนฝา)","บ่อ","บ่อ","บ่อ","บ่อ","บ่อ","บ่อ","7721","3124","10845","7721","3124","10845","7721","3124","10845","equal","equal","equal","order_constrained_name_unit_source_ordinal","high","0.938776","true","true","matched","false",""
"prod:9a39319c-0617-422a-989a-4505f12db224","stable_uuid","9a39319c-0617-422a-989a-4505f12db224","ITEM-0354","WLL-PB0-009","WLL-PB0-009","true","true","true","355","true","false","true","401","400","530","true","15","1","22","p15:t1:r22:display-9","7c269430ec3cbbe7015a392b61ff47bd7a7238e65bfec1e72a83dec79295e11e","งานเสริมผนังบ่อพัก (PB) JUF-11   (ไม่เปลี่ยนเฟรม -ไม่เปลี่ยนฝา)","งานเสริมผนังบ่อพัก (PB) JUF-11 (ไม่เปลี่ยนเฟรม -ไม่เปลี่ยนฝา)","งานเสริมผนังบ่อพัก (PB) JUF-11 (ไม่เปลี่ยนเฟรม -ไม่เปลี่ยนฝา)","งานเสริมผนังบ่อพัก (PB) JUF-11 (ไม่เปลี่ยนเฟรม -ไม่เปลี่ยนฝา)","งานเสรมิ ผนังบ่อพัก (PB) JUF-11 (ไม่เปลี่ยนเฟรม -ไม่เปลี่ยนฝา)","งานเสรมิ ผนังบ่อพัก (PB) JUF-11 (ไม่เปลี่ยนเฟรม -ไม่เปลี่ยนฝา)","บ่อ","บ่อ","บ่อ","บ่อ","บ่อ","บ่อ","2997","1384","4381","2997","1384","4381","2997","1384","4381","equal","equal","equal","order_constrained_name_unit_source_ordinal","high","0.942308","true","true","matched","false",""
"prod:8d6dafe9-0e89-41c8-a03f-1cc91709a3e3","stable_uuid","8d6dafe9-0e89-41c8-a03f-1cc91709a3e3","ITEM-0355","WLL-PB0-010","WLL-PB0-010","true","true","true","356","true","false","true","402","401","531","true","15","1","23","p15:t1:r23:display-10","4a14ecae6a86e35ef6f39f5957f893b56a97c185e5ca5c057de6dcb145a99ab9","งานเสริมผนังบ่อพัก (PB) JUF-13   (เปลี่ยนเฟรม - เปลี่ยนฝาเหล็ก)","งานเสริมผนังบ่อพัก (PB) JUF-13 (เปลี่ยนเฟรม - เปลี่ยนฝาเหล็ก)","งานเสริมผนังบ่อพัก (PB) JUF-13 (เปลี่ยนเฟรม - เปลี่ยนฝาเหล็ก)","งานเสริมผนังบ่อพัก (PB) JUF-13 (เปลี่ยนเฟรม - เปลี่ยนฝาเหล็ก)","งานเสรมิ ผนังบ่อพัก (PB) JUF-13 (เปลี่ยนเฟรม - เปลี่ยนฝาเหล็ก)","งานเสรมิ ผนังบ่อพัก (PB) JUF-13 (เปลี่ยนเฟรม - เปลี่ยนฝาเหล็ก)","บ่อ","บ่อ","บ่อ","บ่อ","บ่อ","บ่อ","45117","14890","60007","45117","14890","60007","45117","14890","60007","equal","equal","equal","order_constrained_name_unit_source_ordinal","high","0.941176","true","true","matched","false",""
"prod:81355e03-0ec5-4dd4-8334-a5b3a9c48958","stable_uuid","81355e03-0ec5-4dd4-8334-a5b3a9c48958","ITEM-0356","WLL-PB0-011","WLL-PB0-011","true","true","true","357","true","false","true","403","402","532","true","15","1","24","p15:t1:r24:display-11","264919c2d0a3daf8dc60a000305c0f9bc82b9bbc744044d70eb857312d70cfb0","งานเสริมผนังบ่อพัก (PB) JUF-13   (เปลี่ยนเฟรม - เปลี่ยนฝาค.ส.ล.)","งานเสริมผนังบ่อพัก (PB) JUF-13 (เปลี่ยนเฟรม - เปลี่ยนฝาค.ส.ล.)","งานเสริมผนังบ่อพัก (PB) JUF-13 (เปลี่ยนเฟรม - เปลี่ยนฝาค.ส.ล.)","งานเสริมผนังบ่อพัก (PB) JUF-13 (เปลี่ยนเฟรม - เปลี่ยนฝาค.ส.ล.)","งานเสรมิ ผนังบ่อพัก (PB) JUF-13 (เปลี่ยนเฟรม - เปลี่ยนฝาค.ส.ล.)","งานเสรมิ ผนังบ่อพัก (PB) JUF-13 (เปลี่ยนเฟรม - เปลี่ยนฝาค.ส.ล.)","บ่อ","บ่อ","บ่อ","บ่อ","บ่อ","บ่อ","20072","8705","28777","20072","8705","28777","20072","8705","28777","equal","equal","equal","order_constrained_name_unit_source_ordinal","high","0.938776","true","true","matched","false",""
"prod:833f7853-1501-4a5c-b16d-0332fe5fb8ba","stable_uuid","833f7853-1501-4a5c-b16d-0332fe5fb8ba","ITEM-0357","WLL-PB0-012","WLL-PB0-012","true","true","true","358","true","false","true","404","403","533","true","15","1","25","p15:t1:r25:display-12","3ca1f4c97beec37af1bfbfac76398ad8d7bac0fe339657c61989183392bd8eff","งานเสริมผนังบ่อพัก (PB) JUF-13   (เปลี่ยนเฟรม -ไม่เปลี่ยนฝา)","งานเสริมผนังบ่อพัก (PB) JUF-13 (เปลี่ยนเฟรม -ไม่เปลี่ยนฝา)","งานเสริมผนังบ่อพัก (PB) JUF-13 (เปลี่ยนเฟรม -ไม่เปลี่ยนฝา)","งานเสริมผนังบ่อพัก (PB) JUF-13 (เปลี่ยนเฟรม -ไม่เปลี่ยนฝา)","งานเสรมิ ผนังบ่อพัก (PB) JUF-13 (เปลี่ยนเฟรม -ไม่เปลี่ยนฝา)","งานเสรมิ ผนังบ่อพัก (PB) JUF-13 (เปลี่ยนเฟรม -ไม่เปลี่ยนฝา)","บ่อ","บ่อ","บ่อ","บ่อ","บ่อ","บ่อ","13617","5440","19057","13617","5440","19057","13617","5440","19057","equal","equal","equal","order_constrained_name_unit_source_ordinal","high","0.938776","true","true","matched","false",""
"prod:03bca3d7-9cd0-4ac2-a32f-d4adbc725245","stable_uuid","03bca3d7-9cd0-4ac2-a32f-d4adbc725245","ITEM-0358","WLL-PB0-013","WLL-PB0-013","true","true","true","359","true","false","true","405","404","534","true","15","1","26","p15:t1:r26:display-13","69fd878d3098b87a0a895672216b916aa99a0481b80cfaf31e0365a11b5cc1e0","งานเสริมผนังบ่อพัก (PB) JUF-13   (ไม่เปลี่ยนเฟรม -ไม่เปลี่ยนฝา)","งานเสริมผนังบ่อพัก (PB) JUF-13 (ไม่เปลี่ยนเฟรม -ไม่เปลี่ยนฝา)","งานเสริมผนังบ่อพัก (PB) JUF-13 (ไม่เปลี่ยนเฟรม -ไม่เปลี่ยนฝา)","งานเสริมผนังบ่อพัก (PB) JUF-13 (ไม่เปลี่ยนเฟรม -ไม่เปลี่ยนฝา)","งานเสรมิ ผนังบ่อพัก (PB) JUF-13 (ไม่เปลี่ยนเฟรม -ไม่เปลี่ยนฝา)","งานเสรมิ ผนังบ่อพัก (PB) JUF-13 (ไม่เปลี่ยนเฟรม -ไม่เปลี่ยนฝา)","บ่อ","บ่อ","บ่อ","บ่อ","บ่อ","บ่อ","5610","3040","8650","5610","3040","8650","5610","3040","8650","equal","equal","equal","order_constrained_name_unit_source_ordinal","high","0.942308","true","true","matched","false",""
"prod:9618649f-ecba-49ac-9d1a-072cae29e93d","stable_uuid","9618649f-ecba-49ac-9d1a-072cae29e93d","ITEM-0359","WLL-PB0-014","WLL-PB0-014","true","true","true","360","true","false","true","406","405","535","true","15","1","27","p15:t1:r27:display-14","340a490fdad410d26ff6b396deb7fe8e42098cb4d864f01507ac3d679a70d232","งานเสริมผนังบ่อพัก (PB) JUF-11 ฝาเหล็ก   (เพิ่มหน้าต่างเป็น 2-Ø4"")  (เปลี่ยนเฟรม - เปลี่ยนฝาเหล็ก)","งานเสริมผนังบ่อพัก (PB) JUF-11 ฝาเหล็ก (เพิ่มหน้าต่างเป็น 2-Ø4"") (เปลี่ยนเฟรม - เปลี่ยนฝาเหล็ก)","งานเสริมผนังบ่อพัก (PB) JUF-11 ฝาเหล็ก (เพิ่มหน้าต่างเป็น 2-Ø4"") (เปลี่ยนเฟรม - เปลี่ยนฝาเหล็ก)","งานเสริมผนังบ่อพัก (PB) JUF-11 ฝาเหล็ก (เพิ่มหน้าต่างเป็น 2-Ø4"") (เปลี่ยนเฟรม - เปลี่ยนฝาเหล็ก)","งานเสรมิ ผนังบ่อพัก (PB) JUF-11 ฝาเหล็ก (เพิ่มหน้าต่างเป็น 2-Ø4"") (เปลี่ยนเฟรม - เปลี่ยนฝาเหล็ก)","งานเสรมิ ผนังบ่อพัก (PB) JUF-11 ฝาเหล็ก (เพิ่มหน้าต่างเป็น 2-Ø4"") (เปลี่ยนเฟรม - เปลี่ยนฝาเหล็ก)","บ่อ","บ่อ","บ่อ","บ่อ","บ่อ","บ่อ","33715","16448","50163","33715","16448","50163","33715","16448","50163","equal","equal","equal","order_constrained_name_unit_source_ordinal","high","0.962025","true","true","matched","false",""
"prod:ab945193-cd78-4baa-9b08-0a849868f878","stable_uuid","ab945193-cd78-4baa-9b08-0a849868f878","ITEM-0360","WLL-PB0-015","WLL-PB0-015","true","true","true","361","true","false","true","407","406","536","true","15","1","28","p15:t1:r28:display-15","09532a99a4dbb3af4e188f4d86acdddadd7f702e202882b6363d086184c21849","งานเสริมผนังบ่อพัก (PB) JUF-11 ฝาคสล.   (เพิ่มหน้าต่างเป็น 2-Ø4"")  (เปลี่ยนเฟรม - เปลี่ยนฝาค.ส.ล.)","งานเสริมผนังบ่อพัก (PB) JUF-11 ฝาคสล. (เพิ่มหน้าต่างเป็น 2-Ø4"") (เปลี่ยนเฟรม - เปลี่ยนฝาค.ส.ล.)","งานเสริมผนังบ่อพัก (PB) JUF-11 ฝาคสล. (เพิ่มหน้าต่างเป็น 2-Ø4"") (เปลี่ยนเฟรม - เปลี่ยนฝาค.ส.ล.)","งานเสริมผนังบ่อพัก (PB) JUF-11 ฝาคสล. (เพิ่มหน้าต่างเป็น 2-Ø4"") (เปลี่ยนเฟรม - เปลี่ยนฝาค.ส.ล.)","งานเสรมิ ผนังบ่อพัก (PB) JUF-11 ฝาคสล. (เพิ่มหน้าต่างเป็น 2-Ø4"") (เปลี่ยนเฟรม - เปลี่ยนฝาค.ส.ล.)","งานเสรมิ ผนังบ่อพัก (PB) JUF-11 ฝาคสล. (เพิ่มหน้าต่างเป็น 2-Ø4"") (เปลี่ยนเฟรม - เปลี่ยนฝาค.ส.ล.)","บ่อ","บ่อ","บ่อ","บ่อ","บ่อ","บ่อ","18279","12688","30967","18279","12688","30967","18279","12688","30967","equal","equal","equal","order_constrained_name_unit_source_ordinal","high","0.96","true","true","matched","false",""
"prod:cb2946f0-5c17-4944-9845-37a9734dc27f","stable_uuid","cb2946f0-5c17-4944-9845-37a9734dc27f","ITEM-0361","WLL-PB0-016","WLL-PB0-016","true","true","true","362","true","false","true","408","407","537","true","15","1","29","p15:t1:r29:display-16","0a278cb0c22a48b9310d67a301601d7da28fc371e2aaf7ce6a45e3dbad15270f","งานเสริมผนังบ่อพัก (PB) JUF-11 ฝาเหล็ก   (เพิ่มหน้าต่างเป็น 4-Ø4"")  (เปลี่ยนเฟรม - เปลี่ยนฝาเหล็ก)","งานเสริมผนังบ่อพัก (PB) JUF-11 ฝาเหล็ก (เพิ่มหน้าต่างเป็น 4-Ø4"") (เปลี่ยนเฟรม - เปลี่ยนฝาเหล็ก)","งานเสริมผนังบ่อพัก (PB) JUF-11 ฝาเหล็ก (เพิ่มหน้าต่างเป็น 4-Ø4"") (เปลี่ยนเฟรม - เปลี่ยนฝาเหล็ก)","งานเสริมผนังบ่อพัก (PB) JUF-11 ฝาเหล็ก (เพิ่มหน้าต่างเป็น 4-Ø4"") (เปลี่ยนเฟรม - เปลี่ยนฝาเหล็ก)","งานเสรมิ ผนังบ่อพัก (PB) JUF-11 ฝาเหล็ก (เพิ่มหน้าต่างเป็น 4-Ø4"") (เปลี่ยนเฟรม - เปลี่ยนฝาเหล็ก)","งานเสรมิ ผนังบ่อพัก (PB) JUF-11 ฝาเหล็ก (เพิ่มหน้าต่างเป็น 4-Ø4"") (เปลี่ยนเฟรม - เปลี่ยนฝาเหล็ก)","บ่อ","บ่อ","บ่อ","บ่อ","บ่อ","บ่อ","35829","17151","52980","35829","17151","52980","35829","17151","52980","equal","equal","equal","order_constrained_name_unit_source_ordinal","high","0.962025","true","true","matched","false",""
"prod:d4cedf00-76c1-44f9-a9b0-e8e0db71e454","stable_uuid","d4cedf00-76c1-44f9-a9b0-e8e0db71e454","ITEM-0362","WLL-PB0-017","WLL-PB0-017","true","true","true","363","true","false","true","409","408","538","true","15","1","30","p15:t1:r30:display-17","32c4b68fdb17dbff2203f37fb103556fde9f0d4a8244ffc5bd0ed120199e2153","งานเสริมผนังบ่อพัก (PB) JUF-11 ฝาคสล.   (เพิ่มหน้าต่างเป็น 4-Ø4"")  (เปลี่ยนเฟรม - เปลี่ยนฝาค.ส.ล.)","งานเสริมผนังบ่อพัก (PB) JUF-11 ฝาคสล. (เพิ่มหน้าต่างเป็น 4-Ø4"") (เปลี่ยนเฟรม - เปลี่ยนฝาค.ส.ล.)","งานเสริมผนังบ่อพัก (PB) JUF-11 ฝาคสล. (เพิ่มหน้าต่างเป็น 4-Ø4"") (เปลี่ยนเฟรม - เปลี่ยนฝาค.ส.ล.)","งานเสริมผนังบ่อพัก (PB) JUF-11 ฝาคสล. (เพิ่มหน้าต่างเป็น 4-Ø4"") (เปลี่ยนเฟรม - เปลี่ยนฝาค.ส.ล.)","งานเสรมิ ผนังบ่อพัก (PB) JUF-11 ฝาคสล. (เพิ่มหน้าต่างเป็น 4-Ø4"") (เปลี่ยนเฟรม - เปลี่ยนฝาค.ส.ล.)","งานเสรมิ ผนังบ่อพัก (PB) JUF-11 ฝาคสล. (เพิ่มหน้าต่างเป็น 4-Ø4"") (เปลี่ยนเฟรม - เปลี่ยนฝาค.ส.ล.)","บ่อ","บ่อ","บ่อ","บ่อ","บ่อ","บ่อ","20737","13440","34177","20737","13440","34177","20737","13440","34177","equal","equal","equal","order_constrained_name_unit_source_ordinal","high","0.96","true","true","matched","false",""
"prod:7855f036-f9ed-48a2-84cc-705ba7d53122","stable_uuid","7855f036-f9ed-48a2-84cc-705ba7d53122","ITEM-0363","WLL-PB0-018","WLL-PB0-018","true","true","true","364","true","false","true","410","409","539","true","15","1","31","p15:t1:r31:display-18","37cdd345a604c14c471b7211b735268f9326c2394f170e29294eeda93da1f57a","งานเสริมผนังบ่อพัก (PB) JUF-11 ฝาเหล็ก   (เพิ่มหน้าต่างเป็น 6-Ø4"")  (เปลี่ยนเฟรม - เปลี่ยนฝาเหล็ก)","งานเสริมผนังบ่อพัก (PB) JUF-11 ฝาเหล็ก (เพิ่มหน้าต่างเป็น 6-Ø4"") (เปลี่ยนเฟรม - เปลี่ยนฝาเหล็ก)","งานเสริมผนังบ่อพัก (PB) JUF-11 ฝาเหล็ก (เพิ่มหน้าต่างเป็น 6-Ø4"") (เปลี่ยนเฟรม - เปลี่ยนฝาเหล็ก)","งานเสริมผนังบ่อพัก (PB) JUF-11 ฝาเหล็ก (เพิ่มหน้าต่างเป็น 6-Ø4"") (เปลี่ยนเฟรม - เปลี่ยนฝาเหล็ก)","งานเสรมิ ผนังบ่อพัก (PB) JUF-11 ฝาเหล็ก (เพิ่มหน้าต่างเป็น 6-Ø4"") (เปลี่ยนเฟรม - เปลี่ยนฝาเหล็ก)","งานเสรมิ ผนังบ่อพัก (PB) JUF-11 ฝาเหล็ก (เพิ่มหน้าต่างเป็น 6-Ø4"") (เปลี่ยนเฟรม - เปลี่ยนฝาเหล็ก)","บ่อ","บ่อ","บ่อ","บ่อ","บ่อ","บ่อ","37522","17788","55310","37522","17788","55310","37522","17788","55310","equal","equal","equal","order_constrained_name_unit_source_ordinal","high","0.962025","true","true","matched","false",""
"prod:a4fec202-30f5-450d-8066-e320315df8e2","stable_uuid","a4fec202-30f5-450d-8066-e320315df8e2","ITEM-0364","WLL-PB0-019","WLL-PB0-019","true","true","true","365","true","false","true","411","410","540","true","15","1","32","p15:t1:r32:display-19","3a3d81d75a688cf438361aa1b7cafb91bc413f78eacdf2100f7a0d5729f3364a","งานเสริมผนังบ่อพัก (PB) JUF-11 ฝาคสล.   (เพิ่มหน้าต่างเป็น 6-Ø4"")  (เปลี่ยนเฟรม - เปลี่ยนฝาค.ส.ล.)","งานเสริมผนังบ่อพัก (PB) JUF-11 ฝาคสล. (เพิ่มหน้าต่างเป็น 6-Ø4"") (เปลี่ยนเฟรม - เปลี่ยนฝาค.ส.ล.)","งานเสริมผนังบ่อพัก (PB) JUF-11 ฝาคสล. (เพิ่มหน้าต่างเป็น 6-Ø4"") (เปลี่ยนเฟรม - เปลี่ยนฝาค.ส.ล.)","งานเสริมผนังบ่อพัก (PB) JUF-11 ฝาคสล. (เพิ่มหน้าต่างเป็น 6-Ø4"") (เปลี่ยนเฟรม - เปลี่ยนฝาค.ส.ล.)","งานเสรมิ ผนังบ่อพัก (PB) JUF-11 ฝาคสล. (เพิ่มหน้าต่างเป็น 6-Ø4"") (เปลี่ยนเฟรม - เปลี่ยนฝาค.ส.ล.)","งานเสรมิ ผนังบ่อพัก (PB) JUF-11 ฝาคสล. (เพิ่มหน้าต่างเป็น 6-Ø4"") (เปลี่ยนเฟรม - เปลี่ยนฝาค.ส.ล.)","บ่อ","บ่อ","บ่อ","บ่อ","บ่อ","บ่อ","21951","14004","35955","21951","14004","35955","21951","14004","35955","equal","equal","equal","order_constrained_name_unit_source_ordinal","high","0.96","true","true","matched","false",""
"prod:55e1a90b-1500-4279-af69-0924170d24a4","stable_uuid","55e1a90b-1500-4279-af69-0924170d24a4","ITEM-0365","WLL-PB0-020","WLL-PB0-020","true","true","true","366","true","false","true","412","411","541","true","15","1","33","p15:t1:r33:display-20","11fe262c1aa8fc863bd3a252f84aca738e38f34956619997c4f011af471b2c7c","งานเสริมผนังบ่อพัก (PB) JUF-13 ฝาเหล็ก   (เพิ่มหน้าต่างเป็น 2-Ø4)  (เปลี่ยนเฟรม - เปลี่ยนฝาเหล็ก)","งานเสริมผนังบ่อพัก (PB) JUF-13 ฝาเหล็ก (เพิ่มหน้าต่างเป็น 2-Ø4) (เปลี่ยนเฟรม - เปลี่ยนฝาเหล็ก)","งานเสริมผนังบ่อพัก (PB) JUF-13 ฝาเหล็ก (เพิ่มหน้าต่างเป็น 2-Ø4) (เปลี่ยนเฟรม - เปลี่ยนฝาเหล็ก)","งานเสริมผนังบ่อพัก (PB) JUF-13 ฝาเหล็ก (เพิ่มหน้าต่างเป็น 2-Ø4) (เปลี่ยนเฟรม - เปลี่ยนฝาเหล็ก)","งานเสรมิ ผนังบ่อพัก (PB) JUF-13 ฝาเหล็ก (เพิ่มหน้าต่างเป็น 2-Ø4) (เปลี่ยนเฟรม - เปลี่ยนฝาเหล็ก)","งานเสรมิ ผนังบ่อพัก (PB) JUF-13 ฝาเหล็ก (เพิ่มหน้าต่างเป็น 2-Ø4) (เปลี่ยนเฟรม - เปลี่ยนฝาเหล็ก)","บ่อ","บ่อ","บ่อ","บ่อ","บ่อ","บ่อ","50932","21980","72912","50932","21980","72912","50932","21980","72912","equal","equal","equal","order_constrained_name_unit_source_ordinal","high","0.962025","true","true","matched","false",""
"prod:7400a344-ea0f-41dc-bc93-5fdd47d1e8f3","stable_uuid","7400a344-ea0f-41dc-bc93-5fdd47d1e8f3","ITEM-0366","WLL-PB0-021","WLL-PB0-021","true","true","true","367","true","false","true","413","412","542","true","16","1","3","p16:t1:r3:display-21","7754cbfac5dc202feb35c94e40fa55ffa09478b41c0a1ee068c34539c6a68a9d","งานเสริมผนังบ่อพัก (PB) JUF-13 ฝาคสล.   (เพิ่มหน้าต่างเป็น 2-Ø4"")  (เปลี่ยนเฟรม - เปลี่ยนฝาค.ส.ล.)","งานเสริมผนังบ่อพัก (PB) JUF-13 ฝาคสล. (เพิ่มหน้าต่างเป็น 2-Ø4"") (เปลี่ยนเฟรม - เปลี่ยนฝาค.ส.ล.)","งานเสริมผนังบ่อพัก (PB) JUF-13 ฝาคสล. (เพิ่มหน้าต่างเป็น 2-Ø4"") (เปลี่ยนเฟรม - เปลี่ยนฝาค.ส.ล.)","งานเสริมผนังบ่อพัก (PB) JUF-13 ฝาคสล. (เพิ่มหน้าต่างเป็น 2-Ø4"") (เปลี่ยนเฟรม - เปลี่ยนฝาค.ส.ล.)","งานเสรมิ ผนังบ่อพัก (PB) JU1F. -ง1า3น ฝวาาคงสทล่อ.ร ้อ ย(เสพาิ่มยหสนื่อ้าสตา่ารงใเตป้ด็นิน 2 -หØุ้ม4ค"")อ น(เกปรลีตี่ยเนสรเฟิมรเหม ล-็ก เ ป(คลี่ย.สน.ลฝ.า)ค.ส.ล.)","งานเสรมิ ผนังบ่อพัก (PB) JU1F. -ง1า3น ฝวาาคงสทล่อ.ร ้อ ย(เสพาิ่มยหสนื่อ้าสตา่ารงใเตป้ด็นิน 2 -หØุ้ม4ค"")อ น(เกปรลีตี่ยเนสรเฟิมรเหม ล-็ก เ ป(คลี่ย.สน.ลฝ.า)ค.ส.ล.)","บ่อ","บ่อ","บ่อ","บ่อ","บ่อ","บ่อ","26239","15839","42078","26239","15839","42078","26239","15839","42078","equal","equal","equal","order_constrained_name_unit_source_ordinal","medium","0.421569","true","true","matched","false","repeated_page_header_description_overlay"
"prod:832b41f3-40f6-4d1a-a784-c17873600ada","stable_uuid","832b41f3-40f6-4d1a-a784-c17873600ada","ITEM-0367","WLL-PB0-022","WLL-PB0-022","true","true","true","368","true","false","true","414","413","543","true","16","1","4","p16:t1:r4:display-22","2a847a285aa54ed96e45ad377c341a8af2001f2f9ad325bfcc51333ff3db8dbe","งานเสริมผนังบ่อพัก (PB) JUF-13 ฝาเหล็ก   (เพิ่มหน้าต่างเป็น 4-Ø4"")  (เปลี่ยนเฟรม - เปลี่ยนฝาเหล็ก)","งานเสริมผนังบ่อพัก (PB) JUF-13 ฝาเหล็ก (เพิ่มหน้าต่างเป็น 4-Ø4"") (เปลี่ยนเฟรม - เปลี่ยนฝาเหล็ก)","งานเสริมผนังบ่อพัก (PB) JUF-13 ฝาเหล็ก (เพิ่มหน้าต่างเป็น 4-Ø4"") (เปลี่ยนเฟรม - เปลี่ยนฝาเหล็ก)","งานเสริมผนังบ่อพัก (PB) JUF-13 ฝาเหล็ก (เพิ่มหน้าต่างเป็น 4-Ø4"") (เปลี่ยนเฟรม - เปลี่ยนฝาเหล็ก)","งานเสรมิ ผนังบ่อพัก (PB) JUF-13 ฝาเหล็ก (เพิ่มหน้าต่างเป็น 4-Ø4"") (เปลี่ยนเฟรม - เปลี่ยนฝาเหล็ก)","งานเสรมิ ผนังบ่อพัก (PB) JUF-13 ฝาเหล็ก (เพิ่มหน้าต่างเป็น 4-Ø4"") (เปลี่ยนเฟรม - เปลี่ยนฝาเหล็ก)","บ่อ","บ่อ","บ่อ","บ่อ","บ่อ","บ่อ","52162","22874","75036","52162","22874","75036","52162","22874","75036","equal","equal","equal","order_constrained_name_unit_source_ordinal","high","0.962025","true","true","matched","false",""
"prod:b0575578-2310-4414-88d4-22e378996e7f","stable_uuid","b0575578-2310-4414-88d4-22e378996e7f","ITEM-0368","WLL-PB0-023","WLL-PB0-023","true","true","true","369","true","false","true","415","414","544","true","16","1","5","p16:t1:r5:display-23","634224c4a8274d174ba1315adf39d421eb8b1878d21d57c90b6bde63d6755587","งานเสริมผนังบ่อพัก (PB) JUF-13 ฝาคสล.  (เพิ่มหน้าต่างเป็น 4-Ø4"")  (เปลี่ยนเฟรม - เปลี่ยนฝาค.ส.ล.)","งานเสริมผนังบ่อพัก (PB) JUF-13 ฝาคสล. (เพิ่มหน้าต่างเป็น 4-Ø4"") (เปลี่ยนเฟรม - เปลี่ยนฝาค.ส.ล.)","งานเสริมผนังบ่อพัก (PB) JUF-13 ฝาคสล. (เพิ่มหน้าต่างเป็น 4-Ø4"") (เปลี่ยนเฟรม - เปลี่ยนฝาค.ส.ล.)","งานเสริมผนังบ่อพัก (PB) JUF-13 ฝาคสล. (เพิ่มหน้าต่างเป็น 4-Ø4"") (เปลี่ยนเฟรม - เปลี่ยนฝาค.ส.ล.)","งานเสรมิ ผนังบ่อพัก (PB) JUF-13 ฝาคสล. (เพิ่มหน้าต่างเป็น 4-Ø4"") (เปลี่ยนเฟรม - เปลี่ยนฝาค.ส.ล.)","งานเสรมิ ผนังบ่อพัก (PB) JUF-13 ฝาคสล. (เพิ่มหน้าต่างเป็น 4-Ø4"") (เปลี่ยนเฟรม - เปลี่ยนฝาค.ส.ล.)","บ่อ","บ่อ","บ่อ","บ่อ","บ่อ","บ่อ","27678","16612","44290","27678","16612","44290","27678","16612","44290","equal","equal","equal","order_constrained_name_unit_source_ordinal","high","0.96","true","true","matched","false",""
"prod:7c333cb0-db37-4594-a6ee-32a3bbefa022","stable_uuid","7c333cb0-db37-4594-a6ee-32a3bbefa022","ITEM-0369","WLL-PB0-024","WLL-PB0-024","true","true","true","370","true","false","true","416","415","545","true","16","1","6","p16:t1:r6:display-24","ce7aaa19ad52dda61ac4468a712e11cf1613693dfa3856419a012bb132927103","งานเสริมผนังบ่อพัก (PB) JUF-13 ฝาเหล็ก   (เพิ่มหน้าต่างเป็น 6-Ø4"")  (เปลี่ยนเฟรม - เปลี่ยนฝาเหล็ก)","งานเสริมผนังบ่อพัก (PB) JUF-13 ฝาเหล็ก (เพิ่มหน้าต่างเป็น 6-Ø4"") (เปลี่ยนเฟรม - เปลี่ยนฝาเหล็ก)","งานเสริมผนังบ่อพัก (PB) JUF-13 ฝาเหล็ก (เพิ่มหน้าต่างเป็น 6-Ø4"") (เปลี่ยนเฟรม - เปลี่ยนฝาเหล็ก)","งานเสริมผนังบ่อพัก (PB) JUF-13 ฝาเหล็ก (เพิ่มหน้าต่างเป็น 6-Ø4"") (เปลี่ยนเฟรม - เปลี่ยนฝาเหล็ก)","งานเสรมิ ผนังบ่อพัก (PB) JUF-13 ฝาเหล็ก (เพิ่มหน้าต่างเป็น 6-Ø4"") (เปลี่ยนเฟรม - เปลี่ยนฝาเหล็ก)","งานเสรมิ ผนังบ่อพัก (PB) JUF-13 ฝาเหล็ก (เพิ่มหน้าต่างเป็น 6-Ø4"") (เปลี่ยนเฟรม - เปลี่ยนฝาเหล็ก)","บ่อ","บ่อ","บ่อ","บ่อ","บ่อ","บ่อ","54618","23624","78242","54618","23624","78242","54618","23624","78242","equal","equal","equal","order_constrained_name_unit_source_ordinal","high","0.962025","true","true","matched","false",""
"prod:e9908094-5e6a-485b-8bf8-e6b2091eb93c","stable_uuid","e9908094-5e6a-485b-8bf8-e6b2091eb93c","ITEM-0370","WLL-PB0-025","WLL-PB0-025","true","true","true","371","true","false","true","417","416","546","true","16","1","7","p16:t1:r7:display-25","00906b43a6cbf0b5edcb16fc56c166526ef852df94c65253ec06a86fc4852a67","งานเสริมผนังบ่อพัก (PB) JUF-13 ฝาคสล.   (เพิ่มหน้าต่างเป็น 6-Ø4"")  (เปลี่ยนเฟรม - เปลี่ยนฝาค.ส.ล.)","งานเสริมผนังบ่อพัก (PB) JUF-13 ฝาคสล. (เพิ่มหน้าต่างเป็น 6-Ø4"") (เปลี่ยนเฟรม - เปลี่ยนฝาค.ส.ล.)","งานเสริมผนังบ่อพัก (PB) JUF-13 ฝาคสล. (เพิ่มหน้าต่างเป็น 6-Ø4"") (เปลี่ยนเฟรม - เปลี่ยนฝาค.ส.ล.)","งานเสริมผนังบ่อพัก (PB) JUF-13 ฝาคสล. (เพิ่มหน้าต่างเป็น 6-Ø4"") (เปลี่ยนเฟรม - เปลี่ยนฝาค.ส.ล.)","งานเสรมิ ผนังบ่อพัก (PB) JUF-13 ฝาคสล. (เพิ่มหน้าต่างเป็น 6-Ø4"") (เปลี่ยนเฟรม - เปลี่ยนฝาค.ส.ล.)","งานเสรมิ ผนังบ่อพัก (PB) JUF-13 ฝาคสล. (เพิ่มหน้าต่างเป็น 6-Ø4"") (เปลี่ยนเฟรม - เปลี่ยนฝาค.ส.ล.)","บ่อ","บ่อ","บ่อ","บ่อ","บ่อ","บ่อ","29648","17458","47106","29648","17458","47106","29648","17458","47106","equal","equal","equal","order_constrained_name_unit_source_ordinal","high","0.96","true","true","matched","false",""
"prod:3ba2d128-1ab3-401b-aaca-02b49be542b5","stable_uuid","3ba2d128-1ab3-401b-aaca-02b49be542b5","ITEM-0371","WLL-MH0-001","WLL-MH0-001","true","true","true","372","true","false","true","418","417","549","true","16","1","10","p16:t1:r10:display-1","7a81c398485477a1f638bbd22fed3f80fc82fb87c62c19f2822e1a597060c857","งานเสริมผนังบ่อพัก (MH) TYPE A-1 ฝาเหล็ก (เพิ่มหน้าต่างเป็น 2-Ø4"")  (เปลี่ยนเฟรม - เปลี่ยนฝาเหล็ก)","งานเสริมผนังบ่อพัก (MH) TYPE A-1 ฝาเหล็ก (เพิ่มหน้าต่างเป็น 2-Ø4"") (เปลี่ยนเฟรม - เปลี่ยนฝาเหล็ก)","งานเสริมผนังบ่อพัก (MH) TYPE A-1 ฝาเหล็ก (เพิ่มหน้าต่างเป็น 2-Ø4"") (เปลี่ยนเฟรม - เปลี่ยนฝาเหล็ก)","งานเสริมผนังบ่อพัก (MH) TYPE A-1 ฝาเหล็ก (เพิ่มหน้าต่างเป็น 2-Ø4"") (เปลี่ยนเฟรม - เปลี่ยนฝาเหล็ก)","งานเสรมิ ผนังบ่อพัก (MH) TYPE A-1 ฝาเหล็ก (เพิ่มหน้าต่างเป็น 2-Ø4"") (เปลี่ยนเฟรม - เปลี่ยนฝาเหล็ก)","งานเสรมิ ผนังบ่อพัก (MH) TYPE A-1 ฝาเหล็ก (เพิ่มหน้าต่างเป็น 2-Ø4"") (เปลี่ยนเฟรม - เปลี่ยนฝาเหล็ก)","บ่อ","บ่อ","บ่อ","บ่อ","บ่อ","บ่อ","35089","15439","50528","35089","15439","50528","35089","15439","50528","equal","equal","equal","order_constrained_name_unit_source_ordinal","high","0.9625","true","true","matched","false",""
"prod:2e7eeb03-a056-4673-be13-002276dfedf9","stable_uuid","2e7eeb03-a056-4673-be13-002276dfedf9","ITEM-0372","WLL-MH0-002","WLL-MH0-002","true","true","true","373","true","false","true","419","418","550","true","16","1","11","p16:t1:r11:display-2","7d655786cba27d4036303262e3927c1d6af588bbbba8dbe491e06c917124d207","งานเสริมผนังบ่อพัก (MH) TYPE A-1 ฝาเหล็ก (เพิ่มหน้าต่างเป็น 4-Ø4"")  (เปลี่ยนเฟรม - เปลี่ยนฝาเหล็ก)","งานเสริมผนังบ่อพัก (MH) TYPE A-1 ฝาเหล็ก (เพิ่มหน้าต่างเป็น 4-Ø4"") (เปลี่ยนเฟรม - เปลี่ยนฝาเหล็ก)","งานเสริมผนังบ่อพัก (MH) TYPE A-1 ฝาเหล็ก (เพิ่มหน้าต่างเป็น 4-Ø4"") (เปลี่ยนเฟรม - เปลี่ยนฝาเหล็ก)","งานเสริมผนังบ่อพัก (MH) TYPE A-1 ฝาเหล็ก (เพิ่มหน้าต่างเป็น 4-Ø4"") (เปลี่ยนเฟรม - เปลี่ยนฝาเหล็ก)","งานเสรมิ ผนังบ่อพัก (MH) TYPE A-1 ฝาเหล็ก (เพิ่มหน้าต่างเป็น 4-Ø4"") (เปลี่ยนเฟรม - เปลี่ยนฝาเหล็ก)","งานเสรมิ ผนังบ่อพัก (MH) TYPE A-1 ฝาเหล็ก (เพิ่มหน้าต่างเป็น 4-Ø4"") (เปลี่ยนเฟรม - เปลี่ยนฝาเหล็ก)","บ่อ","บ่อ","บ่อ","บ่อ","บ่อ","บ่อ","36151","15631","51782","36151","15631","51782","36151","15631","51782","equal","equal","equal","order_constrained_name_unit_source_ordinal","high","0.9625","true","true","matched","false",""
"prod:51b0c6dd-ee0f-4fd3-aac3-1c41118e02a7","stable_uuid","51b0c6dd-ee0f-4fd3-aac3-1c41118e02a7","ITEM-0373","WLL-MH0-003","WLL-MH0-003","true","true","true","374","true","false","true","420","419","551","true","16","1","12","p16:t1:r12:display-3","58810cf0e1fc087acb794da07e4d507e8f9aa639da680dca3829e3e7864b3100","งานเสริมผนังบ่อพัก (MH) TYPE A-1 ฝาเหล็ก (เพิ่มหน้าต่างเป็น 6-Ø4"")  (เปลี่ยนเฟรม - เปลี่ยนฝาเหล็ก)","งานเสริมผนังบ่อพัก (MH) TYPE A-1 ฝาเหล็ก (เพิ่มหน้าต่างเป็น 6-Ø4"") (เปลี่ยนเฟรม - เปลี่ยนฝาเหล็ก)","งานเสริมผนังบ่อพัก (MH) TYPE A-1 ฝาเหล็ก (เพิ่มหน้าต่างเป็น 6-Ø4"") (เปลี่ยนเฟรม - เปลี่ยนฝาเหล็ก)","งานเสริมผนังบ่อพัก (MH) TYPE A-1 ฝาเหล็ก (เพิ่มหน้าต่างเป็น 6-Ø4"") (เปลี่ยนเฟรม - เปลี่ยนฝาเหล็ก)","งานเสรมิ ผนังบ่อพัก (MH) TYPE A-1 ฝาเหล็ก (เพิ่มหน้าต่างเป็น 6-Ø4"") (เปลี่ยนเฟรม - เปลี่ยนฝาเหล็ก)","งานเสรมิ ผนังบ่อพัก (MH) TYPE A-1 ฝาเหล็ก (เพิ่มหน้าต่างเป็น 6-Ø4"") (เปลี่ยนเฟรม - เปลี่ยนฝาเหล็ก)","บ่อ","บ่อ","บ่อ","บ่อ","บ่อ","บ่อ","38056","15933","53989","38056","15933","53989","38056","15933","53989","equal","equal","equal","order_constrained_name_unit_source_ordinal","high","0.9625","true","true","matched","false",""
"prod:5fdb56e1-b85f-4dae-9e17-46df2c6a6bd7","stable_uuid","5fdb56e1-b85f-4dae-9e17-46df2c6a6bd7","ITEM-0374","WLL-MH0-004","WLL-MH0-004","true","true","true","375","true","false","true","421","420","552","true","16","1","13","p16:t1:r13:display-4","77edc15fbc406e085dc280d3b7b4a50733ec4a81a37205f6741c8c8ff8bd1093","งานเสริมผนังบ่อพัก (MH) TYPE A-2 ฝาเหล็ก (เพิ่มหน้าต่างเป็น 2-Ø4"")  (เปลี่ยนเฟรม - เปลี่ยนฝาเหล็ก)","งานเสริมผนังบ่อพัก (MH) TYPE A-2 ฝาเหล็ก (เพิ่มหน้าต่างเป็น 2-Ø4"") (เปลี่ยนเฟรม - เปลี่ยนฝาเหล็ก)","งานเสริมผนังบ่อพัก (MH) TYPE A-2 ฝาเหล็ก (เพิ่มหน้าต่างเป็น 2-Ø4"") (เปลี่ยนเฟรม - เปลี่ยนฝาเหล็ก)","งานเสริมผนังบ่อพัก (MH) TYPE A-2 ฝาเหล็ก (เพิ่มหน้าต่างเป็น 2-Ø4"") (เปลี่ยนเฟรม - เปลี่ยนฝาเหล็ก)","งานเสรมิ ผนังบ่อพัก (MH) TYPE A-2 ฝาเหล็ก (เพิ่มหน้าต่างเป็น 2-Ø4"") (เปลี่ยนเฟรม - เปลี่ยนฝาเหล็ก)","งานเสรมิ ผนังบ่อพัก (MH) TYPE A-2 ฝาเหล็ก (เพิ่มหน้าต่างเป็น 2-Ø4"") (เปลี่ยนเฟรม - เปลี่ยนฝาเหล็ก)","บ่อ","บ่อ","บ่อ","บ่อ","บ่อ","บ่อ","35103","15600","50703","35103","15600","50703","35103","15600","50703","equal","equal","equal","order_constrained_name_unit_source_ordinal","high","0.9625","true","true","matched","false",""
"prod:a9eefbc4-9211-49f1-8375-b2c31cf4a617","stable_uuid","a9eefbc4-9211-49f1-8375-b2c31cf4a617","ITEM-0375","WLL-MH0-005","WLL-MH0-005","true","true","true","376","true","false","true","422","421","553","true","16","1","14","p16:t1:r14:display-5","976c4641b89820ead5f2dd022b435a1aea9d46caa9efe53a768f91d2a2ff8153","งานเสริมผนังบ่อพัก (MH) TYPE A-2 ฝาเหล็ก (เพิ่มหน้าต่างเป็น 4-Ø4"")  (เปลี่ยนเฟรม - เปลี่ยนฝาเหล็ก)","งานเสริมผนังบ่อพัก (MH) TYPE A-2 ฝาเหล็ก (เพิ่มหน้าต่างเป็น 4-Ø4"") (เปลี่ยนเฟรม - เปลี่ยนฝาเหล็ก)","งานเสริมผนังบ่อพัก (MH) TYPE A-2 ฝาเหล็ก (เพิ่มหน้าต่างเป็น 4-Ø4"") (เปลี่ยนเฟรม - เปลี่ยนฝาเหล็ก)","งานเสริมผนังบ่อพัก (MH) TYPE A-2 ฝาเหล็ก (เพิ่มหน้าต่างเป็น 4-Ø4"") (เปลี่ยนเฟรม - เปลี่ยนฝาเหล็ก)","งานเสรมิ ผนังบ่อพัก (MH) TYPE A-2 ฝาเหล็ก (เพิ่มหน้าต่างเป็น 4-Ø4"") (เปลี่ยนเฟรม - เปลี่ยนฝาเหล็ก)","งานเสรมิ ผนังบ่อพัก (MH) TYPE A-2 ฝาเหล็ก (เพิ่มหน้าต่างเป็น 4-Ø4"") (เปลี่ยนเฟรม - เปลี่ยนฝาเหล็ก)","บ่อ","บ่อ","บ่อ","บ่อ","บ่อ","บ่อ","38080","16091","54171","38080","16091","54171","38080","16091","54171","equal","equal","equal","order_constrained_name_unit_source_ordinal","high","0.9625","true","true","matched","false",""
"prod:702ffaae-f909-4f7d-be7d-05b8993bcd02","stable_uuid","702ffaae-f909-4f7d-be7d-05b8993bcd02","ITEM-0376","WLL-MH0-006","WLL-MH0-006","true","true","true","377","true","false","true","423","422","554","true","16","1","15","p16:t1:r15:display-6","125bcea4d12f38b68ad9ddc6c667d3e5e90399878c07e7dccdc898e15e01a0ed","งานเสริมผนังบ่อพัก (MH) TYPE A-2 ฝาเหล็ก (เพิ่มหน้าต่างเป็น 6-Ø4"")  (เปลี่ยนเฟรม - เปลี่ยนฝาเหล็ก)","งานเสริมผนังบ่อพัก (MH) TYPE A-2 ฝาเหล็ก (เพิ่มหน้าต่างเป็น 6-Ø4"") (เปลี่ยนเฟรม - เปลี่ยนฝาเหล็ก)","งานเสริมผนังบ่อพัก (MH) TYPE A-2 ฝาเหล็ก (เพิ่มหน้าต่างเป็น 6-Ø4"") (เปลี่ยนเฟรม - เปลี่ยนฝาเหล็ก)","งานเสริมผนังบ่อพัก (MH) TYPE A-2 ฝาเหล็ก (เพิ่มหน้าต่างเป็น 6-Ø4"") (เปลี่ยนเฟรม - เปลี่ยนฝาเหล็ก)","งานเสรมิ ผนังบ่อพัก (MH) TYPE A-2 ฝาเหล็ก (เพิ่มหน้าต่างเป็น 6-Ø4"") (เปลี่ยนเฟรม - เปลี่ยนฝาเหล็ก)","งานเสรมิ ผนังบ่อพัก (MH) TYPE A-2 ฝาเหล็ก (เพิ่มหน้าต่างเป็น 6-Ø4"") (เปลี่ยนเฟรม - เปลี่ยนฝาเหล็ก)","บ่อ","บ่อ","บ่อ","บ่อ","บ่อ","บ่อ","39808","16326","56134","39808","16326","56134","39808","16326","56134","equal","equal","equal","order_constrained_name_unit_source_ordinal","high","0.9625","true","true","matched","false",""
"prod:cf74531d-ea0f-40a2-99ab-04ac5d899604","stable_uuid","cf74531d-ea0f-40a2-99ab-04ac5d899604","ITEM-0377","WLL-MH0-007","WLL-MH0-007","true","true","true","378","true","false","true","424","423","555","true","16","1","16","p16:t1:r16:display-7","8df6a7799a784fe1b324c6163cb3c63ac90af3aa2e11e5ce6f9c004142fc5a44","งานเสริมผนังบ่อพัก (MH) TYPE A-3 ฝาเหล็ก (เพิ่มหน้าต่างเป็น 2-Ø4"")  (เปลี่ยนเฟรม - เปลี่ยนฝาเหล็ก)","งานเสริมผนังบ่อพัก (MH) TYPE A-3 ฝาเหล็ก (เพิ่มหน้าต่างเป็น 2-Ø4"") (เปลี่ยนเฟรม - เปลี่ยนฝาเหล็ก)","งานเสริมผนังบ่อพัก (MH) TYPE A-3 ฝาเหล็ก (เพิ่มหน้าต่างเป็น 2-Ø4"") (เปลี่ยนเฟรม - เปลี่ยนฝาเหล็ก)","งานเสริมผนังบ่อพัก (MH) TYPE A-3 ฝาเหล็ก (เพิ่มหน้าต่างเป็น 2-Ø4"") (เปลี่ยนเฟรม - เปลี่ยนฝาเหล็ก)","งานเสรมิ ผนังบ่อพัก (MH) TYPE A-3 ฝาเหล็ก (เพิ่มหน้าต่างเป็น 2-Ø4"") (เปลี่ยนเฟรม - เปลี่ยนฝาเหล็ก)","งานเสรมิ ผนังบ่อพัก (MH) TYPE A-3 ฝาเหล็ก (เพิ่มหน้าต่างเป็น 2-Ø4"") (เปลี่ยนเฟรม - เปลี่ยนฝาเหล็ก)","บ่อ","บ่อ","บ่อ","บ่อ","บ่อ","บ่อ","62406","23257","85663","62406","23257","85663","62406","23257","85663","equal","equal","equal","order_constrained_name_unit_source_ordinal","high","0.9625","true","true","matched","false",""
"prod:716785bc-bc3a-4941-b028-0fa91516595b","stable_uuid","716785bc-bc3a-4941-b028-0fa91516595b","ITEM-0378","WLL-MH0-008","WLL-MH0-008","true","true","true","379","true","false","true","425","424","556","true","16","1","17","p16:t1:r17:display-8","ec3dde65b1492574c8d7d464230e8bd1e4bd31f5cc125647b4facf4fffdd0726","งานเสริมผนังบ่อพัก (MH) TYPE A-3 ฝาเหล็ก (เพิ่มหน้าต่างเป็น 4-Ø4"")  (เปลี่ยนเฟรม - เปลี่ยนฝาเหล็ก)","งานเสริมผนังบ่อพัก (MH) TYPE A-3 ฝาเหล็ก (เพิ่มหน้าต่างเป็น 4-Ø4"") (เปลี่ยนเฟรม - เปลี่ยนฝาเหล็ก)","งานเสริมผนังบ่อพัก (MH) TYPE A-3 ฝาเหล็ก (เพิ่มหน้าต่างเป็น 4-Ø4"") (เปลี่ยนเฟรม - เปลี่ยนฝาเหล็ก)","งานเสริมผนังบ่อพัก (MH) TYPE A-3 ฝาเหล็ก (เพิ่มหน้าต่างเป็น 4-Ø4"") (เปลี่ยนเฟรม - เปลี่ยนฝาเหล็ก)","งานเสรมิ ผนังบ่อพัก (MH) TYPE A-3 ฝาเหล็ก (เพิ่มหน้าต่างเป็น 4-Ø4"") (เปลี่ยนเฟรม - เปลี่ยนฝาเหล็ก)","งานเสรมิ ผนังบ่อพัก (MH) TYPE A-3 ฝาเหล็ก (เพิ่มหน้าต่างเป็น 4-Ø4"") (เปลี่ยนเฟรม - เปลี่ยนฝาเหล็ก)","บ่อ","บ่อ","บ่อ","บ่อ","บ่อ","บ่อ","66630","23921","90551","66630","23921","90551","66630","23921","90551","equal","equal","equal","order_constrained_name_unit_source_ordinal","high","0.9625","true","true","matched","false",""
"prod:9c51cfa7-ffb0-49e8-a43f-cdd268fb82cc","stable_uuid","9c51cfa7-ffb0-49e8-a43f-cdd268fb82cc","ITEM-0379","WLL-MH0-009","WLL-MH0-009","true","true","true","380","true","false","true","426","425","557","true","16","1","18","p16:t1:r18:display-9","36728d14534b38a350c1d3281dee2179fdd044db00ab05a9cae0825a9c4bfa08","งานเสริมผนังบ่อพัก (MH) TYPE A-3 ฝาเหล็ก (เพิ่มหน้าต่างเป็น 6-Ø4"")  (เปลี่ยนเฟรม - เปลี่ยนฝาเหล็ก)","งานเสริมผนังบ่อพัก (MH) TYPE A-3 ฝาเหล็ก (เพิ่มหน้าต่างเป็น 6-Ø4"") (เปลี่ยนเฟรม - เปลี่ยนฝาเหล็ก)","งานเสริมผนังบ่อพัก (MH) TYPE A-3 ฝาเหล็ก (เพิ่มหน้าต่างเป็น 6-Ø4"") (เปลี่ยนเฟรม - เปลี่ยนฝาเหล็ก)","งานเสริมผนังบ่อพัก (MH) TYPE A-3 ฝาเหล็ก (เพิ่มหน้าต่างเป็น 6-Ø4"") (เปลี่ยนเฟรม - เปลี่ยนฝาเหล็ก)","งานเสรมิ ผนังบ่อพัก (MH) TYPE A-3 ฝาเหล็ก (เพิ่มหน้าต่างเป็น 6-Ø4"") (เปลี่ยนเฟรม - เปลี่ยนฝาเหล็ก)","งานเสรมิ ผนังบ่อพัก (MH) TYPE A-3 ฝาเหล็ก (เพิ่มหน้าต่างเป็น 6-Ø4"") (เปลี่ยนเฟรม - เปลี่ยนฝาเหล็ก)","บ่อ","บ่อ","บ่อ","บ่อ","บ่อ","บ่อ","73420","25666","99086","73420","25666","99086","73420","25666","99086","equal","equal","equal","order_constrained_name_unit_source_ordinal","high","0.9625","true","true","matched","false",""
"prod:af036ee5-4edb-4774-8d1e-6aa8461e56b2","stable_uuid","af036ee5-4edb-4774-8d1e-6aa8461e56b2","ITEM-0380","LVU-PB0-001","LVU-PB0-001","true","true","true","381","true","false","true","427","426","574","true","17","1","5","p17:t1:r5:display-1","db59ed607685986f03317e4557a6b2a25cc5eda44f4622a8b4029e60409ae939","งานยกระดับคอบ่อพักย่อย (PB) JUF-11 ฝาค.ส.ล. (ไม่เปลี่ยนฝา - ไม่เปลี่ยนเฟรม) ระดับ +0.05 ม.","งานยกระดับคอบ่อพักย่อย (PB) JUF-11 ฝาค.ส.ล. (ไม่เปลี่ยนฝา - ไม่เปลี่ยนเฟรม) ระดับ +0.05 ม.","งานยกระดับคอบ่อพักย่อย (PB) JUF-11 ฝาค.ส.ล. (ไม่เปลี่ยนฝา - ไม่เปลี่ยนเฟรม) ระดับ +0.05 ม.","งานยกระดับคอบ่อพักย่อย (PB) JUF-11 ฝาค.ส.ล. (ไม่เปลี่ยนฝา - ไม่เปลี่ยนเฟรม) ระดับ +0.05 ม.","งานยกระดับคอบ่อพักย่อย (PB) JUF-11 ฝาค.ส.ล. (ไม่เปลี่ยนฝา - ไม่เปลี่ยนเฟรม) | ระดับ +0.05 ม.","งานยกระดับคอบ่อพักย่อย (PB) JUF-11 ฝาค.ส.ล. (ไม่เปลี่ยนฝา - ไม่เปลี่ยนเฟรม) | ระดับ +0.05 ม.","บ่อ","บ่อ","บ่อ","บ่อ","บ่อ","บ่อ","1430","4377","5807","1430","4377","5807","1430","4377","5807","equal","equal","equal","order_constrained_name_unit_source_ordinal","high","1","true","true","matched","false",""
"prod:ef32a99c-beeb-4695-a595-8ef325068c42","stable_uuid","ef32a99c-beeb-4695-a595-8ef325068c42","ITEM-0381","LVU-PB0-006","LVU-PB0-006","true","true","true","382","true","false","true","432","431","579","true","17","1","10","p17:t1:r10:display-6","d808577b535f75b9b2232fb6d312670aff4040bfe10af126bdf6c89599f52670","งานยกระดับคอบ่อพักย่อย (PB) JUF-11 ฝาค.ส.ล. (เปลี่ยนฝา - เปลี่ยนเฟรม) ระดับ +0.05 ม.","งานยกระดับคอบ่อพักย่อย (PB) JUF-11 ฝาค.ส.ล. (เปลี่ยนฝา - เปลี่ยนเฟรม) ระดับ +0.05 ม.","งานยกระดับคอบ่อพักย่อย (PB) JUF-11 ฝาค.ส.ล. (เปลี่ยนฝา - เปลี่ยนเฟรม) ระดับ +0.05 ม.","งานยกระดับคอบ่อพักย่อย (PB) JUF-11 ฝาค.ส.ล. (เปลี่ยนฝา - เปลี่ยนเฟรม) ระดับ +0.05 ม.","งานยกระดับคอบ่อพักย่อย (PB) JUF-11 ฝาค.ส.ล. (เปลี่ยนฝา - เปลี่ยนเฟรม) | ระดับ +0.05 ม.","งานยกระดับคอบ่อพักย่อย (PB) JUF-11 ฝาค.ส.ล. (เปลี่ยนฝา - เปลี่ยนเฟรม) | ระดับ +0.05 ม.","บ่อ","บ่อ","บ่อ","บ่อ","บ่อ","บ่อ","9803","4377","14180","9803","4377","14180","9803","4377","14180","equal","equal","equal","order_constrained_name_unit_source_ordinal","high","1","true","true","matched","false",""
"prod:086e15a0-a8cd-46c9-ae45-5b6bc3f49509","stable_uuid","086e15a0-a8cd-46c9-ae45-5b6bc3f49509","ITEM-0382","LVU-PB0-011","LVU-PB0-011","true","true","true","383","true","false","true","437","436","584","true","17","1","15","p17:t1:r15:display-11","b970e581952b26999cfa40dc5063071758893726cc8ea359d9ccf625e347da1a","งานยกระดับคอบ่อพักย่อย (PB) JUF-11 ฝาค.ส.ล. (เปลี่ยนฝา - ไม่เปลี่ยนเฟรม) ระดับ +0.05 ม.","งานยกระดับคอบ่อพักย่อย (PB) JUF-11 ฝาค.ส.ล. (เปลี่ยนฝา - ไม่เปลี่ยนเฟรม) ระดับ +0.05 ม.","งานยกระดับคอบ่อพักย่อย (PB) JUF-11 ฝาค.ส.ล. (เปลี่ยนฝา - ไม่เปลี่ยนเฟรม) ระดับ +0.05 ม.","งานยกระดับคอบ่อพักย่อย (PB) JUF-11 ฝาค.ส.ล. (เปลี่ยนฝา - ไม่เปลี่ยนเฟรม) ระดับ +0.05 ม.","งานยกระดับคอบ่อพักย่อย (PB) JUF-11 ฝาค.ส.ล. (เปลี่ยนฝา - ไม่เปลี่ยนเฟรม) | ระดับ +0.05 ม.","งานยกระดับคอบ่อพักย่อย (PB) JUF-11 ฝาค.ส.ล. (เปลี่ยนฝา - ไม่เปลี่ยนเฟรม) | ระดับ +0.05 ม.","บ่อ","บ่อ","บ่อ","บ่อ","บ่อ","บ่อ","5303","4377","9680","5303","4377","9680","5303","4377","9680","equal","equal","equal","order_constrained_name_unit_source_ordinal","high","1","true","true","matched","false",""
"prod:a3961541-230a-4cc1-87c8-e55596b31c8d","stable_uuid","a3961541-230a-4cc1-87c8-e55596b31c8d","ITEM-0383","LVU-PB0-016","LVU-PB0-016","true","true","true","384","true","false","true","442","441","589","true","17","1","20","p17:t1:r20:display-16","32fc05220b28785c69ea1e8cf9cd1bdf3e95d37676284c7230656aacb4b84c72","งานยกระดับคอบ่อพักย่อย (PB) JUF-11 ฝาค.ส.ล. (ไม่เปลี่ยนฝา - เปลี่ยนเฟรม) ระดับ +0.05 ม.","งานยกระดับคอบ่อพักย่อย (PB) JUF-11 ฝาค.ส.ล. (ไม่เปลี่ยนฝา - เปลี่ยนเฟรม) ระดับ +0.05 ม.","งานยกระดับคอบ่อพักย่อย (PB) JUF-11 ฝาค.ส.ล. (ไม่เปลี่ยนฝา - เปลี่ยนเฟรม) ระดับ +0.05 ม.","งานยกระดับคอบ่อพักย่อย (PB) JUF-11 ฝาค.ส.ล. (ไม่เปลี่ยนฝา - เปลี่ยนเฟรม) ระดับ +0.05 ม.","งานยกระดับคอบ่อพักย่อย (PB) JUF-11 ฝาค.ส.ล. (ไม่เปลี่ยนฝา - เปลี่ยนเฟรม) | ระดับ +0.05 ม.","งานยกระดับคอบ่อพักย่อย (PB) JUF-11 ฝาค.ส.ล. (ไม่เปลี่ยนฝา - เปลี่ยนเฟรม) | ระดับ +0.05 ม.","บ่อ","บ่อ","บ่อ","บ่อ","บ่อ","บ่อ","5930","4377","10307","5930","4377","10307","5930","4377","10307","equal","equal","equal","order_constrained_name_unit_source_ordinal","high","1","true","true","matched","false",""
"prod:246c80d8-4f7b-4d4c-9d0e-6c79c751da6a","stable_uuid","246c80d8-4f7b-4d4c-9d0e-6c79c751da6a","ITEM-0384","LVU-PB0-021","LVU-PB0-021","true","true","true","385","true","false","true","447","446","594","true","17","1","25","p17:t1:r25:display-21","3a1a18b236c37e7d946e91b3f924f258589f8b0ed3dea611b02cd4b8e9e1f348","งานยกระดับคอบ่อพักย่อย (PB) JUF-11 ฝาเหล็ก (ไม่เปลี่ยนฝา - ไม่เปลี่ยนเฟรม) ระดับ +0.05 ม.","งานยกระดับคอบ่อพักย่อย (PB) JUF-11 ฝาเหล็ก (ไม่เปลี่ยนฝา - ไม่เปลี่ยนเฟรม) ระดับ +0.05 ม.","งานยกระดับคอบ่อพักย่อย (PB) JUF-11 ฝาเหล็ก (ไม่เปลี่ยนฝา - ไม่เปลี่ยนเฟรม) ระดับ +0.05 ม.","งานยกระดับคอบ่อพักย่อย (PB) JUF-11 ฝาเหล็ก (ไม่เปลี่ยนฝา - ไม่เปลี่ยนเฟรม) ระดับ +0.05 ม.","งานยกระดับคอบ่อพักย่อย (PB) JUF-11 ฝาเหล็ก (ไม่เปลี่ยนฝา - ไม่เปลี่ยนเฟรม) | ระดับ +0.05 ม.","งานยกระดับคอบ่อพักย่อย (PB) JUF-11 ฝาเหล็ก (ไม่เปลี่ยนฝา - ไม่เปลี่ยนเฟรม) | ระดับ +0.05 ม.","บ่อ","บ่อ","บ่อ","บ่อ","บ่อ","บ่อ","1430","8088","9518","1430","8088","9518","1430","8088","9518","equal","equal","equal","order_constrained_name_unit_source_ordinal","high","1","true","true","matched","false",""
"prod:f4072283-bb7f-4af1-b875-9fd02e0aa5be","stable_uuid","f4072283-bb7f-4af1-b875-9fd02e0aa5be","ITEM-0385","LVU-PB0-026","LVU-PB0-026","true","true","true","386","true","false","true","452","451","599","true","18","1","3","p18:t1:r3:display-26","017e155606e1c1b4b6bae272643433fae3de94c42c7afed5561cee1f53b8a5e8","งานยกระดับคอบ่อพักย่อย (PB) JUF-11 ฝาเหล็ก (เปลี่ยนฝา - เปลี่ยนเฟรม) ระดับ +0.05 ม.","งานยกระดับคอบ่อพักย่อย (PB) JUF-11 ฝาเหล็ก (เปลี่ยนฝา - เปลี่ยนเฟรม) ระดับ +0.05 ม.","งานยกระดับคอบ่อพักย่อย (PB) JUF-11 ฝาเหล็ก (เปลี่ยนฝา - เปลี่ยนเฟรม) ระดับ +0.05 ม.","งานยกระดับคอบ่อพักย่อย (PB) JUF-11 ฝาเหล็ก (เปลี่ยนฝา - เปลี่ยนเฟรม) ระดับ +0.05 ม.","1. งานวางท่อร้อยสายสื่อสารใต้ดิน หุ้มคอนกรีตเสริมเหล็ก (ค.ส.ล.) งานยกระดับคอบ่อพักย่อย (PB) JUF-11 ฝาเหล็ก (เปลี่ยนฝา - เปลี่ยนเฟรม) | ระดับ +0.05 ม.","1. งานวางท่อร้อยสายสื่อสารใต้ดิน หุ้มคอนกรีตเสริมเหล็ก (ค.ส.ล.) งานยกระดับคอบ่อพักย่อย (PB) JUF-11 ฝาเหล็ก (เปลี่ยนฝา - เปลี่ยนเฟรม) | ระดับ +0.05 ม.","บ่อ","บ่อ","บ่อ","บ่อ","บ่อ","บ่อ","24830","8088","32918","24830","8088","32918","24830","8088","32918","equal","equal","equal","order_constrained_name_unit_source_ordinal","high","0.712766","true","true","matched","false","repeated_page_header_description_overlay"
"prod:e96b82e4-afbd-420f-82c5-e507a53f4664","stable_uuid","e96b82e4-afbd-420f-82c5-e507a53f4664","ITEM-0386","LVU-PB0-031","LVU-PB0-031","true","true","true","387","true","false","true","457","456","604","true","18","1","8","p18:t1:r8:display-31","5cd712e704d2e3d4b53e99d03156a97de05e22e829e501f3abde4f2410d9398d","งานยกระดับคอบ่อพักย่อย (PB) JUF-11 ฝาเหล็ก (เปลี่ยนฝา - ไม่เปลี่ยนเฟรม) ระดับ +0.05 ม.","งานยกระดับคอบ่อพักย่อย (PB) JUF-11 ฝาเหล็ก (เปลี่ยนฝา - ไม่เปลี่ยนเฟรม) ระดับ +0.05 ม.","งานยกระดับคอบ่อพักย่อย (PB) JUF-11 ฝาเหล็ก (เปลี่ยนฝา - ไม่เปลี่ยนเฟรม) ระดับ +0.05 ม.","งานยกระดับคอบ่อพักย่อย (PB) JUF-11 ฝาเหล็ก (เปลี่ยนฝา - ไม่เปลี่ยนเฟรม) ระดับ +0.05 ม.","งานยกระดับคอบ่อพักย่อย (PB) JUF-11 ฝาเหล็ก (เปลี่ยนฝา - ไม่เปลี่ยนเฟรม) | ระดับ +0.05 ม.","งานยกระดับคอบ่อพักย่อย (PB) JUF-11 ฝาเหล็ก (เปลี่ยนฝา - ไม่เปลี่ยนเฟรม) | ระดับ +0.05 ม.","บ่อ","บ่อ","บ่อ","บ่อ","บ่อ","บ่อ","20330","8088","28418","20330","8088","28418","20330","8088","28418","equal","equal","equal","order_constrained_name_unit_source_ordinal","high","1","true","true","matched","false",""
"prod:637a6db9-9460-4c86-a192-16f58c0db79f","stable_uuid","637a6db9-9460-4c86-a192-16f58c0db79f","ITEM-0387","LVU-PB0-036","LVU-PB0-036","true","true","true","388","true","false","true","462","461","609","true","18","1","13","p18:t1:r13:display-36","338a4c6651b78fd6eccccd6e2838238fc2e13c72096d0e32c9cb40a900978d37","งานยกระดับคอบ่อพักย่อย (PB) JUF-11 ฝาเหล็ก (ไม่เปลี่ยนฝา - เปลี่ยนเฟรม) ระดับ +0.05 ม.","งานยกระดับคอบ่อพักย่อย (PB) JUF-11 ฝาเหล็ก (ไม่เปลี่ยนฝา - เปลี่ยนเฟรม) ระดับ +0.05 ม.","งานยกระดับคอบ่อพักย่อย (PB) JUF-11 ฝาเหล็ก (ไม่เปลี่ยนฝา - เปลี่ยนเฟรม) ระดับ +0.05 ม.","งานยกระดับคอบ่อพักย่อย (PB) JUF-11 ฝาเหล็ก (ไม่เปลี่ยนฝา - เปลี่ยนเฟรม) ระดับ +0.05 ม.","งานยกระดับคอบ่อพักย่อย (PB) JUF-11 ฝาเหล็ก (ไม่เปลี่ยนฝา - เปลี่ยนเฟรม) | ระดับ +0.05 ม.","งานยกระดับคอบ่อพักย่อย (PB) JUF-11 ฝาเหล็ก (ไม่เปลี่ยนฝา - เปลี่ยนเฟรม) | ระดับ +0.05 ม.","บ่อ","บ่อ","บ่อ","บ่อ","บ่อ","บ่อ","5930","8088","14018","5930","8088","14018","5930","8088","14018","equal","equal","equal","order_constrained_name_unit_source_ordinal","high","1","true","true","matched","false",""
"prod:079b5c3c-d419-44c2-8453-3da3c2c6c904","stable_uuid","079b5c3c-d419-44c2-8453-3da3c2c6c904","ITEM-0388","LVU-PB0-041","LVU-PB0-041","true","true","true","389","true","false","true","467","466","614","true","18","1","18","p18:t1:r18:display-41","ba70a3096c2829c9f67cfb552d36906e8bc8492449838efe57a40dc75efd91bb","งานยกระดับคอบ่อพักย่อย (PB) JUF-12 ฝาค.ส.ล. (ไม่เปลี่ยนฝา - ไม่เปลี่ยนเฟรม) ระดับ +0.05 ม.","งานยกระดับคอบ่อพักย่อย (PB) JUF-12 ฝาค.ส.ล. (ไม่เปลี่ยนฝา - ไม่เปลี่ยนเฟรม) ระดับ +0.05 ม.","งานยกระดับคอบ่อพักย่อย (PB) JUF-12 ฝาค.ส.ล. (ไม่เปลี่ยนฝา - ไม่เปลี่ยนเฟรม) ระดับ +0.05 ม.","งานยกระดับคอบ่อพักย่อย (PB) JUF-12 ฝาค.ส.ล. (ไม่เปลี่ยนฝา - ไม่เปลี่ยนเฟรม) ระดับ +0.05 ม.","งานยกระดับคอบ่อพักย่อย (PB) JUF-12 ฝาค.ส.ล. (ไม่เปลี่ยนฝา - ไม่เปลี่ยนเฟรม) | ระดับ +0.05 ม.","งานยกระดับคอบ่อพักย่อย (PB) JUF-12 ฝาค.ส.ล. (ไม่เปลี่ยนฝา - ไม่เปลี่ยนเฟรม) | ระดับ +0.05 ม.","บ่อ","บ่อ","บ่อ","บ่อ","บ่อ","บ่อ","1627","5741","7368","1627","5741","7368","1627","5741","7368","equal","equal","equal","order_constrained_name_unit_source_ordinal","high","1","true","true","matched","false",""
"prod:f2cf28ab-4ebe-480d-872c-60655a3c111a","stable_uuid","f2cf28ab-4ebe-480d-872c-60655a3c111a","ITEM-0389","LVU-PB0-046","LVU-PB0-046","true","true","true","390","true","false","true","472","471","619","true","18","1","23","p18:t1:r23:display-46","7a0cacce3749a37c318b764c8ccd8d8fff374c09635d40f313ed5f65ca583fa3","งานยกระดับคอบ่อพักย่อย (PB) JUF-12 ฝาค.ส.ล. (เปลี่ยนฝา - เปลี่ยนเฟรม) ระดับ +0.05 ม.","งานยกระดับคอบ่อพักย่อย (PB) JUF-12 ฝาค.ส.ล. (เปลี่ยนฝา - เปลี่ยนเฟรม) ระดับ +0.05 ม.","งานยกระดับคอบ่อพักย่อย (PB) JUF-12 ฝาค.ส.ล. (เปลี่ยนฝา - เปลี่ยนเฟรม) ระดับ +0.05 ม.","งานยกระดับคอบ่อพักย่อย (PB) JUF-12 ฝาค.ส.ล. (เปลี่ยนฝา - เปลี่ยนเฟรม) ระดับ +0.05 ม.","งานยกระดับคอบ่อพักย่อย (PB) JUF-12 ฝาค.ส.ล. (เปลี่ยนฝา - เปลี่ยนเฟรม) | ระดับ +0.05 ม.","งานยกระดับคอบ่อพักย่อย (PB) JUF-12 ฝาค.ส.ล. (เปลี่ยนฝา - เปลี่ยนเฟรม) | ระดับ +0.05 ม.","บ่อ","บ่อ","บ่อ","บ่อ","บ่อ","บ่อ","13191","5741","18932","13191","5741","18932","13191","5741","18932","equal","equal","equal","order_constrained_name_unit_source_ordinal","high","1","true","true","matched","false",""
"prod:9a65e41a-f0e1-4813-aad2-4ef0714869e6","stable_uuid","9a65e41a-f0e1-4813-aad2-4ef0714869e6","ITEM-0390","LVU-PB0-051","LVU-PB0-051","true","true","true","391","true","false","true","477","476","624","true","18","1","28","p18:t1:r28:display-51","66b4dd14042b49cfa7f8e82d7bda8ab639a9ca4e96264a14857157cf6dd4c6f1","งานยกระดับคอบ่อพักย่อย (PB) JUF-12 ฝาค.ส.ล. (เปลี่ยนฝา - ไม่เปลี่ยนเฟรม) ระดับ +0.05 ม.","งานยกระดับคอบ่อพักย่อย (PB) JUF-12 ฝาค.ส.ล. (เปลี่ยนฝา - ไม่เปลี่ยนเฟรม) ระดับ +0.05 ม.","งานยกระดับคอบ่อพักย่อย (PB) JUF-12 ฝาค.ส.ล. (เปลี่ยนฝา - ไม่เปลี่ยนเฟรม) ระดับ +0.05 ม.","งานยกระดับคอบ่อพักย่อย (PB) JUF-12 ฝาค.ส.ล. (เปลี่ยนฝา - ไม่เปลี่ยนเฟรม) ระดับ +0.05 ม.","งานยกระดับคอบ่อพักย่อย (PB) JUF-12 ฝาค.ส.ล. (เปลี่ยนฝา - ไม่เปลี่ยนเฟรม) | ระดับ +0.05 ม.","งานยกระดับคอบ่อพักย่อย (PB) JUF-12 ฝาค.ส.ล. (เปลี่ยนฝา - ไม่เปลี่ยนเฟรม) | ระดับ +0.05 ม.","บ่อ","บ่อ","บ่อ","บ่อ","บ่อ","บ่อ","6791","5741","12532","6791","5741","12532","6791","5741","12532","equal","equal","equal","order_constrained_name_unit_source_ordinal","high","1","true","true","matched","false",""
"prod:9e063fe6-af18-4a15-81ae-22197f0034e4","stable_uuid","9e063fe6-af18-4a15-81ae-22197f0034e4","ITEM-0391","LVU-PB0-056","LVU-PB0-056","true","true","true","392","true","false","true","482","481","629","true","19","1","3","p19:t1:r3:display-56","044158e4e4eaca9e67c378c27f58eb9b3fdfc5a3cee3c6a640febb8bc3e6a653","งานยกระดับคอบ่อพักย่อย (PB) JUF-12 ฝาค.ส.ล. (ไม่เปลี่ยนฝา - เปลี่ยนเฟรม) ระดับ +0.05 ม.","งานยกระดับคอบ่อพักย่อย (PB) JUF-12 ฝาค.ส.ล. (ไม่เปลี่ยนฝา - เปลี่ยนเฟรม) ระดับ +0.05 ม.","งานยกระดับคอบ่อพักย่อย (PB) JUF-12 ฝาค.ส.ล. (ไม่เปลี่ยนฝา - เปลี่ยนเฟรม) ระดับ +0.05 ม.","งานยกระดับคอบ่อพักย่อย (PB) JUF-12 ฝาค.ส.ล. (ไม่เปลี่ยนฝา - เปลี่ยนเฟรม) ระดับ +0.05 ม.","1. งานวางท่อร้อยสายสื่อสารใต้ดิน หุ้มคอนกรีตเสริมเหล็ก (ค.ส.ล.) งานยกระดับคอบ่อพักย่อย (PB) JUF-12 ฝาค.ส.ล. (ไม่เปลี่ยนฝา - เปลี่ยนเฟรม) | ระดับ +0.05 ม.","1. งานวางท่อร้อยสายสื่อสารใต้ดิน หุ้มคอนกรีตเสริมเหล็ก (ค.ส.ล.) งานยกระดับคอบ่อพักย่อย (PB) JUF-12 ฝาค.ส.ล. (ไม่เปลี่ยนฝา - เปลี่ยนเฟรม) | ระดับ +0.05 ม.","บ่อ","บ่อ","บ่อ","บ่อ","บ่อ","บ่อ","8027","5741","13768","8027","5741","13768","8027","5741","13768","equal","equal","equal","order_constrained_name_unit_source_ordinal","high","0.715789","true","true","matched","false","repeated_page_header_description_overlay"
"prod:0565e9dd-c717-42e7-9eff-13789248be47","stable_uuid","0565e9dd-c717-42e7-9eff-13789248be47","ITEM-0392","LVU-PB0-061","LVU-PB0-061","true","true","true","393","true","false","true","487","486","634","true","19","1","8","p19:t1:r8:display-61","c7de5a64ffba5f120c6bd17163edcf18573ba61fd3e4cc35ea1c862c540f826b","งานยกระดับคอบ่อพักย่อย (PB) JUF-12 ฝาเหล็ก (ไม่เปลี่ยนฝา - ไม่เปลี่ยนเฟรม) ระดับ +0.05 ม.","งานยกระดับคอบ่อพักย่อย (PB) JUF-12 ฝาเหล็ก (ไม่เปลี่ยนฝา - ไม่เปลี่ยนเฟรม) ระดับ +0.05 ม.","งานยกระดับคอบ่อพักย่อย (PB) JUF-12 ฝาเหล็ก (ไม่เปลี่ยนฝา - ไม่เปลี่ยนเฟรม) ระดับ +0.05 ม.","งานยกระดับคอบ่อพักย่อย (PB) JUF-12 ฝาเหล็ก (ไม่เปลี่ยนฝา - ไม่เปลี่ยนเฟรม) ระดับ +0.05 ม.","งานยกระดับคอบ่อพักย่อย (PB) JUF-12 ฝาเหล็ก (ไม่เปลี่ยนฝา - ไม่เปลี่ยนเฟรม) | ระดับ +0.05 ม.","งานยกระดับคอบ่อพักย่อย (PB) JUF-12 ฝาเหล็ก (ไม่เปลี่ยนฝา - ไม่เปลี่ยนเฟรม) | ระดับ +0.05 ม.","บ่อ","บ่อ","บ่อ","บ่อ","บ่อ","บ่อ","1627","10689","12316","1627","10689","12316","1627","10689","12316","equal","equal","equal","order_constrained_name_unit_source_ordinal","high","1","true","true","matched","false",""
"prod:6bd8ffb9-9873-4180-9d2e-13fa163633e1","stable_uuid","6bd8ffb9-9873-4180-9d2e-13fa163633e1","ITEM-0393","LVU-PB0-066","LVU-PB0-066","true","true","true","394","true","false","true","492","491","639","true","19","1","13","p19:t1:r13:display-66","fc4f5fef3aef5cbaf9473d732c2d6faebec09826978bc6126ed90ebbb5aa0df4","งานยกระดับคอบ่อพักย่อย (PB) JUF-12 ฝาเหล็ก (เปลี่ยนฝา - เปลี่ยนเฟรม) ระดับ +0.05 ม.","งานยกระดับคอบ่อพักย่อย (PB) JUF-12 ฝาเหล็ก (เปลี่ยนฝา - เปลี่ยนเฟรม) ระดับ +0.05 ม.","งานยกระดับคอบ่อพักย่อย (PB) JUF-12 ฝาเหล็ก (เปลี่ยนฝา - เปลี่ยนเฟรม) ระดับ +0.05 ม.","งานยกระดับคอบ่อพักย่อย (PB) JUF-12 ฝาเหล็ก (เปลี่ยนฝา - เปลี่ยนเฟรม) ระดับ +0.05 ม.","งานยกระดับคอบ่อพักย่อย (PB) JUF-12 ฝาเหล็ก (เปลี่ยนฝา - เปลี่ยนเฟรม) | ระดับ +0.05 ม.","งานยกระดับคอบ่อพักย่อย (PB) JUF-12 ฝาเหล็ก (เปลี่ยนฝา - เปลี่ยนเฟรม) | ระดับ +0.05 ม.","บ่อ","บ่อ","บ่อ","บ่อ","บ่อ","บ่อ","33227","10689","43916","33227","10689","43916","33227","10689","43916","equal","equal","equal","order_constrained_name_unit_source_ordinal","high","1","true","true","matched","false",""
"prod:a5b0c3a8-0a5e-452b-922f-b981a41ab75c","stable_uuid","a5b0c3a8-0a5e-452b-922f-b981a41ab75c","ITEM-0394","LVU-PB0-071","LVU-PB0-071","true","true","true","395","true","false","true","497","496","644","true","19","1","18","p19:t1:r18:display-71","333ad3b011666983592c2f64faa3382dbe57af3a1f75360237e59b04a15c924a","งานยกระดับคอบ่อพักย่อย (PB) JUF-12 ฝาเหล็ก (เปลี่ยนฝา - ไม่เปลี่ยนเฟรม) ระดับ +0.05 ม.","งานยกระดับคอบ่อพักย่อย (PB) JUF-12 ฝาเหล็ก (เปลี่ยนฝา - ไม่เปลี่ยนเฟรม) ระดับ +0.05 ม.","งานยกระดับคอบ่อพักย่อย (PB) JUF-12 ฝาเหล็ก (เปลี่ยนฝา - ไม่เปลี่ยนเฟรม) ระดับ +0.05 ม.","งานยกระดับคอบ่อพักย่อย (PB) JUF-12 ฝาเหล็ก (เปลี่ยนฝา - ไม่เปลี่ยนเฟรม) ระดับ +0.05 ม.","งานยกระดับคอบ่อพักย่อย (PB) JUF-12 ฝาเหล็ก (เปลี่ยนฝา - ไม่เปลี่ยนเฟรม) | ระดับ +0.05 ม.","งานยกระดับคอบ่อพักย่อย (PB) JUF-12 ฝาเหล็ก (เปลี่ยนฝา - ไม่เปลี่ยนเฟรม) | ระดับ +0.05 ม.","บ่อ","บ่อ","บ่อ","บ่อ","บ่อ","บ่อ","26827","10689","37516","26827","10689","37516","26827","10689","37516","equal","equal","equal","order_constrained_name_unit_source_ordinal","high","1","true","true","matched","false",""
"prod:58f9e2f3-5684-465a-98b4-d3a8ee8d4d59","stable_uuid","58f9e2f3-5684-465a-98b4-d3a8ee8d4d59","ITEM-0395","LVU-PB0-076","LVU-PB0-076","true","true","true","396","true","false","true","502","501","649","true","19","1","23","p19:t1:r23:display-76","97b74a44ac2a9498d982e48b0d2b7b6f653247f9a80ea789a5b8487cabd96469","งานยกระดับคอบ่อพักย่อย (PB) JUF-12 ฝาเหล็ก (ไม่เปลี่ยนฝา - เปลี่ยนเฟรม) ระดับ +0.05 ม.","งานยกระดับคอบ่อพักย่อย (PB) JUF-12 ฝาเหล็ก (ไม่เปลี่ยนฝา - เปลี่ยนเฟรม) ระดับ +0.05 ม.","งานยกระดับคอบ่อพักย่อย (PB) JUF-12 ฝาเหล็ก (ไม่เปลี่ยนฝา - เปลี่ยนเฟรม) ระดับ +0.05 ม.","งานยกระดับคอบ่อพักย่อย (PB) JUF-12 ฝาเหล็ก (ไม่เปลี่ยนฝา - เปลี่ยนเฟรม) ระดับ +0.05 ม.","งานยกระดับคอบ่อพักย่อย (PB) JUF-12 ฝาเหล็ก (ไม่เปลี่ยนฝา - เปลี่ยนเฟรม) | ระดับ +0.05 ม.","งานยกระดับคอบ่อพักย่อย (PB) JUF-12 ฝาเหล็ก (ไม่เปลี่ยนฝา - เปลี่ยนเฟรม) | ระดับ +0.05 ม.","บ่อ","บ่อ","บ่อ","บ่อ","บ่อ","บ่อ","8027","10689","18716","8027","10689","18716","8027","10689","18716","equal","equal","equal","order_constrained_name_unit_source_ordinal","high","1","true","true","matched","false",""
"prod:3e52133f-3ad1-4abf-880d-b7bef55fd1ce","stable_uuid","3e52133f-3ad1-4abf-880d-b7bef55fd1ce","ITEM-0396","LVU-PB0-081","LVU-PB0-081","true","true","true","397","true","false","true","507","506","654","true","19","1","28","p19:t1:r28:display-81","076b9d5b7f474fe250100f15b214b5b82c454c212aa2a7206098ce26c775adfc","งานยกระดับคอบ่อพักย่อย (PB) JUF-13 ฝาค.ส.ล. (ไม่เปลี่ยนฝา - ไม่เปลี่ยนเฟรม) ระดับ +0.05 ม.","งานยกระดับคอบ่อพักย่อย (PB) JUF-13 ฝาค.ส.ล. (ไม่เปลี่ยนฝา - ไม่เปลี่ยนเฟรม) ระดับ +0.05 ม.","งานยกระดับคอบ่อพักย่อย (PB) JUF-13 ฝาค.ส.ล. (ไม่เปลี่ยนฝา - ไม่เปลี่ยนเฟรม) ระดับ +0.05 ม.","งานยกระดับคอบ่อพักย่อย (PB) JUF-13 ฝาค.ส.ล. (ไม่เปลี่ยนฝา - ไม่เปลี่ยนเฟรม) ระดับ +0.05 ม.","งานยกระดับคอบ่อพักย่อย (PB) JUF-13 ฝาค.ส.ล. (ไม่เปลี่ยนฝา - ไม่เปลี่ยนเฟรม) | ระดับ +0.05 ม.","งานยกระดับคอบ่อพักย่อย (PB) JUF-13 ฝาค.ส.ล. (ไม่เปลี่ยนฝา - ไม่เปลี่ยนเฟรม) | ระดับ +0.05 ม.","บ่อ","บ่อ","บ่อ","บ่อ","บ่อ","บ่อ","1816","7012","8828","1816","7012","8828","1816","7012","8828","equal","equal","equal","order_constrained_name_unit_source_ordinal","high","1","true","true","matched","false",""
"prod:31654ea7-8855-4eb8-8676-ce9caaec6f30","stable_uuid","31654ea7-8855-4eb8-8676-ce9caaec6f30","ITEM-0397","LVU-PB0-086","LVU-PB0-086","true","true","true","398","true","false","true","512","511","659","true","20","1","3","p20:t1:r3:display-86","129f94da038e7547b44704f75e801f46391b636d83f90b99418c6dbb676f1b14","งานยกระดับคอบ่อพักย่อย (PB) JUF-13 ฝาค.ส.ล. (เปลี่ยนฝา - เปลี่ยนเฟรม) ระดับ +0.05 ม.","งานยกระดับคอบ่อพักย่อย (PB) JUF-13 ฝาค.ส.ล. (เปลี่ยนฝา - เปลี่ยนเฟรม) ระดับ +0.05 ม.","งานยกระดับคอบ่อพักย่อย (PB) JUF-13 ฝาค.ส.ล. (เปลี่ยนฝา - เปลี่ยนเฟรม) ระดับ +0.05 ม.","งานยกระดับคอบ่อพักย่อย (PB) JUF-13 ฝาค.ส.ล. (เปลี่ยนฝา - เปลี่ยนเฟรม) ระดับ +0.05 ม.","1. งานวางท่อร้อยสายสื่อสารใต้ดิน หุ้มคอนกรีตเสริมเหล็ก (ค.ส.ล.) งานยกระดับคอบ่อพักย่อย (PB) JUF-13 ฝาค.ส.ล. (เปลี่ยนฝา - เปลี่ยนเฟรม) | ระดับ +0.05 ม.","1. งานวางท่อร้อยสายสื่อสารใต้ดิน หุ้มคอนกรีตเสริมเหล็ก (ค.ส.ล.) งานยกระดับคอบ่อพักย่อย (PB) JUF-13 ฝาค.ส.ล. (เปลี่ยนฝา - เปลี่ยนเฟรม) | ระดับ +0.05 ม.","บ่อ","บ่อ","บ่อ","บ่อ","บ่อ","บ่อ","16271","7012","23283","16271","7012","23283","16271","7012","23283","equal","equal","equal","order_constrained_name_unit_source_ordinal","high","0.706522","true","true","matched","false","repeated_page_header_description_overlay"
"prod:ddf65611-a0cd-49a2-9972-f7744d177fbd","stable_uuid","ddf65611-a0cd-49a2-9972-f7744d177fbd","ITEM-0398","LVU-PB0-091","LVU-PB0-091","true","true","true","399","true","false","true","517","516","664","true","20","1","8","p20:t1:r8:display-91","b3c0b7378294b7975e827ca96bded9b32df7bb5daf19824b3968c6323c5d722e","งานยกระดับคอบ่อพักย่อย (PB) JUF-13 ฝาค.ส.ล. (เปลี่ยนฝา - ไม่เปลี่ยนเฟรม) ระดับ +0.05 ม.","งานยกระดับคอบ่อพักย่อย (PB) JUF-13 ฝาค.ส.ล. (เปลี่ยนฝา - ไม่เปลี่ยนเฟรม) ระดับ +0.05 ม.","งานยกระดับคอบ่อพักย่อย (PB) JUF-13 ฝาค.ส.ล. (เปลี่ยนฝา - ไม่เปลี่ยนเฟรม) ระดับ +0.05 ม.","งานยกระดับคอบ่อพักย่อย (PB) JUF-13 ฝาค.ส.ล. (เปลี่ยนฝา - ไม่เปลี่ยนเฟรม) ระดับ +0.05 ม.","งานยกระดับคอบ่อพักย่อย (PB) JUF-13 ฝาค.ส.ล. (เปลี่ยนฝา - ไม่เปลี่ยนเฟรม) | ระดับ +0.05 ม.","งานยกระดับคอบ่อพักย่อย (PB) JUF-13 ฝาค.ส.ล. (เปลี่ยนฝา - ไม่เปลี่ยนเฟรม) | ระดับ +0.05 ม.","บ่อ","บ่อ","บ่อ","บ่อ","บ่อ","บ่อ","8271","7012","15283","8271","7012","15283","8271","7012","15283","equal","equal","equal","order_constrained_name_unit_source_ordinal","high","1","true","true","matched","false",""
"prod:7925d2dc-9308-4310-888f-52f6c9bf0ca1","stable_uuid","7925d2dc-9308-4310-888f-52f6c9bf0ca1","ITEM-0399","LVU-PB0-096","LVU-PB0-096","true","true","true","400","true","false","true","522","521","669","true","20","1","13","p20:t1:r13:display-96","dd3605e7737f1c8867f54f38341b4b82d58f21fc0dc877d0a0a6b2a67aeeb249","งานยกระดับคอบ่อพักย่อย (PB) JUF-13 ฝาค.ส.ล. (ไม่เปลี่ยนฝา - เปลี่ยนเฟรม) ระดับ +0.05 ม.","งานยกระดับคอบ่อพักย่อย (PB) JUF-13 ฝาค.ส.ล. (ไม่เปลี่ยนฝา - เปลี่ยนเฟรม) ระดับ +0.05 ม.","งานยกระดับคอบ่อพักย่อย (PB) JUF-13 ฝาค.ส.ล. (ไม่เปลี่ยนฝา - เปลี่ยนเฟรม) ระดับ +0.05 ม.","งานยกระดับคอบ่อพักย่อย (PB) JUF-13 ฝาค.ส.ล. (ไม่เปลี่ยนฝา - เปลี่ยนเฟรม) ระดับ +0.05 ม.","งานยกระดับคอบ่อพักย่อย (PB) JUF-13 ฝาค.ส.ล. (ไม่เปลี่ยนฝา - เปลี่ยนเฟรม) | ระดับ +0.05 ม.","งานยกระดับคอบ่อพักย่อย (PB) JUF-13 ฝาค.ส.ล. (ไม่เปลี่ยนฝา - เปลี่ยนเฟรม) | ระดับ +0.05 ม.","บ่อ","บ่อ","บ่อ","บ่อ","บ่อ","บ่อ","9816","7012","16828","9816","7012","16828","9816","7012","16828","equal","equal","equal","order_constrained_name_unit_source_ordinal","high","1","true","true","matched","false",""
"prod:c484bc1e-0ccd-4095-a930-603671415faf","stable_uuid","c484bc1e-0ccd-4095-a930-603671415faf","ITEM-0400","LVU-PB0-101","LVU-PB0-101","true","true","true","401","true","false","true","527","526","674","true","20","1","18","p20:t1:r18:display-101","ee87cfeb18ea878509380452acd9fbc20c603d318bb419d7359bc79c22c05eb6","งานยกระดับคอบ่อพักย่อย (PB) JUF-13 ฝาเหล็ก (ไม่เปลี่ยนฝา - ไม่เปลี่ยนเฟรม) ระดับ +0.05 ม.","งานยกระดับคอบ่อพักย่อย (PB) JUF-13 ฝาเหล็ก (ไม่เปลี่ยนฝา - ไม่เปลี่ยนเฟรม) ระดับ +0.05 ม.","งานยกระดับคอบ่อพักย่อย (PB) JUF-13 ฝาเหล็ก (ไม่เปลี่ยนฝา - ไม่เปลี่ยนเฟรม) ระดับ +0.05 ม.","งานยกระดับคอบ่อพักย่อย (PB) JUF-13 ฝาเหล็ก (ไม่เปลี่ยนฝา - ไม่เปลี่ยนเฟรม) ระดับ +0.05 ม.","งานยกระดับคอบ่อพักย่อย (PB) JUF-13 ฝาเหล็ก (ไม่เปลี่ยนฝา - ไม่เปลี่ยนเฟรม) | ระดับ +0.05 ม.","งานยกระดับคอบ่อพักย่อย (PB) JUF-13 ฝาเหล็ก (ไม่เปลี่ยนฝา - ไม่เปลี่ยนเฟรม) | ระดับ +0.05 ม.","บ่อ","บ่อ","บ่อ","บ่อ","บ่อ","บ่อ","1816","13197","15013","1816","13197","15013","1816","13197","15013","equal","equal","equal","order_constrained_name_unit_source_ordinal","high","1","true","true","matched","false",""
"prod:14d53666-07a8-4c8d-80d4-8b34b5a3d3df","stable_uuid","14d53666-07a8-4c8d-80d4-8b34b5a3d3df","ITEM-0401","LVU-PB0-106","LVU-PB0-106","true","true","true","402","true","false","true","532","531","679","true","20","1","23","p20:t1:r23:display-106","947b0f15d43a4fdcf1e055e9088155b969dd3291f5dd22117f21e55d585ac718","งานยกระดับคอบ่อพักย่อย (PB) JUF-13 ฝาเหล็ก (เปลี่ยนฝา - เปลี่ยนเฟรม) ระดับ +0.05 ม.","งานยกระดับคอบ่อพักย่อย (PB) JUF-13 ฝาเหล็ก (เปลี่ยนฝา - เปลี่ยนเฟรม) ระดับ +0.05 ม.","งานยกระดับคอบ่อพักย่อย (PB) JUF-13 ฝาเหล็ก (เปลี่ยนฝา - เปลี่ยนเฟรม) ระดับ +0.05 ม.","งานยกระดับคอบ่อพักย่อย (PB) JUF-13 ฝาเหล็ก (เปลี่ยนฝา - เปลี่ยนเฟรม) ระดับ +0.05 ม.","งานยกระดับคอบ่อพักย่อย (PB) JUF-13 ฝาเหล็ก (เปลี่ยนฝา - เปลี่ยนเฟรม) | ระดับ +0.05 ม.","งานยกระดับคอบ่อพักย่อย (PB) JUF-13 ฝาเหล็ก (เปลี่ยนฝา - เปลี่ยนเฟรม) | ระดับ +0.05 ม.","บ่อ","บ่อ","บ่อ","บ่อ","บ่อ","บ่อ","33383","10821","44204","33383","10821","44204","33383","10821","44204","equal","equal","equal","order_constrained_name_unit_source_ordinal","high","1","true","true","matched","false",""
"prod:79ab0d3d-8cee-4e3e-9108-5496dd434379","stable_uuid","79ab0d3d-8cee-4e3e-9108-5496dd434379","ITEM-0402","LVU-PB0-111","LVU-PB0-111","true","true","true","403","true","false","true","537","536","684","true","20","1","28","p20:t1:r28:display-111","b9c958d592de6b63730ee1a7468ce5713662928b18943e1ee45d2fb2cf8f21fc","งานยกระดับคอบ่อพักย่อย (PB) JUF-13 ฝาเหล็ก (เปลี่ยนฝา - ไม่เปลี่ยนเฟรม) ระดับ +0.05 ม.","งานยกระดับคอบ่อพักย่อย (PB) JUF-13 ฝาเหล็ก (เปลี่ยนฝา - ไม่เปลี่ยนเฟรม) ระดับ +0.05 ม.","งานยกระดับคอบ่อพักย่อย (PB) JUF-13 ฝาเหล็ก (เปลี่ยนฝา - ไม่เปลี่ยนเฟรม) ระดับ +0.05 ม.","งานยกระดับคอบ่อพักย่อย (PB) JUF-13 ฝาเหล็ก (เปลี่ยนฝา - ไม่เปลี่ยนเฟรม) ระดับ +0.05 ม.","งานยกระดับคอบ่อพักย่อย (PB) JUF-13 ฝาเหล็ก (เปลี่ยนฝา - ไม่เปลี่ยนเฟรม) | ระดับ +0.05 ม.","งานยกระดับคอบ่อพักย่อย (PB) JUF-13 ฝาเหล็ก (เปลี่ยนฝา - ไม่เปลี่ยนเฟรม) | ระดับ +0.05 ม.","บ่อ","บ่อ","บ่อ","บ่อ","บ่อ","บ่อ","33316","13197","46513","33316","13197","46513","33316","13197","46513","equal","equal","equal","order_constrained_name_unit_source_ordinal","high","1","true","true","matched","false",""
"prod:0f4f4be0-06c0-4d74-b02d-324753a06e8e","stable_uuid","0f4f4be0-06c0-4d74-b02d-324753a06e8e","ITEM-0403","LVU-PB0-116","LVU-PB0-116","true","true","true","404","true","false","true","542","541","689","true","21","1","3","p21:t1:r3:display-116","cbbef86799db34b99194700e149378a0d4b1bb13b0d3de9c4cd73c6cbca7f124","งานยกระดับคอบ่อพักย่อย (PB) JUF-13 ฝาเหล็ก (ไม่เปลี่ยนฝา - เปลี่ยนเฟรม) ระดับ +0.05 ม.","งานยกระดับคอบ่อพักย่อย (PB) JUF-13 ฝาเหล็ก (ไม่เปลี่ยนฝา - เปลี่ยนเฟรม) ระดับ +0.05 ม.","งานยกระดับคอบ่อพักย่อย (PB) JUF-13 ฝาเหล็ก (ไม่เปลี่ยนฝา - เปลี่ยนเฟรม) ระดับ +0.05 ม.","งานยกระดับคอบ่อพักย่อย (PB) JUF-13 ฝาเหล็ก (ไม่เปลี่ยนฝา - เปลี่ยนเฟรม) ระดับ +0.05 ม.","1. งานวางท่อร้อยสายสื่อสารใต้ดิน หุ้มคอนกรีตเสริมเหล็ก (ค.ส.ล.) งานยกระดับคอบ่อพักย่อย (PB) JUF-13 ฝาเหล็ก (ไม่เปลี่ยนฝา - เปลี่ยนเฟรม) | ระดับ +0.05 ม.","1. งานวางท่อร้อยสายสื่อสารใต้ดิน หุ้มคอนกรีตเสริมเหล็ก (ค.ส.ล.) งานยกระดับคอบ่อพักย่อย (PB) JUF-13 ฝาเหล็ก (ไม่เปลี่ยนฝา - เปลี่ยนเฟรม) | ระดับ +0.05 ม.","บ่อ","บ่อ","บ่อ","บ่อ","บ่อ","บ่อ","9816","13197","23013","9816","13197","23013","9816","13197","23013","equal","equal","equal","order_constrained_name_unit_source_ordinal","high","0.721649","true","true","matched","false","repeated_page_header_description_overlay"
"prod:f8e7631d-2498-4c10-abc8-ecb673c79f22","stable_uuid","f8e7631d-2498-4c10-abc8-ecb673c79f22","ITEM-0404","LVU-MH0-001","LVU-MH0-001","true","true","true","405","true","false","true","547","546","696","true","21","1","10","p21:t1:r10:display-1","bc0222af4181e5298163e1eed4351988ebcfd4f2e97ee9aa0fb5ae6fab5de05d","งานยกระดับคอบ่อพัก (MH) A-1 (ไม่เปลี่ยนฝา - ไม่เปลี่ยนเฟรม) 1 ฝา ระดับ +0.05 ม.","งานยกระดับคอบ่อพัก (MH) A-1 (ไม่เปลี่ยนฝา - ไม่เปลี่ยนเฟรม) 1 ฝา ระดับ +0.05 ม.","งานยกระดับคอบ่อพัก (MH) A-1 (ไม่เปลี่ยนฝา - ไม่เปลี่ยนเฟรม) 1 ฝา ระดับ +0.05 ม.","งานยกระดับคอบ่อพัก (MH) A-1 (ไม่เปลี่ยนฝา - ไม่เปลี่ยนเฟรม) 1 ฝา ระดับ +0.05 ม.","งานยกระดับคอบ่อพัก (MH) A-1 (ไม่เปลี่ยนฝา - ไม่เปลี่ยนเฟรม) 1 ฝา | ระดับ +0.05 ม.","งานยกระดับคอบ่อพัก (MH) A-1 (ไม่เปลี่ยนฝา - ไม่เปลี่ยนเฟรม) 1 ฝา | ระดับ +0.05 ม.","บ่อ","บ่อ","บ่อ","บ่อ","บ่อ","บ่อ","2298","7130","9428","2298","7130","9428","2298","7130","9428","equal","equal","equal","order_constrained_name_unit_source_ordinal","high","1","true","true","matched","false",""
"prod:59ccd09a-e25b-44b7-92f5-3bef24532769","stable_uuid","59ccd09a-e25b-44b7-92f5-3bef24532769","ITEM-0405","LVU-MH0-008","LVU-MH0-008","true","true","true","406","true","false","true","554","553","703","true","21","1","17","p21:t1:r17:display-8","9c662c8abccc5ac7a087fa807c5aa94213d75134f1c9664472ff266c6b7221e5","งานยกระดับคอบ่อพัก (MH) A-1 (เปลี่ยนฝา - เปลี่ยนเฟรม) 1 ฝา ระดับ +0.05 ม.","งานยกระดับคอบ่อพัก (MH) A-1 (เปลี่ยนฝา - เปลี่ยนเฟรม) 1 ฝา ระดับ +0.05 ม.","งานยกระดับคอบ่อพัก (MH) A-1 (เปลี่ยนฝา - เปลี่ยนเฟรม) 1 ฝา ระดับ +0.05 ม.","งานยกระดับคอบ่อพัก (MH) A-1 (เปลี่ยนฝา - เปลี่ยนเฟรม) 1 ฝา ระดับ +0.05 ม.","งานยกระดับคอบ่อพัก (MH) A-1 (เปลี่ยนฝา - เปลี่ยนเฟรม) 1 ฝา | ระดับ +0.05 ม.","งานยกระดับคอบ่อพัก (MH) A-1 (เปลี่ยนฝา - เปลี่ยนเฟรม) 1 ฝา | ระดับ +0.05 ม.","บ่อ","บ่อ","บ่อ","บ่อ","บ่อ","บ่อ","23798","7130","30928","23798","7130","30928","23798","7130","30928","equal","equal","equal","order_constrained_name_unit_source_ordinal","high","1","true","true","matched","false",""
"prod:2bf7fc44-65f2-4015-8986-54f75fa9a6ae","stable_uuid","2bf7fc44-65f2-4015-8986-54f75fa9a6ae","ITEM-0406","LVU-MH0-015","LVU-MH0-015","true","true","true","407","true","false","true","561","560","710","true","21","1","24","p21:t1:r24:display-15","7a0378747331d8018b4731cefdcc0de9f61e8c0b8292b9208379dbff43bde748","งานยกระดับคอบ่อพัก (MH) A-1 (ไม่เปลี่ยนฝา - เปลี่ยนเฟรม) 1 ฝา ระดับ +0.05 ม.","งานยกระดับคอบ่อพัก (MH) A-1 (ไม่เปลี่ยนฝา - เปลี่ยนเฟรม) 1 ฝา ระดับ +0.05 ม.","งานยกระดับคอบ่อพัก (MH) A-1 (ไม่เปลี่ยนฝา - เปลี่ยนเฟรม) 1 ฝา ระดับ +0.05 ม.","งานยกระดับคอบ่อพัก (MH) A-1 (ไม่เปลี่ยนฝา - เปลี่ยนเฟรม) 1 ฝา ระดับ +0.05 ม.","งานยกระดับคอบ่อพัก (MH) A-1 (ไม่เปลี่ยนฝา - เปลี่ยนเฟรม) 1 ฝา | ระดับ +0.05 ม.","งานยกระดับคอบ่อพัก (MH) A-1 (ไม่เปลี่ยนฝา - เปลี่ยนเฟรม) 1 ฝา | ระดับ +0.05 ม.","บ่อ","บ่อ","บ่อ","บ่อ","บ่อ","บ่อ","16998","7130","24128","16998","7130","24128","16998","7130","24128","equal","equal","equal","order_constrained_name_unit_source_ordinal","high","1","true","true","matched","false",""
"prod:c2b0b4ec-c002-42c5-933a-e3b15269605a","stable_uuid","c2b0b4ec-c002-42c5-933a-e3b15269605a","ITEM-0407","LVU-MH0-022","LVU-MH0-022","true","true","true","408","true","false","true","568","567","717","true","22","1","3","p22:t1:r3:display-22","6ac43b7dfc86f9c22aab3d15ec6f9a28f32074b80de0d92d4013f40b8c6440fd","งานยกระดับคอบ่อพัก (MH) A-1 (เปลี่ยนฝา - ไม่เปลี่ยนเฟรม) 1 ฝา ระดับ +0.05 ม.","งานยกระดับคอบ่อพัก (MH) A-1 (เปลี่ยนฝา - ไม่เปลี่ยนเฟรม) 1 ฝา ระดับ +0.05 ม.","งานยกระดับคอบ่อพัก (MH) A-1 (เปลี่ยนฝา - ไม่เปลี่ยนเฟรม) 1 ฝา ระดับ +0.05 ม.","งานยกระดับคอบ่อพัก (MH) A-1 (เปลี่ยนฝา - ไม่เปลี่ยนเฟรม) 1 ฝา ระดับ +0.05 ม.","1. งานวางท่อร้อยสายสื่อสารใต้ดิน หุ้มคอนกรีตเสริมเหล็ก (ค.ส.ล.) งานยกระดับคอบ่อพัก (MH) A-1 (เปลี่ยนฝา - ไม่เปลี่ยนเฟรม) 1 ฝา | ระดับ +0.05 ม.","1. งานวางท่อร้อยสายสื่อสารใต้ดิน หุ้มคอนกรีตเสริมเหล็ก (ค.ส.ล.) งานยกระดับคอบ่อพัก (MH) A-1 (เปลี่ยนฝา - ไม่เปลี่ยนเฟรม) 1 ฝา | ระดับ +0.05 ม.","บ่อ","บ่อ","บ่อ","บ่อ","บ่อ","บ่อ","9098","7130","16228","9098","7130","16228","9098","7130","16228","equal","equal","equal","order_constrained_name_unit_source_ordinal","high","0.686047","true","true","matched","false","repeated_page_header_description_overlay"
"prod:29387d89-8859-4e18-8491-5652de990151","stable_uuid","29387d89-8859-4e18-8491-5652de990151","ITEM-0408","LVU-MH0-029","LVU-MH0-029","true","true","true","409","true","false","true","575","574","724","true","22","1","10","p22:t1:r10:display-29","16433d8f0006e235843d77d9af21820753f0684851be503b576f7012876d53ff","งานยกระดับคอบ่อพัก (MH) A-3 (ไม่เปลี่ยนฝา - ไม่เปลี่ยนเฟรม) 2 ฝา ระดับ +0.05 ม.","งานยกระดับคอบ่อพัก (MH) A-3 (ไม่เปลี่ยนฝา - ไม่เปลี่ยนเฟรม) 2 ฝา ระดับ +0.05 ม.","งานยกระดับคอบ่อพัก (MH) A-3 (ไม่เปลี่ยนฝา - ไม่เปลี่ยนเฟรม) 2 ฝา ระดับ +0.05 ม.","งานยกระดับคอบ่อพัก (MH) A-3 (ไม่เปลี่ยนฝา - ไม่เปลี่ยนเฟรม) 2 ฝา ระดับ +0.05 ม.","งานยกระดับคอบ่อพัก (MH) A-3 (ไม่เปลี่ยนฝา - ไม่เปลี่ยนเฟรม) 2 ฝา | ระดับ +0.05 ม.","งานยกระดับคอบ่อพัก (MH) A-3 (ไม่เปลี่ยนฝา - ไม่เปลี่ยนเฟรม) 2 ฝา | ระดับ +0.05 ม.","บ่อ","บ่อ","บ่อ","บ่อ","บ่อ","บ่อ","3995","13857","17852","3995","13857","17852","3995","13857","17852","equal","equal","equal","order_constrained_name_unit_source_ordinal","high","1","true","true","matched","false",""
"prod:9f6f0bae-6677-4d1c-a2c8-0833c635f530","stable_uuid","9f6f0bae-6677-4d1c-a2c8-0833c635f530","ITEM-0409","LVU-MH0-036","LVU-MH0-036","true","true","true","410","true","false","true","582","581","731","true","22","1","17","p22:t1:r17:display-36","09f0ebea42687cfc36c3924c1bb8f7abc898b686cf2edcc9d6f1b0b8556c9d24","งานยกระดับคอบ่อพัก (MH) A-3 (เปลี่ยนฝา - เปลี่ยนเฟรม) 2 ฝา ระดับ +0.05 ม.","งานยกระดับคอบ่อพัก (MH) A-3 (เปลี่ยนฝา - เปลี่ยนเฟรม) 2 ฝา ระดับ +0.05 ม.","งานยกระดับคอบ่อพัก (MH) A-3 (เปลี่ยนฝา - เปลี่ยนเฟรม) 2 ฝา ระดับ +0.05 ม.","งานยกระดับคอบ่อพัก (MH) A-3 (เปลี่ยนฝา - เปลี่ยนเฟรม) 2 ฝา ระดับ +0.05 ม.","งานยกระดับคอบ่อพัก (MH) A-3 (เปลี่ยนฝา - เปลี่ยนเฟรม) 2 ฝา | ระดับ +0.05 ม.","งานยกระดับคอบ่อพัก (MH) A-3 (เปลี่ยนฝา - เปลี่ยนเฟรม) 2 ฝา | ระดับ +0.05 ม.","บ่อ","บ่อ","บ่อ","บ่อ","บ่อ","บ่อ","46995","13857","60852","46995","13857","60852","46995","13857","60852","equal","equal","equal","order_constrained_name_unit_source_ordinal","high","1","true","true","matched","false",""
"prod:edc2c18e-364d-4772-b4b8-4da8fa5f9a3f","stable_uuid","edc2c18e-364d-4772-b4b8-4da8fa5f9a3f","ITEM-0410","LVU-MH0-043","LVU-MH0-043","true","true","true","411","true","false","true","589","588","738","true","22","1","24","p22:t1:r24:display-43","048843722d3588ccfaa3780106e92b67cd489feecbdb6f2f8ee459b2f83785ce","งานยกระดับคอบ่อพัก (MH) A-3 (เปลี่ยนฝา - ไม่เปลี่ยนเฟรม) 2 ฝา ระดับ +0.05 ม.","งานยกระดับคอบ่อพัก (MH) A-3 (เปลี่ยนฝา - ไม่เปลี่ยนเฟรม) 2 ฝา ระดับ +0.05 ม.","งานยกระดับคอบ่อพัก (MH) A-3 (เปลี่ยนฝา - ไม่เปลี่ยนเฟรม) 2 ฝา ระดับ +0.05 ม.","งานยกระดับคอบ่อพัก (MH) A-3 (เปลี่ยนฝา - ไม่เปลี่ยนเฟรม) 2 ฝา ระดับ +0.05 ม.","งานยกระดับคอบ่อพัก (MH) A-3 (เปลี่ยนฝา - ไม่เปลี่ยนเฟรม) 2 ฝา | ระดับ +0.05 ม.","งานยกระดับคอบ่อพัก (MH) A-3 (เปลี่ยนฝา - ไม่เปลี่ยนเฟรม) 2 ฝา | ระดับ +0.05 ม.","บ่อ","บ่อ","บ่อ","บ่อ","บ่อ","บ่อ","17595","13857","31452","17595","13857","31452","17595","13857","31452","equal","equal","equal","order_constrained_name_unit_source_ordinal","high","1","true","true","matched","false",""
"prod:6bc46c37-25fa-4af4-9b0a-5e74ed16e38d","stable_uuid","6bc46c37-25fa-4af4-9b0a-5e74ed16e38d","ITEM-0411","LVU-MH0-050","LVU-MH0-050","true","true","true","412","true","false","true","596","595","745","true","23","1","3","p23:t1:r3:display-50","3d0b09a2c0a6f0ac6a12d4060068ca5cca9c63bfcc5b899f38bd6181540ca085","งานยกระดับคอบ่อพัก (MH) A-3 (ไม่เปลี่ยนฝา - เปลี่ยนเฟรม) 2 ฝา ระดับ +0.05 ม.","งานยกระดับคอบ่อพัก (MH) A-3 (ไม่เปลี่ยนฝา - เปลี่ยนเฟรม) 2 ฝา ระดับ +0.05 ม.","งานยกระดับคอบ่อพัก (MH) A-3 (ไม่เปลี่ยนฝา - เปลี่ยนเฟรม) 2 ฝา ระดับ +0.05 ม.","งานยกระดับคอบ่อพัก (MH) A-3 (ไม่เปลี่ยนฝา - เปลี่ยนเฟรม) 2 ฝา ระดับ +0.05 ม.","1. งานวางท่อร้อยสายสื่อสารใต้ดิน หุ้มคอนกรีตเสริมเหล็ก (ค.ส.ล.) งานยกระดับคอบ่อพัก (MH) A-3 (ไม่เปลี่ยนฝา - เปลี่ยนเฟรม) 2 ฝา | ระดับ +0.05 ม.","1. งานวางท่อร้อยสายสื่อสารใต้ดิน หุ้มคอนกรีตเสริมเหล็ก (ค.ส.ล.) งานยกระดับคอบ่อพัก (MH) A-3 (ไม่เปลี่ยนฝา - เปลี่ยนเฟรม) 2 ฝา | ระดับ +0.05 ม.","บ่อ","บ่อ","บ่อ","บ่อ","บ่อ","บ่อ","33395","13857","47252","33395","13857","47252","33395","13857","47252","equal","equal","equal","order_constrained_name_unit_source_ordinal","high","0.686047","true","true","matched","false","repeated_page_header_description_overlay"
"prod:be025bdf-3f7b-49b1-a567-10dd3735b639","stable_uuid","be025bdf-3f7b-49b1-a567-10dd3735b639","ITEM-0412","LVD-MH0-001","LVD-MH0-001","true","true","true","413","true","false","true","603","602","755","true","23","1","13","p23:t1:r13:display-1","f03301fa0a4e27142ee25a779c2baafe87393865250d24d730fcf5c50bd71f2a","งานลดระดับคอบ่อพัก (MH (ไม่เปลี่ยนเฟรม - ไม่เปลี่ยนฝาเหล็ก) 1 ฝา","งานลดระดับคอบ่อพัก (MH (ไม่เปลี่ยนเฟรม - ไม่เปลี่ยนฝาเหล็ก) 1 ฝา","งานลดระดับคอบ่อพัก (MH (ไม่เปลี่ยนเฟรม - ไม่เปลี่ยนฝาเหล็ก) 1 ฝา","งานลดระดับคอบ่อพัก (MH (ไม่เปลี่ยนเฟรม - ไม่เปลี่ยนฝาเหล็ก) 1 ฝา","งานลดระดับคอบ่อพัก (MH (ไม่เปลี่ยนเฟรม - ไม่เปลี่ยนฝาเหล็ก) 1 ฝา","งานลดระดับคอบ่อพัก (MH (ไม่เปลี่ยนเฟรม - ไม่เปลี่ยนฝาเหล็ก) 1 ฝา","บ่อ","บ่อ","บ่อ","บ่อ","บ่อ","บ่อ","5500","9650","15150","5500","9650","15150","5500","9650","15150","equal","equal","equal","order_constrained_name_unit_source_ordinal","high","1","true","true","matched","false",""
"prod:17600bec-8679-4935-9851-1d58b354f376","stable_uuid","17600bec-8679-4935-9851-1d58b354f376","ITEM-0413","LVD-MH0-002","LVD-MH0-002","true","true","true","414","true","false","true","604","603","756","true","23","1","14","p23:t1:r14:display-2","b9914a38dcc0364c3bc2fe3cf63699ce5a5605703ef3810898bbd1b4a9f5860d","งานลดระดับคอบ่อพัก (MH) (เปลี่ยนเฟรม - เปลี่ยนฝาเหล็ก) 1 ฝา","งานลดระดับคอบ่อพัก (MH) (เปลี่ยนเฟรม - เปลี่ยนฝาเหล็ก) 1 ฝา","งานลดระดับคอบ่อพัก (MH) (เปลี่ยนเฟรม - เปลี่ยนฝาเหล็ก) 1 ฝา","งานลดระดับคอบ่อพัก (MH) (เปลี่ยนเฟรม - เปลี่ยนฝาเหล็ก) 1 ฝา","งานลดระดับคอบ่อพัก (MH) (เปลี่ยนเฟรม - เปลี่ยนฝาเหล็ก) 1 ฝา","งานลดระดับคอบ่อพัก (MH) (เปลี่ยนเฟรม - เปลี่ยนฝาเหล็ก) 1 ฝา","บ่อ","บ่อ","บ่อ","บ่อ","บ่อ","บ่อ","27000","9650","36650","27000","9650","36650","27000","9650","36650","equal","equal","equal","order_constrained_name_unit_source_ordinal","high","1","true","true","matched","false",""
"prod:ffbcafbd-371d-4376-9320-9992808ad731","stable_uuid","ffbcafbd-371d-4376-9320-9992808ad731","ITEM-0414","LVD-MH0-003","LVD-MH0-003","true","true","true","415","true","false","true","605","604","757","true","23","1","15","p23:t1:r15:display-3","93c15e47cfa0068448df7becebe3fafecb5d7fca73ca230a947b797680e975ed","งานลดระดับคอบ่อพัก (MH) (ไม่เปลี่ยนเฟรม - เปลี่ยนฝาเหล็ก) 1 ฝา","งานลดระดับคอบ่อพัก (MH) (ไม่เปลี่ยนเฟรม - เปลี่ยนฝาเหล็ก) 1 ฝา","งานลดระดับคอบ่อพัก (MH) (ไม่เปลี่ยนเฟรม - เปลี่ยนฝาเหล็ก) 1 ฝา","งานลดระดับคอบ่อพัก (MH) (ไม่เปลี่ยนเฟรม - เปลี่ยนฝาเหล็ก) 1 ฝา","งานลดระดับคอบ่อพัก (MH) (ไม่เปลี่ยนเฟรม - เปลี่ยนฝาเหล็ก) 1 ฝา","งานลดระดับคอบ่อพัก (MH) (ไม่เปลี่ยนเฟรม - เปลี่ยนฝาเหล็ก) 1 ฝา","บ่อ","บ่อ","บ่อ","บ่อ","บ่อ","บ่อ","12300","9650","21950","12300","9650","21950","12300","9650","21950","equal","equal","equal","order_constrained_name_unit_source_ordinal","high","1","true","true","matched","false",""
"prod:0a4f34f3-b788-4f9f-94ce-dbfc18cb7011","stable_uuid","0a4f34f3-b788-4f9f-94ce-dbfc18cb7011","ITEM-0415","LVD-MH0-004","LVD-MH0-004","true","true","true","416","true","false","true","606","605","758","true","23","1","16","p23:t1:r16:display-4","a47fd406dbb056ea81020a50ba2e1da5e20a63dc60c562713517e4ba33623a5e","งานลดระดับคอบ่อพัก (MH) (เปลี่ยนเฟรม - ไม่เปลี่ยนฝาเหล็ก) 1 ฝา","งานลดระดับคอบ่อพัก (MH) (เปลี่ยนเฟรม - ไม่เปลี่ยนฝาเหล็ก) 1 ฝา","งานลดระดับคอบ่อพัก (MH) (เปลี่ยนเฟรม - ไม่เปลี่ยนฝาเหล็ก) 1 ฝา","งานลดระดับคอบ่อพัก (MH) (เปลี่ยนเฟรม - ไม่เปลี่ยนฝาเหล็ก) 1 ฝา","งานลดระดับคอบ่อพัก (MH) (เปลี่ยนเฟรม - ไม่เปลี่ยนฝาเหล็ก) 1 ฝา","งานลดระดับคอบ่อพัก (MH) (เปลี่ยนเฟรม - ไม่เปลี่ยนฝาเหล็ก) 1 ฝา","บ่อ","บ่อ","บ่อ","บ่อ","บ่อ","บ่อ","20200","9650","29850","20200","9650","29850","20200","9650","29850","equal","equal","equal","order_constrained_name_unit_source_ordinal","high","1","true","true","matched","false",""
"prod:4b651c0a-4e6a-452e-922e-b4e5add6ee0a","stable_uuid","4b651c0a-4e6a-452e-922e-b4e5add6ee0a","ITEM-0416","LVD-MH0-005","LVD-MH0-005","true","true","true","417","true","false","true","607","606","759","true","23","1","17","p23:t1:r17:display-5","7dc85db4d5cca06262326cf53a9703a1ed2426f98de6c56b7a89f2d8f83fb5de","งานลดระดับคอบ่อพัก (MH) (ไม่เปลี่ยนเฟรม - ไม่เปลี่ยนฝาเหล็ก) 2 ฝา","งานลดระดับคอบ่อพัก (MH) (ไม่เปลี่ยนเฟรม - ไม่เปลี่ยนฝาเหล็ก) 2 ฝา","งานลดระดับคอบ่อพัก (MH) (ไม่เปลี่ยนเฟรม - ไม่เปลี่ยนฝาเหล็ก) 2 ฝา","งานลดระดับคอบ่อพัก (MH) (ไม่เปลี่ยนเฟรม - ไม่เปลี่ยนฝาเหล็ก) 2 ฝา","งานลดระดับคอบ่อพัก (MH) (ไม่เปลี่ยนเฟรม - ไม่เปลี่ยนฝาเหล็ก) 2 ฝา","งานลดระดับคอบ่อพัก (MH) (ไม่เปลี่ยนเฟรม - ไม่เปลี่ยนฝาเหล็ก) 2 ฝา","บ่อ","บ่อ","บ่อ","บ่อ","บ่อ","บ่อ","5500","16100","21600","5500","16100","21600","5500","16100","21600","equal","equal","equal","order_constrained_name_unit_source_ordinal","high","1","true","true","matched","false",""
"prod:e0d6b0ff-4514-4e3c-a565-f9787cd9c885","stable_uuid","e0d6b0ff-4514-4e3c-a565-f9787cd9c885","ITEM-0417","LVD-MH0-006","LVD-MH0-006","true","true","true","418","true","false","true","608","607","760","true","23","1","18","p23:t1:r18:display-6","c1346fbd84141473ea7c71588e9b53351d9892896d18f5881055bfcbb851de7b","งานลดระดับคอบ่อพัก (MH) (เปลี่ยนเฟรม - เปลี่ยนฝาเหล็ก) 2 ฝา","งานลดระดับคอบ่อพัก (MH) (เปลี่ยนเฟรม - เปลี่ยนฝาเหล็ก) 2 ฝา","งานลดระดับคอบ่อพัก (MH) (เปลี่ยนเฟรม - เปลี่ยนฝาเหล็ก) 2 ฝา","งานลดระดับคอบ่อพัก (MH) (เปลี่ยนเฟรม - เปลี่ยนฝาเหล็ก) 2 ฝา","งานลดระดับคอบ่อพัก (MH) (เปลี่ยนเฟรม - เปลี่ยนฝาเหล็ก) 2 ฝา","งานลดระดับคอบ่อพัก (MH) (เปลี่ยนเฟรม - เปลี่ยนฝาเหล็ก) 2 ฝา","บ่อ","บ่อ","บ่อ","บ่อ","บ่อ","บ่อ","48500","16100","64600","48500","16100","64600","48500","16100","64600","equal","equal","equal","order_constrained_name_unit_source_ordinal","high","1","true","true","matched","false",""
"prod:c73f9196-eff7-46b6-9d16-4ae7cd2c543b","stable_uuid","c73f9196-eff7-46b6-9d16-4ae7cd2c543b","ITEM-0418","LVD-MH0-007","LVD-MH0-007","true","true","true","419","true","false","true","609","608","761","true","23","1","19","p23:t1:r19:display-7","8e27ab095b32c7fc4c3da92af3d8b3a9ba9b4a6c0009df8df0a885e300b23073","งานลดระดับคอบ่อพัก (MH) (ไม่เปลี่ยนเฟรม - เปลี่ยนฝาเหล็ก) 2 ฝา","งานลดระดับคอบ่อพัก (MH) (ไม่เปลี่ยนเฟรม - เปลี่ยนฝาเหล็ก) 2 ฝา","งานลดระดับคอบ่อพัก (MH) (ไม่เปลี่ยนเฟรม - เปลี่ยนฝาเหล็ก) 2 ฝา","งานลดระดับคอบ่อพัก (MH) (ไม่เปลี่ยนเฟรม - เปลี่ยนฝาเหล็ก) 2 ฝา","งานลดระดับคอบ่อพัก (MH) (ไม่เปลี่ยนเฟรม - เปลี่ยนฝาเหล็ก) 2 ฝา","งานลดระดับคอบ่อพัก (MH) (ไม่เปลี่ยนเฟรม - เปลี่ยนฝาเหล็ก) 2 ฝา","บ่อ","บ่อ","บ่อ","บ่อ","บ่อ","บ่อ","19100","16100","35200","19100","16100","35200","19100","16100","35200","equal","equal","equal","order_constrained_name_unit_source_ordinal","high","1","true","true","matched","false",""
"prod:e4ce7dd1-c739-4419-af69-4ff6dc02c542","stable_uuid","e4ce7dd1-c739-4419-af69-4ff6dc02c542","ITEM-0419","LVD-MH0-008","LVD-MH0-008","true","true","true","420","true","false","true","610","609","762","true","23","1","20","p23:t1:r20:display-8","642a01f402a324ee7f060774883c6fde5f9523197d4e18926379f28adbd55b5e","งานลดระดับคอบ่อพัก (MH) (เปลี่ยนเฟรม - ไม่เปลี่ยนฝาเหล็ก) 2 ฝา","งานลดระดับคอบ่อพัก (MH) (เปลี่ยนเฟรม - ไม่เปลี่ยนฝาเหล็ก) 2 ฝา","งานลดระดับคอบ่อพัก (MH) (เปลี่ยนเฟรม - ไม่เปลี่ยนฝาเหล็ก) 2 ฝา","งานลดระดับคอบ่อพัก (MH) (เปลี่ยนเฟรม - ไม่เปลี่ยนฝาเหล็ก) 2 ฝา","งานลดระดับคอบ่อพัก (MH) (เปลี่ยนเฟรม - ไม่เปลี่ยนฝาเหล็ก) 2 ฝา","งานลดระดับคอบ่อพัก (MH) (เปลี่ยนเฟรม - ไม่เปลี่ยนฝาเหล็ก) 2 ฝา","บ่อ","บ่อ","บ่อ","บ่อ","บ่อ","บ่อ","34900","16100","51000","34900","16100","51000","34900","16100","51000","equal","equal","equal","order_constrained_name_unit_source_ordinal","high","1","true","true","matched","false",""
"prod:e9dcdf3a-2757-4e5f-aff5-bb93ed332d78","stable_uuid","e9dcdf3a-2757-4e5f-aff5-bb93ed332d78","ITEM-0420","RPR-CUT-001","RPR-CUT-001","true","true","true","421","true","false","true","611","610","766","true","23","1","24","p23:t1:r24:display-1","d336dd368d793984bfbd98ddcde5a003dc69756db0aafd631970996f6af1f50b","งานตัดท่อเดิมในบ่อพัก  12-Ø4"" PVC (มีเคเบิลในท่อ)","งานตัดท่อเดิมในบ่อพัก 12-Ø4"" PVC (มีเคเบิลในท่อ)","งานตัดท่อเดิมในบ่อพัก 12-Ø4"" PVC (มีเคเบิลในท่อ)","งานตัดท่อเดิมในบ่อพัก 12-Ø4"" PVC (มีเคเบิลในท่อ)","งานตัดท่อเดิมในบ่อพัก 12-Ø4"" PVC (มีเคเบิลในท่อ)","งานตัดท่อเดิมในบ่อพัก 12-Ø4"" PVC (มีเคเบิลในท่อ)","จุด","จุด","จุด","จุด","จุด","จุด","860","1579","2439","860","1579","2439","860","1579","2439","equal","equal","equal","order_constrained_name_unit_source_ordinal","high","1","true","true","matched","false",""
"prod:2e8edc29-0e48-4825-b58d-cdfc0094a7b6","stable_uuid","2e8edc29-0e48-4825-b58d-cdfc0094a7b6","ITEM-0421","RPR-CUT-002","RPR-CUT-002","true","true","true","422","true","false","true","612","611","767","true","23","1","25","p23:t1:r25:display-2","2b2beebd4dc24e8c37faade5c9240a3df4fb08fde7874623451fd3336f602fea","งานตัดท่อเดิมในบ่อพัก  24-Ø4"" PVC (มีเคเบิลในท่อ)","งานตัดท่อเดิมในบ่อพัก 24-Ø4"" PVC (มีเคเบิลในท่อ)","งานตัดท่อเดิมในบ่อพัก 24-Ø4"" PVC (มีเคเบิลในท่อ)","งานตัดท่อเดิมในบ่อพัก 24-Ø4"" PVC (มีเคเบิลในท่อ)","งานตัดท่อเดิมในบ่อพัก 24-Ø4"" PVC (มีเคเบิลในท่อ)","งานตัดท่อเดิมในบ่อพัก 24-Ø4"" PVC (มีเคเบิลในท่อ)","จุด","จุด","จุด","จุด","จุด","จุด","1720","3158","4878","1720","3158","4878","1720","3158","4878","equal","equal","equal","order_constrained_name_unit_source_ordinal","high","1","true","true","matched","false",""
"prod:1c5d6fc7-f963-4393-9698-623e45d0b32b","stable_uuid","1c5d6fc7-f963-4393-9698-623e45d0b32b","ITEM-0422","RPR-CUT-003","RPR-CUT-003","true","true","true","423","true","false","true","613","612","768","true","23","1","26","p23:t1:r26:display-3","812d94107337cf10a9bbee14200906a9b01df433784fb3f2d7fb1dfe66dd10cc","งานตัดต่อท่อเดิมในบ่อพัก  9-Ø4"" PVC กับ HDPE (มีเคเบิลในท่อ)","งานตัดต่อท่อเดิมในบ่อพัก 9-Ø4"" PVC กับ HDPE (มีเคเบิลในท่อ)","งานตัดต่อท่อเดิมในบ่อพัก 9-Ø4"" PVC กับ HDPE (มีเคเบิลในท่อ)","งานตัดต่อท่อเดิมในบ่อพัก 9-Ø4"" PVC กับ HDPE (มีเคเบิลในท่อ)","งานตัดต่อท่อเดิมในบ่อพัก 9-Ø4"" PVC กับ HDPE (มีเคเบิลในท่อ)","งานตัดต่อท่อเดิมในบ่อพัก 9-Ø4"" PVC กับ HDPE (มีเคเบิลในท่อ)","จุด","จุด","จุด","จุด","จุด","จุด","1530","1319","2849","1530","1319","2849","1530","1319","2849","equal","equal","equal","order_constrained_name_unit_source_ordinal","high","1","true","true","matched","false",""
"prod:f8af3bb1-806a-46c8-a61f-d0d0065a6aef","stable_uuid","f8af3bb1-806a-46c8-a61f-d0d0065a6aef","ITEM-0423","RPR-CUT-004","RPR-CUT-004","true","true","true","424","true","false","true","614","613","769","true","23","1","27","p23:t1:r27:display-4","2bcde517eead7b98b00a3239a9c69b56bf9f8db8a6264ba79ed18a42f1f6b5b2","งานตัดต่อท่อเดิมในบ่อพัก  12-Ø4"" PVC กับ HDPE (มีเคเบิลในท่อ)","งานตัดต่อท่อเดิมในบ่อพัก 12-Ø4"" PVC กับ HDPE (มีเคเบิลในท่อ)","งานตัดต่อท่อเดิมในบ่อพัก 12-Ø4"" PVC กับ HDPE (มีเคเบิลในท่อ)","งานตัดต่อท่อเดิมในบ่อพัก 12-Ø4"" PVC กับ HDPE (มีเคเบิลในท่อ)","งานตัดต่อท่อเดิมในบ่อพัก 12-Ø4"" PVC กับ HDPE (มีเคเบิลในท่อ)","งานตัดต่อท่อเดิมในบ่อพัก 12-Ø4"" PVC กับ HDPE (มีเคเบิลในท่อ)","จุด","จุด","จุด","จุด","จุด","จุด","2040","1759","3799","2040","1759","3799","2040","1759","3799","equal","equal","equal","order_constrained_name_unit_source_ordinal","high","1","true","true","matched","false",""
"prod:689a4b7a-39b1-4f63-ac7d-0017a8d77648","stable_uuid","689a4b7a-39b1-4f63-ac7d-0017a8d77648","ITEM-0424","RPR-CUT-005","RPR-CUT-005","true","true","true","425","true","false","true","615","614","770","true","23","1","28","p23:t1:r28:display-5","0fc10d27f3ef04d8c68b17dc98368af12cd55f727779b0ee0084e6d79ab9b1c3","งานตัดต่อท่อเดิมในบ่อพัก  18-Ø4"" PVC กับ HDPE (มีเคเบิลในท่อ)","งานตัดต่อท่อเดิมในบ่อพัก 18-Ø4"" PVC กับ HDPE (มีเคเบิลในท่อ)","งานตัดต่อท่อเดิมในบ่อพัก 18-Ø4"" PVC กับ HDPE (มีเคเบิลในท่อ)","งานตัดต่อท่อเดิมในบ่อพัก 18-Ø4"" PVC กับ HDPE (มีเคเบิลในท่อ)","งานตัดต่อท่อเดิมในบ่อพัก 18-Ø4"" PVC กับ HDPE (มีเคเบิลในท่อ)","งานตัดต่อท่อเดิมในบ่อพัก 18-Ø4"" PVC กับ HDPE (มีเคเบิลในท่อ)","จุด","จุด","จุด","จุด","จุด","จุด","3060","2638","5698","3060","2638","5698","3060","2638","5698","equal","equal","equal","order_constrained_name_unit_source_ordinal","high","1","true","true","matched","false",""
"prod:955782cc-4f8f-4425-a629-ae4dfb7d21d0","stable_uuid","955782cc-4f8f-4425-a629-ae4dfb7d21d0","ITEM-0425","RPR-BRK-001","RPR-BRK-001","true","true","true","426","true","false","true","616","615","773","true","23","1","31","p23:t1:r31:display-1","29f81a335b10fd16aee34e1224fda9dbeb4fda1c67537eafc129509d7facb48c","งานทุบค.ส.ล.หุ้มท่อ  12-Ø4"" PVC (พร้อมขนเศษวัสดุทิ้ง)","งานทุบค.ส.ล.หุ้มท่อ 12-Ø4"" PVC (พร้อมขนเศษวัสดุทิ้ง)","งานทุบค.ส.ล.หุ้มท่อ 12-Ø4"" PVC (พร้อมขนเศษวัสดุทิ้ง)","งานทุบค.ส.ล.หุ้มท่อ 12-Ø4"" PVC (พร้อมขนเศษวัสดุทิ้ง)","งานทุบค.ส.ล.หุ้มท่อ 12-Ø4"" PVC (พรอ้ มขนเศษวสั ดุทิ้ง)","งานทุบค.ส.ล.หุ้มท่อ 12-Ø4"" PVC (พรอ้ มขนเศษวสั ดุทิ้ง)","ม.","ม.","ม.","ม.","ม.","ม.","0","1260","1260","0","1260","1260","0","1260","1260","equal","equal","equal","order_constrained_name_unit_source_ordinal","high","0.857143","true","true","matched","false",""
"prod:ece950a8-f7d5-4a3d-a6ca-51461bef9b91","stable_uuid","ece950a8-f7d5-4a3d-a6ca-51461bef9b91","ITEM-0426","RPR-BRK-002","RPR-BRK-002","true","true","true","427","true","false","true","617","616","774","true","23","1","32","p23:t1:r32:display-2","c4d9da97459145ef83b3c8fc84cec958b4e30f6d3219f734c9318f7f3f364653","งานทุบค.ส.ล.หุ้มท่อ  24-Ø4"" PVC (พร้อมขนเศษวัสดุทิ้ง)","งานทุบค.ส.ล.หุ้มท่อ 24-Ø4"" PVC (พร้อมขนเศษวัสดุทิ้ง)","งานทุบค.ส.ล.หุ้มท่อ 24-Ø4"" PVC (พร้อมขนเศษวัสดุทิ้ง)","งานทุบค.ส.ล.หุ้มท่อ 24-Ø4"" PVC (พร้อมขนเศษวัสดุทิ้ง)","งานทุบค.ส.ล.หุ้มท่อ 24-Ø4"" PVC (พรอ้ มขนเศษวสั ดุทิ้ง)","งานทุบค.ส.ล.หุ้มท่อ 24-Ø4"" PVC (พรอ้ มขนเศษวสั ดุทิ้ง)","ม.","ม.","ม.","ม.","ม.","ม.","0","2520","2520","0","2520","2520","0","2521","2521","equal","different","different","order_constrained_name_unit_source_ordinal","high","0.857143","true","true","proposed_confirmed_correction","true",""
"prod:77dae4c9-b6f0-4ad5-987c-661e344c2871","stable_uuid","77dae4c9-b6f0-4ad5-987c-661e344c2871","ITEM-0427","RPR-REM-001","RPR-REM-001","true","true","true","428","true","false","true","618","617","777","true","24","1","4","p24:t1:r4:display-1","d29becd1094a3d6743515ee66e3048f4f1313484bb6b17cd55b9950e30d9ec8a","งานรื้อท่อเดิม 12-Ø4"" GIP ข้ามคลอง พร้อมเหล็กรัดท่อ","งานรื้อท่อเดิม 12-Ø4"" GIP ข้ามคลอง พร้อมเหล็กรัดท่อ","งานรื้อท่อเดิม 12-Ø4"" GIP ข้ามคลอง พร้อมเหล็กรัดท่อ","งานรื้อท่อเดิม 12-Ø4"" GIP ข้ามคลอง พร้อมเหล็กรัดท่อ","งานรื้อท่อเดิม 12-Ø4"" GIP ข้ามคลอง พรอ้ มเหล็กรดั ท่อ","งานรื้อท่อเดิม 12-Ø4"" GIP ข้ามคลอง พรอ้ มเหล็กรดั ท่อ","ชุด","ชุด","ชุด","ชุด","ชุด","ชุด","5070","1801","6871","5070","1801","6871","5070","1802","6872","equal","different","different","order_constrained_name_unit_source_ordinal","high","0.866667","true","true","proposed_confirmed_correction","true",""
"prod:10610fca-e8da-48b3-bbfc-08a84e0b2204","stable_uuid","10610fca-e8da-48b3-bbfc-08a84e0b2204","ITEM-0428","COR-PB0-001","COR-PB0-001","true","true","true","429","true","false","true","619","618","781","true","24","1","8","p24:t1:r8:display-1","ecaac1863b19a47aec26797c3b58f3990f8bdf98e602bd21d4107632d6a7dfcf","งานเจาะหน้าต่างบ่อพักย่อย (PB)","งานเจาะหน้าต่างบ่อพักย่อย (PB)","งานเจาะหน้าต่างบ่อพักย่อย (PB)","งานเจาะหน้าต่างบ่อพักย่อย (PB)","งานเจาะหน้าต่างบ่อพักย่อย (PB)","งานเจาะหน้าต่างบ่อพักย่อย (PB)","จุด","จุด","จุด","จุด","จุด","จุด","0","882","882","0","882","882","0","882","882","equal","equal","equal","order_constrained_name_unit_source_ordinal","high","1","true","true","matched","false",""
"prod:f2662c71-a6e5-407e-8456-8608e304b43b","stable_uuid","f2662c71-a6e5-407e-8456-8608e304b43b","ITEM-0429","COR-PB0-002","COR-PB0-002","true","true","true","430","true","false","true","620","619","782","true","24","1","9","p24:t1:r9:display-2","1651a7a1e42744bf6f2bc458fa62c8c20a26e56af9860b7338e543534cfd6b91","งานเจาะผนังบ่อพักย่อย (PB)","งานเจาะผนังบ่อพักย่อย (PB)","งานเจาะผนังบ่อพักย่อย (PB)","งานเจาะผนังบ่อพักย่อย (PB)","งานเจาะผนังบ่อพักย่อย (PB)","งานเจาะผนังบ่อพักย่อย (PB)","จุด","จุด","จุด","จุด","จุด","จุด","0","1763","1763","0","1763","1763","0","1764","1764","equal","different","different","order_constrained_name_unit_source_ordinal","high","1","true","true","proposed_confirmed_correction","true",""
"prod:ceb49dea-167c-481d-a28c-6a8c9ce46633","stable_uuid","ceb49dea-167c-481d-a28c-6a8c9ce46633","ITEM-0430","COR-MH0-001","COR-MH0-001","true","true","true","431","true","false","true","621","620","785","true","24","1","12","p24:t1:r12:display-1","82126eb73242d1716b3130a53c581105a4dd8871ae8f074a7b1b6e608db33e2f","งานเจาะหน้าต่างบ่อพัก (MH)","งานเจาะหน้าต่างบ่อพัก (MH)","งานเจาะหน้าต่างบ่อพัก (MH)","งานเจาะหน้าต่างบ่อพัก (MH)","งานเจาะหน้าต่างบ่อพัก (MH)","งานเจาะหน้าต่างบ่อพัก (MH)","จุด","จุด","จุด","จุด","จุด","จุด","0","1763","1763","0","1763","1763","0","1764","1764","equal","different","different","order_constrained_name_unit_source_ordinal","high","1","true","true","proposed_confirmed_correction","true",""
"prod:1e60425d-d3d0-4510-b7f1-9075fb3ff352","stable_uuid","1e60425d-d3d0-4510-b7f1-9075fb3ff352","ITEM-0431","COR-MH0-002","COR-MH0-002","true","true","true","432","true","false","true","622","621","786","true","24","1","13","p24:t1:r13:display-2","d9f042619a6dec13ff8fafaca3d7e8a7136293ca95bbeef2cdce2f87761d5c42","งานเจาะผนังบ่อพัก (MH)","งานเจาะผนังบ่อพัก (MH)","งานเจาะผนังบ่อพัก (MH)","งานเจาะผนังบ่อพัก (MH)","งานเจาะผนังบ่อพัก (MH)","งานเจาะผนังบ่อพัก (MH)","จุด","จุด","จุด","จุด","จุด","จุด","0","3526","3526","0","3526","3526","0","3528","3528","equal","different","different","order_constrained_name_unit_source_ordinal","high","1","true","true","proposed_confirmed_correction","true",""
"prod:5266d626-db21-41bf-940e-07b06c194f25","stable_uuid","5266d626-db21-41bf-940e-07b06c194f25","ITEM-0432","PAD-PB0-001","PAD-PB0-001","true","true","true","433","true","false","true","623","622","790","true","24","1","17","p24:t1:r17:display-1","c8027f9e100875b683b98fdddeb0931c608f063844c996f27be162af3eaf79cb","งานสร้างฐานรับบ่อพักย่อย (PB) JUF-11  (แบบในร่องน้ำ)","งานสร้างฐานรับบ่อพักย่อย (PB) JUF-11 (แบบในร่องน้ํา)","งานสร้างฐานรับบ่อพักย่อย (PB) JUF-11 (แบบในร่องน้ำ)","งานสร้างฐานรับบ่อพักย่อย (PB) JUF-11 (แบบในร่องน้ํา)","งานสรา้ งฐานรบั บ่อพักย่อย (PB) JUF-11 (แบบในรอ่ งน ้า)","งานสรา้ งฐานรบั บ่อพักย่อย (PB) JUF-11 (แบบในรอ่ งน ้า)","ฐาน","ฐาน","ฐาน","ฐาน","ฐาน","ฐาน","9068","5327","14395","9068","5327","14395","9068","5327","14395","equal","equal","equal","order_constrained_name_unit_source_ordinal","high","0.804598","true","true","matched","false",""
"prod:70321afb-8df4-49f0-b0d3-11605058469d","stable_uuid","70321afb-8df4-49f0-b0d3-11605058469d","ITEM-0433","PAD-PB0-002","PAD-PB0-002","true","true","true","434","true","false","true","624","623","791","true","24","1","18","p24:t1:r18:display-2","479b63282624818ab554b968642fe2af8d54a211ef5eec0be71ef1581efda3ad","งานสร้างฐานรับบ่อพักย่อย (PB) JUF-12  (แบบในร่องน้ำ)","งานสร้างฐานรับบ่อพักย่อย (PB) JUF-12 (แบบในร่องน้ํา)","งานสร้างฐานรับบ่อพักย่อย (PB) JUF-12 (แบบในร่องน้ำ)","งานสร้างฐานรับบ่อพักย่อย (PB) JUF-12 (แบบในร่องน้ํา)","งานสรา้ งฐานรบั บ่อพักย่อย (PB) JUF-12 (แบบในรอ่ งน ้า)","งานสรา้ งฐานรบั บ่อพักย่อย (PB) JUF-12 (แบบในรอ่ งน ้า)","ฐาน","ฐาน","ฐาน","ฐาน","ฐาน","ฐาน","9693","5625","15318","9693","5625","15318","9693","5625","15318","equal","equal","equal","order_constrained_name_unit_source_ordinal","high","0.804598","true","true","matched","false",""
"prod:c23548e0-5167-44d3-9478-6bfcb06f4fe6","stable_uuid","c23548e0-5167-44d3-9478-6bfcb06f4fe6","ITEM-0434","PAD-PB0-003","PAD-PB0-003","true","true","true","435","true","false","true","625","624","792","true","24","1","19","p24:t1:r19:display-3","5447c029fd5aa389b8cfb4b33672d7d079bcdd1474aed1c91477afb5ae3768d3","งานสร้างฐานรับบ่อพักย่อย (PB) JUF-13  (แบบในร่องน้ำ)","งานสร้างฐานรับบ่อพักย่อย (PB) JUF-13 (แบบในร่องน้ํา)","งานสร้างฐานรับบ่อพักย่อย (PB) JUF-13 (แบบในร่องน้ำ)","งานสร้างฐานรับบ่อพักย่อย (PB) JUF-13 (แบบในร่องน้ํา)","งานสรา้ งฐานรบั บ่อพักย่อย (PB) JUF-13 (แบบในรอ่ งน ้า)","งานสรา้ งฐานรบั บ่อพักย่อย (PB) JUF-13 (แบบในรอ่ งน ้า)","ฐาน","ฐาน","ฐาน","ฐาน","ฐาน","ฐาน","10420","5927","16347","10420","5927","16347","10420","5927","16347","equal","equal","equal","order_constrained_name_unit_source_ordinal","high","0.804598","true","true","matched","false",""
"prod:214f1a8d-64b1-4170-a714-f96b65757433","stable_uuid","214f1a8d-64b1-4170-a714-f96b65757433","ITEM-0435","PAD-CAB-001","PAD-CAB-001","true","true","true","436","true","false","true","626","625","795","true","24","1","22","p24:t1:r22:display-1","5cd4300d598e0cdce6d6c0428d945b0e4568ac9cf3b87c65e25ad7950012ea92","งานสร้างฐานรับตู้ผ่าน   (แบบในร่องน้ำ)","งานสร้างฐานรับตู้ผ่าน (แบบในร่องน้ํา)","งานสร้างฐานรับตู้ผ่าน (แบบในร่องน้ำ)","งานสร้างฐานรับตู้ผ่าน (แบบในร่องน้ํา)","งานสรา้ งฐานรบั ตู้ผ่าน (แบบในรอ่ งน ้า)","งานสรา้ งฐานรบั ตู้ผ่าน (แบบในรอ่ งน ้า)","ฐาน","ฐาน","ฐาน","ฐาน","ฐาน","ฐาน","6737","3467","10204","6737","3467","10204","6737","3467","10204","equal","equal","equal","order_constrained_name_unit_source_ordinal","high","0.707692","true","true","matched","false",""
"prod:bc39f9ca-7ce7-4fac-a67b-ca970dd40fc0","stable_uuid","bc39f9ca-7ce7-4fac-a67b-ca970dd40fc0","ITEM-0436","PAD-CAB-002","PAD-CAB-002","true","true","true","437","true","false","true","627","626","796","true","24","1","23","p24:t1:r23:display-2","92280c95688b85d8ccbd53662149c23425d06162ab1e06f33ba707a3ff4e3894","งานสร้างฐานรับตู้ผ่าน   (แบบธรรมดา)","งานสร้างฐานรับตู้ผ่าน (แบบธรรมดา)","งานสร้างฐานรับตู้ผ่าน (แบบธรรมดา)","งานสร้างฐานรับตู้ผ่าน (แบบธรรมดา)","งานสรา้ งฐานรบั ตู้ผ่าน (แบบธรรมดา)","งานสรา้ งฐานรบั ตู้ผ่าน (แบบธรรมดา)","ฐาน","ฐาน","ฐาน","ฐาน","ฐาน","ฐาน","1509","588","2097","1509","588","2097","1509","588","2097","equal","equal","equal","order_constrained_name_unit_source_ordinal","high","0.793103","true","true","matched","false",""
"prod:d992a00d-f686-4f0c-9f49-d7984cb332eb","stable_uuid","d992a00d-f686-4f0c-9f49-d7984cb332eb","ITEM-0437","PAD-CAB-003","PAD-CAB-003","true","true","true","438","true","false","true","628","627","797","true","24","1","24","p24:t1:r24:display-3","0dbe6579a0e40c1e83f673c009113283cfad0111766167b43f06775d8678bfa9","งานสร้างฐานรับตู้ผ่าน   (60 เลขหมาย)","งานสร้างฐานรับตู้ผ่าน (60 เลขหมาย)","งานสร้างฐานรับตู้ผ่าน (60 เลขหมาย)","งานสร้างฐานรับตู้ผ่าน (60 เลขหมาย)","งานสรา้ งฐานรบั ตู้ผ่าน (60 เลขหมาย)","งานสรา้ งฐานรบั ตู้ผ่าน (60 เลขหมาย)","ฐาน","ฐาน","ฐาน","ฐาน","ฐาน","ฐาน","2905","641","3546","2905","641","3546","2905","641","3546","equal","equal","equal","order_constrained_name_unit_source_ordinal","high","0.793103","true","true","matched","false",""
"prod:c99843f4-da2f-45dc-a00c-5ac11cec3810","stable_uuid","c99843f4-da2f-45dc-a00c-5ac11cec3810","ITEM-0438","PAD-CAB-004","PAD-CAB-004","true","true","true","439","true","false","true","629","628","798","true","24","1","25","p24:t1:r25:display-4","2fde52767f3680edfb5b10ad51e37660e454676a7681403caa4ede7708020743","งานสร้างฐานรับตู้ผ่าน   (61-450 เลขหมาย)","งานสร้างฐานรับตู้ผ่าน (61-450 เลขหมาย)","งานสร้างฐานรับตู้ผ่าน (61-450 เลขหมาย)","งานสร้างฐานรับตู้ผ่าน (61-450 เลขหมาย)","งานสรา้ งฐานรบั ตู้ผ่าน (61-450 เลขหมาย)","งานสรา้ งฐานรบั ตู้ผ่าน (61-450 เลขหมาย)","ฐาน","ฐาน","ฐาน","ฐาน","ฐาน","ฐาน","6229","2034","8263","6229","2034","8263","6229","2034","8263","equal","equal","equal","order_constrained_name_unit_source_ordinal","high","0.818182","true","true","matched","false",""
"prod:ed082e66-f7fa-412b-b96e-6b0d585972f2","stable_uuid","ed082e66-f7fa-412b-b96e-6b0d585972f2","ITEM-0439","PAD-CAB-005","PAD-CAB-005","true","true","true","440","true","false","true","630","629","799","true","24","1","26","p24:t1:r26:display-5","43d7480e345c65bb7fb0da01203498ca238d2289bf672be97ea32c1ee234e2c3","งานสร้างฐานรับตู้ผ่าน   (450 เลขหมายขึ้นไป)","งานสร้างฐานรับตู้ผ่าน (450 เลขหมายขึ้นไป)","งานสร้างฐานรับตู้ผ่าน (450 เลขหมายขึ้นไป)","งานสร้างฐานรับตู้ผ่าน (450 เลขหมายขึ้นไป)","งานสรา้ งฐานรบั ตู้ผ่าน (450 เลขหมายขึ้นไป)","งานสรา้ งฐานรบั ตู้ผ่าน (450 เลขหมายขึ้นไป)","ฐาน","ฐาน","ฐาน","ฐาน","ฐาน","ฐาน","13231","3842","17073","13231","3842","17073","13231","3842","17073","equal","equal","equal","order_constrained_name_unit_source_ordinal","high","0.833333","true","true","matched","false",""
"prod:42bec5cf-d90c-4aba-bba2-89b2d01fbcd5","stable_uuid","42bec5cf-d90c-4aba-bba2-89b2d01fbcd5","ITEM-0440","PAD-CAB-006","PAD-CAB-006","true","true","true","441","true","false","true","631","630","800","true","24","1","27","p24:t1:r27:display-6","8275e39483a12bd0c6655ba63f94aa4af5a4afc7d75f5267ea09190b6e96ecbc","งานสร้างฐานรับตู้ผ่านอยู่บนเสา","งานสร้างฐานรับตู้ผ่านอยู่บนเสา","งานสร้างฐานรับตู้ผ่านอยู่บนเสา","งานสร้างฐานรับตู้ผ่านอยู่บนเสา","งานสรา้ งฐานรบั ตู้ผ่านอยู่บนเสา","งานสรา้ งฐานรบั ตู้ผ่านอยู่บนเสา","ฐาน","ฐาน","ฐาน","ฐาน","ฐาน","ฐาน","54691","12496","67187","54691","12496","67187","54691","12496","67187","equal","equal","equal","order_constrained_name_unit_source_ordinal","high","0.793103","true","true","matched","false",""
"prod:a2de1765-f1b9-4efe-a4ca-7093765b64be","stable_uuid","a2de1765-f1b9-4efe-a4ca-7093765b64be","ITEM-0441","POL-RCC-001","POL-RCC-001","true","true","true","442","true","false","true","632","631","804","true","24","1","31","p24:t1:r31:display-1","7079e7f56381ad04a25b375262df3c5dc5c6aaf05d8a37df9a20b816b7040e4d","งานปักเสาสื่อสารคอนกรีตเสริมเหล็กขนาด 8.00 ม.","งานปักเสาสื่อสารคอนกรีตเสริมเหล็กขนาด 8.00 ม.","งานปักเสาสื่อสารคอนกรีตเสริมเหล็กขนาด 8.00 ม.","งานปักเสาสื่อสารคอนกรีตเสริมเหล็กขนาด 8.00 ม.","งานปักเสาสื่อสารคอนกรตี เสรมิ เหล็กขนาด 8.00 ม.","งานปักเสาสื่อสารคอนกรตี เสรมิ เหล็กขนาด 8.00 ม.","ต้น","ต้น","ต้น","ต้น","ต้น","ต้น","2589","873","3462","2589","873","3462","2589","873","3462","equal","equal","equal","order_constrained_name_unit_source_ordinal","high","0.85","true","true","matched","false",""
"prod:d692ba49-df24-416b-8989-8b6aa8c13e60","stable_uuid","d692ba49-df24-416b-8989-8b6aa8c13e60","ITEM-0442","POL-RCC-002","POL-RCC-002","true","true","true","443","true","false","true","633","632","805","true","24","1","32","p24:t1:r32:display-2","c5a3661fc6519adda2d9c9b2ccde3065e5e23190a0564c8583f83a659d3800ef","งานปักเสาสื่อสารคอนกรีตเสริมเหล็กขนาด 10.00 ม.","งานปักเสาสื่อสารคอนกรีตเสริมเหล็กขนาด 10.00 ม.","งานปักเสาสื่อสารคอนกรีตเสริมเหล็กขนาด 10.00 ม.","งานปักเสาสื่อสารคอนกรีตเสริมเหล็กขนาด 10.00 ม.","งานปักเสาสื่อสารคอนกรตี เสรมิ เหล็กขนาด 10.00 ม.","งานปักเสาสื่อสารคอนกรตี เสรมิ เหล็กขนาด 10.00 ม.","ต้น","ต้น","ต้น","ต้น","ต้น","ต้น","4103","1327","5430","4103","1327","5430","4103","1327","5430","equal","equal","equal","order_constrained_name_unit_source_ordinal","high","0.853659","true","true","matched","false",""
"prod:b9e7e1bf-3a62-4233-b7f4-cb68b628b24d","stable_uuid","b9e7e1bf-3a62-4233-b7f4-cb68b628b24d","ITEM-0443","POL-RCC-003","POL-RCC-003","true","true","true","444","true","false","true","634","633","806","true","24","1","33","p24:t1:r33:display-3","3b8d0af65dfec72ffb70c399b57ac8c39dd8144d8826f3cc26968cb141f17865","งานปักเสาสื่อสารคอนกรีตเสริมเหล็กขนาด 12.00 ม.","งานปักเสาสื่อสารคอนกรีตเสริมเหล็กขนาด 12.00 ม.","งานปักเสาสื่อสารคอนกรีตเสริมเหล็กขนาด 12.00 ม.","งานปักเสาสื่อสารคอนกรีตเสริมเหล็กขนาด 12.00 ม.","งานปักเสาสื่อสารคอนกรตี เสรมิ เหล็กขนาด 12.00 ม.","งานปักเสาสื่อสารคอนกรตี เสรมิ เหล็กขนาด 12.00 ม.","ต้น","ต้น","ต้น","ต้น","ต้น","ต้น","6216","1983","8199","6216","1983","8199","6216","1983","8199","equal","equal","equal","order_constrained_name_unit_source_ordinal","high","0.853659","true","true","matched","false",""
"prod:d589fc7e-74f6-47c7-afd0-c846e1d42325","stable_uuid","d589fc7e-74f6-47c7-afd0-c846e1d42325","ITEM-0444","POL-STL-001","POL-STL-001","true","true","true","445","true","false","true","635","634","808","true","25","1","4","p25:t1:r4:display-1","4913e3ed00618e4f651c76f835af40057ac8c48030016ce040ee7b701a7a3ffd","เสา STEEL POLE ขนาด Ø3"" ยาว 2.00 ม.","เสา STEEL POLE ขนาด Ø3"" ยาว 2.00 ม.","เสา STEEL POLE ขนาด Ø3"" ยาว 2.00 ม.","เสา STEEL POLE ขนาด Ø3"" ยาว 2.00 ม.","เสา STEEL POLE ขนาด Ø3"" ยาว 2.00 ม.","เสา STEEL POLE ขนาด Ø3"" ยาว 2.00 ม.","ต้น","ต้น","ต้น","ต้น","ต้น","ต้น","2674","654","3328","2674","654","3328","2674","654","3328","equal","equal","equal","order_constrained_name_unit_source_ordinal","high","1","true","true","matched","false",""
"prod:ef1228a1-19b7-4152-98eb-511936a35e33","stable_uuid","ef1228a1-19b7-4152-98eb-511936a35e33","ITEM-0445","POL-STL-002","POL-STL-002","true","true","true","446","true","false","true","636","635","809","true","25","1","5","p25:t1:r5:display-2","abf44ce7b27b2c0b4ca6a34d080347af44b3d0c9e35d63145608cbd1578c1c30","เสา STEEL POLE ขนาด Ø3"" ยาว 2.50 ม.","เสา STEEL POLE ขนาด Ø3"" ยาว 2.50 ม.","เสา STEEL POLE ขนาด Ø3"" ยาว 2.50 ม.","เสา STEEL POLE ขนาด Ø3"" ยาว 2.50 ม.","เสา STEEL POLE ขนาด Ø3"" ยาว 2.50 ม.","เสา STEEL POLE ขนาด Ø3"" ยาว 2.50 ม.","ต้น","ต้น","ต้น","ต้น","ต้น","ต้น","3077","754","3831","3077","754","3831","3077","754","3831","equal","equal","equal","order_constrained_name_unit_source_ordinal","high","1","true","true","matched","false",""
"prod:1c10a6b3-1b48-404d-b8f3-62081464c550","stable_uuid","1c10a6b3-1b48-404d-b8f3-62081464c550","ITEM-0446","POL-STL-003","POL-STL-003","true","true","true","447","true","false","true","637","636","810","true","25","1","6","p25:t1:r6:display-3","24e417e4bddfdadd239afeea09b9cb7d54347dcc4847ceffa4050765636c5e5e","เสา STEEL POLE เสาเหลี่ยม ขนาด 3""x3"" ยาว 2.20 ม.","เสา STEEL POLE เสาเหลี่ยม ขนาด 3""x3"" ยาว 2.20 ม.","เสา STEEL POLE เสาเหลี่ยม ขนาด 3""x3"" ยาว 2.20 ม.","เสา STEEL POLE เสาเหลี่ยม ขนาด 3""x3"" ยาว 2.20 ม.","เสา STEEL POLE เสาเหลี่ยม ขนาด 3""x3"" ยาว 2.20 ม.","เสา STEEL POLE เสาเหลี่ยม ขนาด 3""x3"" ยาว 2.20 ม.","ต้น","ต้น","ต้น","ต้น","ต้น","ต้น","4289","438","4727","4289","438","4727","4289","438","4727","equal","equal","equal","order_constrained_name_unit_source_ordinal","high","1","true","true","matched","false",""
"prod:63e9b96c-31da-421e-91e5-ffb69ef45156","stable_uuid","63e9b96c-31da-421e-91e5-ffb69ef45156","ITEM-0447","POL-STL-004","POL-STL-004","true","true","true","448","true","false","true","638","637","811","true","25","1","7","p25:t1:r7:display-4","329a62064a0fd4af0d197264b5f6686a9fb85f47d8981ef5f11f878cb8936503","เสา STEEL POLE เสาเหลี่ยม ขนาด 3""x3"" ยาว 2.50 ม.","เสา STEEL POLE เสาเหลี่ยม ขนาด 3""x3"" ยาว 2.50 ม.","เสา STEEL POLE เสาเหลี่ยม ขนาด 3""x3"" ยาว 2.50 ม.","เสา STEEL POLE เสาเหลี่ยม ขนาด 3""x3"" ยาว 2.50 ม.","เสา STEEL POLE เสาเหลี่ยม ขนาด 3""x3"" ยาว 2.50 ม.","เสา STEEL POLE เสาเหลี่ยม ขนาด 3""x3"" ยาว 2.50 ม.","ต้น","ต้น","ต้น","ต้น","ต้น","ต้น","4589","418","5007","4589","418","5007","4589","418","5007","equal","equal","equal","order_constrained_name_unit_source_ordinal","high","1","true","true","matched","false",""
"prod:ab82d307-b5b9-4ae7-95dc-17f52861f203","stable_uuid","ab82d307-b5b9-4ae7-95dc-17f52861f203","ITEM-0448","POL-STL-005","POL-STL-005","true","true","true","449","true","false","true","639","638","812","true","25","1","8","p25:t1:r8:display-5","497f0fc5cf7662449f2488353f66e9ec5069e3690a66e26af77f0767abd418c3","เสา STEEL POLE เสาเหลี่ยม ขนาด 3""x3"" ยาว 3.00 ม.","เสา STEEL POLE เสาเหลี่ยม ขนาด 3""x3"" ยาว 3.00 ม.","เสา STEEL POLE เสาเหลี่ยม ขนาด 3""x3"" ยาว 3.00 ม.","เสา STEEL POLE เสาเหลี่ยม ขนาด 3""x3"" ยาว 3.00 ม.","เสา STEEL POLE เสาเหลี่ยม ขนาด 3""x3"" ยาว 3.00 ม.","เสา STEEL POLE เสาเหลี่ยม ขนาด 3""x3"" ยาว 3.00 ม.","ต้น","ต้น","ต้น","ต้น","ต้น","ต้น","5113","577","5690","5113","577","5690","5113","577","5690","equal","equal","equal","order_constrained_name_unit_source_ordinal","high","1","true","true","matched","false",""
"prod:76c7a958-3e4f-4377-b4bf-d4e20a126995","stable_uuid","76c7a958-3e4f-4377-b4bf-d4e20a126995","ITEM-0449","PIL-STD-001","PIL-STD-001","true","true","true","450","true","false","true","640","639","815","true","25","1","11","p25:t1:r11:display-1","488198221b3d4556010e4d8e4510ab61661c3de1fc58d1ca266ee180b8db16ab","เสา คอร.ขนาด 0.25x0.25x3.50 ม.","เสา คอร.ขนาด 0.25x0.25x3.50 ม.","เสา คอร.ขนาด 0.25x0.25x3.50 ม.","เสา คอร.ขนาด 0.25x0.25x3.50 ม.","เสา คอร.ขนาด 0.25x0.25x3.50 ม.","เสา คอร.ขนาด 0.25x0.25x3.50 ม.","ต้น","ต้น","ต้น","ต้น","ต้น","ต้น","1335","515","1850","1335","515","1850","1335","515","1850","equal","equal","equal","order_constrained_name_unit_source_ordinal","high","1","true","true","matched","false",""
"prod:d5bdd67d-3b33-434d-8429-c3d536967ced","stable_uuid","d5bdd67d-3b33-434d-8429-c3d536967ced","ITEM-0450","PIL-STD-002","PIL-STD-002","true","true","true","451","true","false","true","641","640","816","true","25","1","12","p25:t1:r12:display-2","c1640f4d03272d4eecd2c5ebec7dfc420c1843cc062fde1efd7b0646b6671e9e","เสา คอร.ขนาด 0.25x0.25x4.50 ม.","เสา คอร.ขนาด 0.25x0.25x4.50 ม.","เสา คอร.ขนาด 0.25x0.25x4.50 ม.","เสา คอร.ขนาด 0.25x0.25x4.50 ม.","เสา คอร.ขนาด 0.25x0.25x4.50 ม.","เสา คอร.ขนาด 0.25x0.25x4.50 ม.","ต้น","ต้น","ต้น","ต้น","ต้น","ต้น","1704","632","2336","1704","632","2336","1704","633","2337","equal","different","different","order_constrained_name_unit_source_ordinal","high","1","true","true","proposed_confirmed_correction","true",""
"prod:dd9a2d09-853e-4580-a472-7e7cea86d9f9","stable_uuid","dd9a2d09-853e-4580-a472-7e7cea86d9f9","ITEM-0451","PIL-STD-003","PIL-STD-003","true","true","true","452","true","false","true","642","641","817","true","25","1","13","p25:t1:r13:display-3","cfa48d9a5da59f1cb4284d488d4f57ae66a22a426b66be1b1ec673d9f2399354","เสา คอร.ขนาด 0.25x0.25x5.50 ม.","เสา คอร.ขนาด 0.25x0.25x5.50 ม.","เสา คอร.ขนาด 0.25x0.25x5.50 ม.","เสา คอร.ขนาด 0.25x0.25x5.50 ม.","เสา คอร.ขนาด 0.25x0.25x5.50 ม.","เสา คอร.ขนาด 0.25x0.25x5.50 ม.","ต้น","ต้น","ต้น","ต้น","ต้น","ต้น","2071","776","2847","2071","776","2847","2071","776","2847","equal","equal","equal","order_constrained_name_unit_source_ordinal","high","1","true","true","matched","false",""
"prod:66ac9dd6-2ea3-46ad-8ee6-0c14ec752c90","stable_uuid","66ac9dd6-2ea3-46ad-8ee6-0c14ec752c90","ITEM-0452","PIL-STD-004","PIL-STD-004","true","true","true","453","true","false","true","643","642","818","true","25","1","14","p25:t1:r14:display-4","6d9ba5bcd1c141170be86182d809419df39241122edad927676166faf74d9590","เสา คอร.ขนาด 0.30x0.30x4.50 ม.","เสา คอร.ขนาด 0.30x0.30x4.50 ม.","เสา คอร.ขนาด 0.30x0.30x4.50 ม.","เสา คอร.ขนาด 0.30x0.30x4.50 ม.","เสา คอร.ขนาด 0.30x0.30x4.50 ม.","เสา คอร.ขนาด 0.30x0.30x4.50 ม.","ต้น","ต้น","ต้น","ต้น","ต้น","ต้น","2707","951","3658","2707","951","3658","2707","951","3658","equal","equal","equal","order_constrained_name_unit_source_ordinal","high","1","true","true","matched","false",""
"prod:41a43f65-ab81-48d1-b58f-35866e441bf6","stable_uuid","41a43f65-ab81-48d1-b58f-35866e441bf6","ITEM-0453","PIL-STD-005","PIL-STD-005","true","true","true","454","true","false","true","644","643","819","true","25","1","15","p25:t1:r15:display-5","aa7caea208e767425d3c12de8dc5d7b4e64862b838a17ee889e3482aea0515ac","เสา คอร.ขนาด 0.30x0.30x5.50 ม.","เสา คอร.ขนาด 0.30x0.30x5.50 ม.","เสา คอร.ขนาด 0.30x0.30x5.50 ม.","เสา คอร.ขนาด 0.30x0.30x5.50 ม.","เสา คอร.ขนาด 0.30x0.30x5.50 ม.","เสา คอร.ขนาด 0.30x0.30x5.50 ม.","ต้น","ต้น","ต้น","ต้น","ต้น","ต้น","3294","1147","4441","3294","1147","4441","3294","1148","4442","equal","different","different","order_constrained_name_unit_source_ordinal","high","1","true","true","proposed_confirmed_correction","true",""
"prod:07fdccd5-1384-4825-8031-0fa70991c568","stable_uuid","07fdccd5-1384-4825-8031-0fa70991c568","ITEM-0454","PIL-STD-006","PIL-STD-006","true","true","true","455","true","false","true","645","644","820","true","25","1","16","p25:t1:r16:display-6","0d79d729baa8471377ffb4005f37c5201e59e27afbf75e266706e2f3399cf143","เสา คอร.ขนาด 0.30x0.30x6.50 ม.","เสา คอร.ขนาด 0.30x0.30x6.50 ม.","เสา คอร.ขนาด 0.30x0.30x6.50 ม.","เสา คอร.ขนาด 0.30x0.30x6.50 ม.","เสา คอร.ขนาด 0.30x0.30x6.50 ม.","เสา คอร.ขนาด 0.30x0.30x6.50 ม.","ต้น","ต้น","ต้น","ต้น","ต้น","ต้น","3893","1341","5234","3893","1341","5234","3893","1342","5235","equal","different","different","order_constrained_name_unit_source_ordinal","high","1","true","true","proposed_confirmed_correction","true",""
"prod:d92f966c-513e-4589-b01b-f73cea98438a","stable_uuid","d92f966c-513e-4589-b01b-f73cea98438a","ITEM-0455","PIL-STD-007","PIL-STD-007","true","true","true","456","true","false","true","646","645","821","true","25","1","17","p25:t1:r17:display-7","9628618fd98f92b0682fd716d38430722d7bd6da5bf8adacbde944fb51d2b7ff","เสา คอร.ขนาด 0.35x0.35x4.50 ม.","เสา คอร.ขนาด 0.35x0.35x4.50 ม.","เสา คอร.ขนาด 0.35x0.35x4.50 ม.","เสา คอร.ขนาด 0.35x0.35x4.50 ม.","เสา คอร.ขนาด 0.35x0.35x4.50 ม.","เสา คอร.ขนาด 0.35x0.35x4.50 ม.","ต้น","ต้น","ต้น","ต้น","ต้น","ต้น","3437","1189","4626","3437","1189","4626","3437","1189","4626","equal","equal","equal","order_constrained_name_unit_source_ordinal","high","1","true","true","matched","false",""
"prod:5272c4fe-20d1-43ce-9488-6beaf9873c6c","stable_uuid","5272c4fe-20d1-43ce-9488-6beaf9873c6c","ITEM-0456","PIL-STD-008","PIL-STD-008","true","true","true","457","true","false","true","647","646","822","true","25","1","18","p25:t1:r18:display-8","40363fb781964851bdd2408a3cc52554195f840e49d651a614c69773b7ba2f0a","เสา คอร.ขนาด 0.35x0.35x5.50 ม.","เสา คอร.ขนาด 0.35x0.35x5.50 ม.","เสา คอร.ขนาด 0.35x0.35x5.50 ม.","เสา คอร.ขนาด 0.35x0.35x5.50 ม.","เสา คอร.ขนาด 0.35x0.35x5.50 ม.","เสา คอร.ขนาด 0.35x0.35x5.50 ม.","ต้น","ต้น","ต้น","ต้น","ต้น","ต้น","4166","1445","5611","4166","1445","5611","4166","1446","5612","equal","different","different","order_constrained_name_unit_source_ordinal","high","1","true","true","proposed_confirmed_correction","true",""
"prod:382cdb09-5def-403d-87ee-215f497e527b","stable_uuid","382cdb09-5def-403d-87ee-215f497e527b","ITEM-0457","PIL-STD-009","PIL-STD-009","true","true","true","458","true","false","true","648","647","823","true","25","1","19","p25:t1:r19:display-9","9baacc46e24d946aacd256cacf8857a5d04869d28deeb1434329815eab0beaaa","เสา คอร.ขนาด 0.35x0.35x6.50 ม.","เสา คอร.ขนาด 0.35x0.35x6.50 ม.","เสา คอร.ขนาด 0.35x0.35x6.50 ม.","เสา คอร.ขนาด 0.35x0.35x6.50 ม.","เสา คอร.ขนาด 0.35x0.35x6.50 ม.","เสา คอร.ขนาด 0.35x0.35x6.50 ม.","ต้น","ต้น","ต้น","ต้น","ต้น","ต้น","4932","1686","6618","4932","1686","6618","4932","1687","6619","equal","different","different","order_constrained_name_unit_source_ordinal","high","1","true","true","proposed_confirmed_correction","true",""
"prod:f94e153a-7afb-4e92-b32b-64340e2ab42d","stable_uuid","f94e153a-7afb-4e92-b32b-64340e2ab42d","ITEM-0458","PIL-STD-010","PIL-STD-010","true","true","true","459","true","false","true","649","648","824","true","25","1","20","p25:t1:r20:display-10","f125c8ccbef24867411f38f641aabb10fed827baf66334eb866ad58148075b99","เสา คอร.ขนาด 0.36x0.36x4.50 ม.","เสา คอร.ขนาด 0.36x0.36x4.50 ม.","เสา คอร.ขนาด 0.36x0.36x4.50 ม.","เสา คอร.ขนาด 0.36x0.36x4.50 ม.","เสา คอร.ขนาด 0.36x0.36x4.50 ม.","เสา คอร.ขนาด 0.36x0.36x4.50 ม.","ต้น","ต้น","ต้น","ต้น","ต้น","ต้น","3965","1371","5336","3965","1371","5336","3965","1372","5337","equal","different","different","order_constrained_name_unit_source_ordinal","high","1","true","true","proposed_confirmed_correction","true",""
"prod:c8986fed-9ff9-451b-8c2b-3b7de462a1e3","stable_uuid","c8986fed-9ff9-451b-8c2b-3b7de462a1e3","ITEM-0459","PIL-STD-011","PIL-STD-011","true","true","true","460","true","false","true","650","649","825","true","25","1","21","p25:t1:r21:display-11","6ba447d7f452e4a3a8fe06288e5c9a9dfdf29828e0bec892d768a82ffa56a9d0","เสา คอร.ขนาด 0.36x0.36x5.50 ม.","เสา คอร.ขนาด 0.36x0.36x5.50 ม.","เสา คอร.ขนาด 0.36x0.36x5.50 ม.","เสา คอร.ขนาด 0.36x0.36x5.50 ม.","เสา คอร.ขนาด 0.36x0.36x5.50 ม.","เสา คอร.ขนาด 0.36x0.36x5.50 ม.","ต้น","ต้น","ต้น","ต้น","ต้น","ต้น","4809","1686","6495","4809","1686","6495","4809","1687","6496","equal","different","different","order_constrained_name_unit_source_ordinal","high","1","true","true","proposed_confirmed_correction","true",""
"prod:c6c4131e-bf7c-4067-bdf9-fea2bf2c875c","stable_uuid","c6c4131e-bf7c-4067-bdf9-fea2bf2c875c","ITEM-0460","PIL-STD-012","PIL-STD-012","true","true","true","461","true","false","true","651","650","826","true","25","1","22","p25:t1:r22:display-12","7cb29f75f7ac130f12732002725d6b9c46611e1dd6de2276f758c08de97a5bf3","เสา คอร.ขนาด 0.36x0.36x6.50 ม.","เสา คอร.ขนาด 0.36x0.36x6.50 ม.","เสา คอร.ขนาด 0.36x0.36x6.50 ม.","เสา คอร.ขนาด 0.36x0.36x6.50 ม.","เสา คอร.ขนาด 0.36x0.36x6.50 ม.","เสา คอร.ขนาด 0.36x0.36x6.50 ม.","ต้น","ต้น","ต้น","ต้น","ต้น","ต้น","5694","1985","7679","5694","1985","7679","5694","1986","7680","equal","different","different","order_constrained_name_unit_source_ordinal","high","1","true","true","proposed_confirmed_correction","true",""
"prod:2ccb5619-4065-45b2-9bd0-86c17c031b7f","stable_uuid","2ccb5619-4065-45b2-9bd0-86c17c031b7f","ITEM-0461","PIL-STD-013","PIL-STD-013","true","true","true","462","true","false","true","652","651","827","true","25","1","23","p25:t1:r23:display-13","6ef4a8e483b0bdc87bb727c8834a08ee8a06e5fe69ad704b9a9a223a6485d2f7","เสา คอร.ขนาด 0.40x0.40x5.50 ม.","เสา คอร.ขนาด 0.40x0.40x5.50 ม.","เสา คอร.ขนาด 0.40x0.40x5.50 ม.","เสา คอร.ขนาด 0.40x0.40x5.50 ม.","เสา คอร.ขนาด 0.40x0.40x5.50 ม.","เสา คอร.ขนาด 0.40x0.40x5.50 ม.","ต้น","ต้น","ต้น","ต้น","ต้น","ต้น","5204","1780","6984","5204","1780","6984","5204","1781","6985","equal","different","different","order_constrained_name_unit_source_ordinal","high","1","true","true","proposed_confirmed_correction","true",""
"prod:25db6bc2-631b-45e8-880d-dbafd5b62d27","stable_uuid","25db6bc2-631b-45e8-880d-dbafd5b62d27","ITEM-0462","PIL-STD-014","PIL-STD-014","true","true","true","463","true","false","true","653","652","828","true","25","1","24","p25:t1:r24:display-14","29b69789d2b09a0518c56a74bd2eec7a26e69956d20f20864567d5e2993a8f82","เสา คอร.ขนาด 0.40x0.40x6.50 ม.","เสา คอร.ขนาด 0.40x0.40x6.50 ม.","เสา คอร.ขนาด 0.40x0.40x6.50 ม.","เสา คอร.ขนาด 0.40x0.40x6.50 ม.","เสา คอร.ขนาด 0.40x0.40x6.50 ม.","เสา คอร.ขนาด 0.40x0.40x6.50 ม.","ต้น","ต้น","ต้น","ต้น","ต้น","ต้น","6088","2067","8155","6088","2067","8155","6088","2068","8156","equal","different","different","order_constrained_name_unit_source_ordinal","high","1","true","true","proposed_confirmed_correction","true",""
"prod:2370bb46-f38f-4cce-938d-4a11f0169329","stable_uuid","2370bb46-f38f-4cce-938d-4a11f0169329","ITEM-0463","PIL-STD-015","PIL-STD-015","true","true","true","464","true","false","true","654","653","829","true","25","1","25","p25:t1:r25:display-15","d7fa066350ffb9dfc8ab71eb056246a0df9008c37f1e7f7a9621496e33988c92","เสา คอร.ขนาด 0.40x0.40x7.50 ม.","เสา คอร.ขนาด 0.40x0.40x7.50 ม.","เสา คอร.ขนาด 0.40x0.40x7.50 ม.","เสา คอร.ขนาด 0.40x0.40x7.50 ม.","เสา คอร.ขนาด 0.40x0.40x7.50 ม.","เสา คอร.ขนาด 0.40x0.40x7.50 ม.","ต้น","ต้น","ต้น","ต้น","ต้น","ต้น","7018","2353","9371","7018","2353","9371","7018","2354","9372","equal","different","different","order_constrained_name_unit_source_ordinal","high","1","true","true","proposed_confirmed_correction","true",""
"prod:9296f675-075f-490f-ad44-836fb21b1f2d","stable_uuid","9296f675-075f-490f-ad44-836fb21b1f2d","ITEM-0464","PCD-STD-001","PCD-STD-001","true","true","true","465","true","false","true","655","654","832","true","25","1","28","p25:t1:r28:display-1","cd524fdae55922eb7b1c253f18424b9d11a539ae26c060a0f1daf158bc74acb9","งานตอกเสาเข็ม  Section T 10x12 ซม. x 3.00 ม. รับท่อ  ตามแบบมาตรฐานเลขที่ 140","งานตอกเสาเข็ม Section T 10x12 ซม. x 3.00 ม. รับท่อ ตามแบบมาตรฐานเลขที่ 140","งานตอกเสาเข็ม Section T 10x12 ซม. x 3.00 ม. รับท่อ ตามแบบมาตรฐานเลขที่ 140","งานตอกเสาเข็ม Section T 10x12 ซม. x 3.00 ม. รับท่อ ตามแบบมาตรฐานเลขที่ 140","งานตอกเสาเข็ม Section T 10x12 ซม. x 3.00 ม. รบั ท่อ ตามแบบมาตรฐานเลขที่ 140","งานตอกเสาเข็ม Section T 10x12 ซม. x 3.00 ม. รบั ท่อ ตามแบบมาตรฐานเลขที่ 140","ต้น","ต้น","ต้น","ต้น","ต้น","ต้น","225","79","304","225","79","304","225","79","304","equal","equal","equal","order_constrained_name_unit_source_ordinal","high","0.95","true","true","matched","false",""
"prod:287a0f6c-802c-4949-a702-e7571d9e0dc5","stable_uuid","287a0f6c-802c-4949-a702-e7571d9e0dc5","ITEM-0465","PLM-STD-001","PLM-STD-001","true","true","true","466","true","false","true","656","655","835","true","25","1","31","p25:t1:r31:display-1","2190542f644e092bb8d91a1fbd79e3411be96b3558c97d1720e2bb8d9694db93","งานตอกเสาเข็ม  Section T 10x12 ซม. x 3.00 ม. รับบ่อพัก  ตามแบบมาตรฐานเลขที่ 141","งานตอกเสาเข็ม Section T 10x12 ซม. x 3.00 ม. รับบ่อพัก ตามแบบมาตรฐานเลขที่ 141","งานตอกเสาเข็ม Section T 10x12 ซม. x 3.00 ม. รับบ่อพัก ตามแบบมาตรฐานเลขที่ 141","งานตอกเสาเข็ม Section T 10x12 ซม. x 3.00 ม. รับบ่อพัก ตามแบบมาตรฐานเลขที่ 141","งานตอกเสาเข็ม Section T 10x12 ซม. x 3.00 ม. รบั บ่อพัก ตามแบบมาตรฐานเลขที่ 141","งานตอกเสาเข็ม Section T 10x12 ซม. x 3.00 ม. รบั บ่อพัก ตามแบบมาตรฐานเลขที่ 141","ต้น","ต้น","ต้น","ต้น","ต้น","ต้น","271","97","368","271","97","368","271","97","368","equal","equal","equal","order_constrained_name_unit_source_ordinal","high","0.968254","true","true","matched","false",""
"prod:e5f0b890-e914-41c9-b6cb-b2af5dc968c7","stable_uuid","e5f0b890-e914-41c9-b6cb-b2af5dc968c7","ITEM-0466","SUP-142-001","SUP-142-001","true","true","true","467","true","false","true","657","656","839","true","26","1","5","p26:t1:r5:display-1","cd094d8050414f3043894c2c8cbfbd7611ccb454deb866abaf4ac3ecfb6ec1ea","เสา Support ขนาด 0.20x0.20x5.00 ม. ตามแบบมาตรฐานเลขที่ 142","เสา Support ขนาด 0.20x0.20x5.00 ม. ตามแบบมาตรฐานเลขที่ 142","เสา Support ขนาด 0.20x0.20x5.00 ม. ตามแบบมาตรฐานเลขที่ 142","เสา Support ขนาด 0.20x0.20x5.00 ม. ตามแบบมาตรฐานเลขที่ 142","เสา Support ขนาด 0.20x0.20x5.00 ม. ตามแบบมาตรฐานเลขที่ 142","เสา Support ขนาด 0.20x0.20x5.00 ม. ตามแบบมาตรฐานเลขที่ 142","ต้น","ต้น","ต้น","ต้น","ต้น","ต้น","1810","989","2799","1810","989","2799","1810","989","2799","equal","equal","equal","order_constrained_name_unit_source_ordinal","high","1","true","true","matched","false",""
"prod:d92a0233-6625-4b29-af4c-962a7c80b37f","stable_uuid","d92a0233-6625-4b29-af4c-962a7c80b37f","ITEM-0467","SUP-142-002","SUP-142-002","true","true","true","468","true","false","true","658","657","840","true","26","1","6","p26:t1:r6:display-2","3434805d6f5e879ee0bfe77be9e8058d67860a1f82fb3ec81c04225ee40a4cfa","เสา Support ขนาด 0.20x0.20x6.00 ม.  ตามแบบมาตรฐานเลขที่ 142","เสา Support ขนาด 0.20x0.20x6.00 ม. ตามแบบมาตรฐานเลขที่ 142","เสา Support ขนาด 0.20x0.20x6.00 ม. ตามแบบมาตรฐานเลขที่ 142","เสา Support ขนาด 0.20x0.20x6.00 ม. ตามแบบมาตรฐานเลขที่ 142","เสา Support ขนาด 0.20x0.20x6.00 ม. ตามแบบมาตรฐานเลขที่ 142","เสา Support ขนาด 0.20x0.20x6.00 ม. ตามแบบมาตรฐานเลขที่ 142","ต้น","ต้น","ต้น","ต้น","ต้น","ต้น","2132","1123","3255","2132","1123","3255","2132","1123","3255","equal","equal","equal","order_constrained_name_unit_source_ordinal","high","1","true","true","matched","false",""
"prod:0880a500-1a53-488e-aaf7-8277b246435b","stable_uuid","0880a500-1a53-488e-aaf7-8277b246435b","ITEM-0468","SUP-142-003","SUP-142-003","true","true","true","469","true","false","true","659","658","841","true","26","1","7","p26:t1:r7:display-3","ffa902182c518a81e731dde8dc88f99dda9921d1da82e668d705a14f019c9169","เสา Support ขนาด 0.20x0.20x8.00 ม.  ตามแบบมาตรฐานเลขที่ 142","เสา Support ขนาด 0.20x0.20x8.00 ม. ตามแบบมาตรฐานเลขที่ 142","เสา Support ขนาด 0.20x0.20x8.00 ม. ตามแบบมาตรฐานเลขที่ 142","เสา Support ขนาด 0.20x0.20x8.00 ม. ตามแบบมาตรฐานเลขที่ 142","เสา Support ขนาด 0.20x0.20x8.00 ม. ตามแบบมาตรฐานเลขที่ 142","เสา Support ขนาด 0.20x0.20x8.00 ม. ตามแบบมาตรฐานเลขที่ 142","ต้น","ต้น","ต้น","ต้น","ต้น","ต้น","2746","1483","4229","2746","1483","4229","2746","1483","4229","equal","equal","equal","order_constrained_name_unit_source_ordinal","high","1","true","true","matched","false",""
"prod:660900de-4a1f-4dad-b754-2f9e5ba34b28","stable_uuid","660900de-4a1f-4dad-b754-2f9e5ba34b28","ITEM-0469","SUP-142-004","SUP-142-004","true","true","true","470","true","false","true","660","659","842","true","26","1","8","p26:t1:r8:display-4","57df13e1a3e52c62649bd90df612088c9228886c43973f6f8cf209f0793cd7fa","เสา Support ขนาด 0.20x0.20x10.00 ม. ตามแบบมาตรฐานเลขที่ 142","เสา Support ขนาด 0.20x0.20x10.00 ม. ตามแบบมาตรฐานเลขที่ 142","เสา Support ขนาด 0.20x0.20x10.00 ม. ตามแบบมาตรฐานเลขที่ 142","เสา Support ขนาด 0.20x0.20x10.00 ม. ตามแบบมาตรฐานเลขที่ 142","เสา Support ขนาด 0.20x0.20x10.00 ม. ตามแบบมาตรฐานเลขที่ 142","เสา Support ขนาด 0.20x0.20x10.00 ม. ตามแบบมาตรฐานเลขที่ 142","ต้น","ต้น","ต้น","ต้น","ต้น","ต้น","3360","1844","5204","3360","1844","5204","3360","1844","5204","equal","equal","equal","order_constrained_name_unit_source_ordinal","high","1","true","true","matched","false",""
"prod:12293f45-a8de-4a08-a60b-396601669a62","stable_uuid","12293f45-a8de-4a08-a60b-396601669a62","ITEM-0470","SUP-142-005","SUP-142-005","true","true","true","471","true","false","true","661","660","843","true","26","1","9","p26:t1:r9:display-5","3c9639775d90d31e4878d8121026dfbc224e00950e2f81e0f0d1a0b4ea76b266","เสา Support ขนาด 0.20x0.20x12.00 ม. ตามแบบมาตรฐานเลขที่ 142","เสา Support ขนาด 0.20x0.20x12.00 ม. ตามแบบมาตรฐานเลขที่ 142","เสา Support ขนาด 0.20x0.20x12.00 ม. ตามแบบมาตรฐานเลขที่ 142","เสา Support ขนาด 0.20x0.20x12.00 ม. ตามแบบมาตรฐานเลขที่ 142","เสา Support ขนาด 0.20x0.20x12.00 ม. ตามแบบมาตรฐานเลขที่ 142","เสา Support ขนาด 0.20x0.20x12.00 ม. ตามแบบมาตรฐานเลขที่ 142","ต้น","ต้น","ต้น","ต้น","ต้น","ต้น","3974","2204","6178","3974","2204","6178","3974","2204","6178","equal","equal","equal","order_constrained_name_unit_source_ordinal","high","1","true","true","matched","false",""
"prod:ccec09af-1fd8-4b83-aae1-6bb338e9ad68","stable_uuid","ccec09af-1fd8-4b83-aae1-6bb338e9ad68","ITEM-0471","SUP-142-006","SUP-142-006","true","true","true","472","true","false","true","662","661","844","true","26","1","10","p26:t1:r10:display-6","cb3f235c7070a49bfc0d9ec15275e3deed516c0b3c957e58e72956b260eb8b4c","เสา Support ขนาด 0.20x0.20x16.00 ม. ตามแบบมาตรฐานเลขที่ 142","เสา Support ขนาด 0.20x0.20x16.00 ม. ตามแบบมาตรฐานเลขที่ 142","เสา Support ขนาด 0.20x0.20x16.00 ม. ตามแบบมาตรฐานเลขที่ 142","เสา Support ขนาด 0.20x0.20x16.00 ม. ตามแบบมาตรฐานเลขที่ 142","เสา Support ขนาด 0.20x0.20x16.00 ม. ตามแบบมาตรฐานเลขที่ 142","เสา Support ขนาด 0.20x0.20x16.00 ม. ตามแบบมาตรฐานเลขที่ 142","ต้น","ต้น","ต้น","ต้น","ต้น","ต้น","8464","3926","12390","8464","3926","12390","8464","3926","12390","equal","equal","equal","order_constrained_name_unit_source_ordinal","high","1","true","true","matched","false",""
"prod:38ee57dc-0a70-40f5-9b8b-18bee3309434","stable_uuid","38ee57dc-0a70-40f5-9b8b-18bee3309434","ITEM-0472","SUP-154-001","SUP-154-001","true","true","true","473","true","false","true","663","662","847","true","26","1","13","p26:t1:r13:display-1","7bce114c1f136eb041cb248608bb1571d198dfc863253c7281a35f729b14ea7e","เสา Support ขนาด 0.25x0.25x6.00 ม. ตามแบบมาตรฐานเลขที่ 154","เสา Support ขนาด 0.25x0.25x6.00 ม. ตามแบบมาตรฐานเลขที่ 154","เสา Support ขนาด 0.25x0.25x6.00 ม. ตามแบบมาตรฐานเลขที่ 154","เสา Support ขนาด 0.25x0.25x6.00 ม. ตามแบบมาตรฐานเลขที่ 154","เสา Support ขนาด 0.25x0.25x6.00 ม. ตามแบบมาตรฐานเลขที่ 154","เสา Support ขนาด 0.25x0.25x6.00 ม. ตามแบบมาตรฐานเลขที่ 154","ต้น","ต้น","ต้น","ต้น","ต้น","ต้น","3394","1598","4992","3394","1598","4992","3394","1598","4992","equal","equal","equal","order_constrained_name_unit_source_ordinal","high","1","true","true","matched","false",""
"prod:9aa6570f-2364-43df-89c6-6eae381327e6","stable_uuid","9aa6570f-2364-43df-89c6-6eae381327e6","ITEM-0473","SUP-154-002","SUP-154-002","true","true","true","474","true","false","true","664","663","848","true","26","1","14","p26:t1:r14:display-2","2bbf97aa48c2be6bc8b7f80c7a5a87c2e1d88ce6b75c29f71a57f1ee55711a19","เสา Support ขนาด 0.25x0.25x8.00 ม.  ตามแบบมาตรฐานเลขที่ 154","เสา Support ขนาด 0.25x0.25x8.00 ม. ตามแบบมาตรฐานเลขที่ 154","เสา Support ขนาด 0.25x0.25x8.00 ม. ตามแบบมาตรฐานเลขที่ 154","เสา Support ขนาด 0.25x0.25x8.00 ม. ตามแบบมาตรฐานเลขที่ 154","เสา Support ขนาด 0.25x0.25x8.00 ม. ตามแบบมาตรฐานเลขที่ 154","เสา Support ขนาด 0.25x0.25x8.00 ม. ตามแบบมาตรฐานเลขที่ 154","ต้น","ต้น","ต้น","ต้น","ต้น","ต้น","4169","2027","6196","4169","2027","6196","4169","2027","6196","equal","equal","equal","order_constrained_name_unit_source_ordinal","high","1","true","true","matched","false",""
"prod:61b2cdf7-a31f-4d76-b837-f8fd1121bb18","stable_uuid","61b2cdf7-a31f-4d76-b837-f8fd1121bb18","ITEM-0474","SUP-154-003","SUP-154-003","true","true","true","475","true","false","true","665","664","849","true","26","1","15","p26:t1:r15:display-3","5551cd20fe4a8a0657dd354acb3e7a657f4fd7a784fe8c041c4e13e92357cb37","เสา Support ขนาด 0.25x0.25x10.00 ม. ตามแบบมาตรฐานเลขที่ 154","เสา Support ขนาด 0.25x0.25x10.00 ม. ตามแบบมาตรฐานเลขที่ 154","เสา Support ขนาด 0.25x0.25x10.00 ม. ตามแบบมาตรฐานเลขที่ 154","เสา Support ขนาด 0.25x0.25x10.00 ม. ตามแบบมาตรฐานเลขที่ 154","เสา Support ขนาด 0.25x0.25x10.00 ม. ตามแบบมาตรฐานเลขที่ 154","เสา Support ขนาด 0.25x0.25x10.00 ม. ตามแบบมาตรฐานเลขที่ 154","ต้น","ต้น","ต้น","ต้น","ต้น","ต้น","5019","2465","7484","5019","2465","7484","5019","2465","7484","equal","equal","equal","order_constrained_name_unit_source_ordinal","high","1","true","true","matched","false",""
"prod:723b1595-a77a-4ce2-b86e-2ca32ef69f79","stable_uuid","723b1595-a77a-4ce2-b86e-2ca32ef69f79","ITEM-0475","SUP-154-004","SUP-154-004","true","true","true","476","true","false","true","666","665","850","true","26","1","16","p26:t1:r16:display-4","f48918428fcf33b32096415858af35cc1cbf01b97635b62ba81b8302a6b4a1f1","เสา Support ขนาด 0.25x0.25x11.00 ม. ตามแบบมาตรฐานเลขที่ 154","เสา Support ขนาด 0.25x0.25x11.00 ม. ตามแบบมาตรฐานเลขที่ 154","เสา Support ขนาด 0.25x0.25x11.00 ม. ตามแบบมาตรฐานเลขที่ 154","เสา Support ขนาด 0.25x0.25x11.00 ม. ตามแบบมาตรฐานเลขที่ 154","เสา Support ขนาด 0.25x0.25x11.00 ม. ตามแบบมาตรฐานเลขที่ 154","เสา Support ขนาด 0.25x0.25x11.00 ม. ตามแบบมาตรฐานเลขที่ 154","ต้น","ต้น","ต้น","ต้น","ต้น","ต้น","5639","2755","8394","5639","2755","8394","5639","2755","8394","equal","equal","equal","order_constrained_name_unit_source_ordinal","high","1","true","true","matched","false",""
"prod:603a2b28-573a-45bb-804a-bdc5f7919d4e","stable_uuid","603a2b28-573a-45bb-804a-bdc5f7919d4e","ITEM-0476","SUP-154-005","SUP-154-005","true","true","true","477","true","false","true","667","666","851","true","26","1","17","p26:t1:r17:display-5","0b1dc9d77c004bdb216b5f3fa780278d7c86ef15dcb87aa750ec416861f6ab37","เสา Support ขนาด 0.25x0.25x12.00 ม. ตามแบบมาตรฐานเลขที่ 154","เสา Support ขนาด 0.25x0.25x12.00 ม. ตามแบบมาตรฐานเลขที่ 154","เสา Support ขนาด 0.25x0.25x12.00 ม. ตามแบบมาตรฐานเลขที่ 154","เสา Support ขนาด 0.25x0.25x12.00 ม. ตามแบบมาตรฐานเลขที่ 154","เสา Support ขนาด 0.25x0.25x12.00 ม. ตามแบบมาตรฐานเลขที่ 154","เสา Support ขนาด 0.25x0.25x12.00 ม. ตามแบบมาตรฐานเลขที่ 154","ต้น","ต้น","ต้น","ต้น","ต้น","ต้น","7113","3901","11014","7113","3901","11014","7113","3901","11014","equal","equal","equal","order_constrained_name_unit_source_ordinal","high","1","true","true","matched","false",""
"prod:fc01eb5e-14ee-4594-bd41-425ecc2ff7a7","stable_uuid","fc01eb5e-14ee-4594-bd41-425ecc2ff7a7","ITEM-0477","SUP-154-006","SUP-154-006","true","true","true","478","true","false","true","668","667","852","true","26","1","18","p26:t1:r18:display-6","1949d94bed06d5f9189ec4784f3f4ec63a7ffb10243a3721861fab0e85363400","เสา Support ขนาด 0.25x0.25x16.00 ม. ตามแบบมาตรฐานเลขที่ 154","เสา Support ขนาด 0.25x0.25x16.00 ม. ตามแบบมาตรฐานเลขที่ 154","เสา Support ขนาด 0.25x0.25x16.00 ม. ตามแบบมาตรฐานเลขที่ 154","เสา Support ขนาด 0.25x0.25x16.00 ม. ตามแบบมาตรฐานเลขที่ 154","เสา Support ขนาด 0.25x0.25x16.00 ม. ตามแบบมาตรฐานเลขที่ 154","เสา Support ขนาด 0.25x0.25x16.00 ม. ตามแบบมาตรฐานเลขที่ 154","ต้น","ต้น","ต้น","ต้น","ต้น","ต้น","13530","5734","19264","13530","5734","19264","13530","5734","19264","equal","equal","equal","order_constrained_name_unit_source_ordinal","high","1","true","true","matched","false",""
"prod:a38a5a15-33ed-4ba4-9c83-d9103b05dcb3","stable_uuid","a38a5a15-33ed-4ba4-9c83-d9103b05dcb3","ITEM-0478","DRN-STD-001","DRN-STD-001","true","true","true","479","true","false","true","669","668","855","true","26","1","21","p26:t1:r21:display-1","9d86fdbfeb592e09247ed8633c44b82987eb80f4019fefe5218e0317b5acebe4","งานรื้อย้ายท่อระบายน้ำขนาด Ø0.30 ม.x1.00 ม.","งานรื้อย้ายท่อระบายน้ําขนาด Ø0.30 ม.x1.00 ม.","งานรื้อย้ายท่อระบายน้ำขนาด Ø0.30 ม.x1.00 ม.","งานรื้อย้ายท่อระบายน้ําขนาด Ø0.30 ม.x1.00 ม.","งานรื้อย้ายท่อระบายน ้าขนาด Ø0.30 ม.x1.00 ม.","งานรื้อย้ายท่อระบายน ้าขนาด Ø0.30 ม.x1.00 ม.","ม.","ม.","ม.","ม.","ม.","ม.","2608","925","3533","2608","925","3533","2608","926","3534","equal","different","different","order_constrained_name_unit_source_ordinal","high","0.957746","true","true","proposed_confirmed_correction","true",""
"prod:ec79f469-ed24-4b3c-89ec-9edc9ccba549","stable_uuid","ec79f469-ed24-4b3c-89ec-9edc9ccba549","ITEM-0479","DRN-STD-002","DRN-STD-002","true","true","true","480","true","false","true","670","669","856","true","26","1","22","p26:t1:r22:display-2","0bbf3573646e4da74801ed1b433e5e3738999cc7b63898a7466715b5f116a304","งานรื้อย้ายท่อระบายน้ำขนาด Ø0.60 ม.x1.00 ม.","งานรื้อย้ายท่อระบายน้ําขนาด Ø0.60 ม.x1.00 ม.","งานรื้อย้ายท่อระบายน้ำขนาด Ø0.60 ม.x1.00 ม.","งานรื้อย้ายท่อระบายน้ําขนาด Ø0.60 ม.x1.00 ม.","งานรื้อย้ายท่อระบายน ้าขนาด Ø0.60 ม.x1.00 ม.","งานรื้อย้ายท่อระบายน ้าขนาด Ø0.60 ม.x1.00 ม.","ม.","ม.","ม.","ม.","ม.","ม.","3120","1108","4228","3120","1108","4228","3120","1109","4229","equal","different","different","order_constrained_name_unit_source_ordinal","high","0.957746","true","true","proposed_confirmed_correction","true",""
"prod:aa6eb882-153f-4d71-a635-cb0c27dfccb7","stable_uuid","aa6eb882-153f-4d71-a635-cb0c27dfccb7","ITEM-0480","DRN-STD-003","DRN-STD-003","true","true","true","481","true","false","true","671","670","857","true","26","1","23","p26:t1:r23:display-3","0619ded621c4ab22715ffce3adf2be49a96e63bb7ca16561ba1146729a0f6ed7","งานรื้อย้ายท่อระบายน้ำขนาด Ø0.80 ม.x1.00 ม.","งานรื้อย้ายท่อระบายน้ําขนาด Ø0.80 ม.x1.00 ม.","งานรื้อย้ายท่อระบายน้ำขนาด Ø0.80 ม.x1.00 ม.","งานรื้อย้ายท่อระบายน้ําขนาด Ø0.80 ม.x1.00 ม.","งานรื้อย้ายท่อระบายน ้าขนาด Ø0.80 ม.x1.00 ม.","งานรื้อย้ายท่อระบายน ้าขนาด Ø0.80 ม.x1.00 ม.","ม.","ม.","ม.","ม.","ม.","ม.","6519","2316","8835","6519","2316","8835","6519","2317","8836","equal","different","different","order_constrained_name_unit_source_ordinal","high","0.957746","true","true","proposed_confirmed_correction","true",""
"prod:6a544826-68a4-450a-93a8-ad94aeca5c23","stable_uuid","6a544826-68a4-450a-93a8-ad94aeca5c23","ITEM-0481","FTW-BLK-001","FTW-BLK-001","true","true","true","482","true","false","true","672","671","859","true","27","1","4","p27:t1:r4:display-1","5fe532151dd3fc35d6bfbc783efe9c57df36838b9e721af2251cf1632f59fad9","งานซ่อมทางเท้าปูอิฐอินเตอร์ล็อค (แบบธรรมดา) ตามแบบมาตรฐานเลขที่ ฟ. 1304","งานซ่อมทางเท้าปูอิฐอินเตอร์ล็อค (แบบธรรมดา) ตามแบบมาตรฐานเลขที่ ฟ. 1304","งานซ่อมทางเท้าปูอิฐอินเตอร์ล็อค (แบบธรรมดา) ตามแบบมาตรฐานเลขที่ ฟ. 1304","งานซ่อมทางเท้าปูอิฐอินเตอร์ล็อค (แบบธรรมดา) ตามแบบมาตรฐานเลขที่ ฟ. 1304","งานซ่อมทางเท้าปูอิฐอินเตอรล์ ็อค (แบบธรรมดา) ตามแบบมาตรฐานเลขที่ ฟ. 1304","งานซ่อมทางเท้าปูอิฐอินเตอรล์ ็อค (แบบธรรมดา) ตามแบบมาตรฐานเลขที่ ฟ. 1304","ตร.ม.","ตร.ม.","ตร.ม.","ตร.ม.","ตร.ม.","ตร.ม.","456","55","511","456","55","511","456","55","511","equal","equal","equal","order_constrained_name_unit_source_ordinal","high","0.952381","true","true","matched","false",""
"prod:229bbd2f-fe90-420d-a1b5-235d2fb00eca","stable_uuid","229bbd2f-fe90-420d-a1b5-235d2fb00eca","ITEM-0482","FTW-BLK-002","FTW-BLK-002","true","true","true","483","true","false","true","673","672","860","true","27","1","5","p27:t1:r5:display-2","e342b6de27a2f050d0eb5cee7c26c12a433171c7bc838c1cf83bad066898f455","งานซ่อมทางเท้าปูอิฐอินเตอร์ล็อค (แบบมีสี) ตามแบบมาตรฐานเลขที่ ฟ. 1305","งานซ่อมทางเท้าปูอิฐอินเตอร์ล็อค (แบบมีสี) ตามแบบมาตรฐานเลขที่ ฟ. 1305","งานซ่อมทางเท้าปูอิฐอินเตอร์ล็อค (แบบมีสี) ตามแบบมาตรฐานเลขที่ ฟ. 1305","งานซ่อมทางเท้าปูอิฐอินเตอร์ล็อค (แบบมีสี) ตามแบบมาตรฐานเลขที่ ฟ. 1305","งานซ่อมทางเท้าปูอิฐอินเตอรล์ ็อค (แบบมีสี) ตามแบบมาตรฐานเลขที่ ฟ. 1305","งานซ่อมทางเท้าปูอิฐอินเตอรล์ ็อค (แบบมีสี) ตามแบบมาตรฐานเลขที่ ฟ. 1305","ตร.ม.","ตร.ม.","ตร.ม.","ตร.ม.","ตร.ม.","ตร.ม.","535","55","590","535","55","590","535","55","590","equal","equal","equal","order_constrained_name_unit_source_ordinal","high","0.95082","true","true","matched","false",""
"prod:272fdba1-fe39-4cfd-8afa-fd1ddce57300","stable_uuid","272fdba1-fe39-4cfd-8afa-fd1ddce57300","ITEM-0483","FTW-SLB-001","FTW-SLB-001","true","true","true","484","true","false","true","674","673","861","true","27","1","6","p27:t1:r6:display-3","e852807f834a197957e709c73c93e4caa3fedfced70db9d0f3df2383379741e3","งานซ่อมทางเท้าปูกระเบื้อง CERAMIC ขนาด 0.30 x 0.30 ม.","งานซ่อมทางเท้าปูกระเบื้อง CERAMIC ขนาด 0.30 x 0.30 ม.","งานซ่อมทางเท้าปูกระเบื้อง CERAMIC ขนาด 0.30 x 0.30 ม.","งานซ่อมทางเท้าปูกระเบื้อง CERAMIC ขนาด 0.30 x 0.30 ม.","งานซ่อมทางเท้าปูกระเบื้อง CERAMIC ขนาด 0.30 x 0.30 ม.","งานซ่อมทางเท้าปูกระเบื้อง CERAMIC ขนาด 0.30 x 0.30 ม.","ตร.ม.","ตร.ม.","ตร.ม.","ตร.ม.","ตร.ม.","ตร.ม.","356","158","514","356","158","514","356","158","514","equal","equal","equal","order_constrained_name_unit_source_ordinal","high","1","true","true","matched","false",""
"prod:de968120-ff2d-4142-aff0-0f7b56d9dc79","stable_uuid","de968120-ff2d-4142-aff0-0f7b56d9dc79","ITEM-0484","FTW-SLB-002","FTW-SLB-002","true","true","true","485","true","false","true","675","674","862","true","27","1","7","p27:t1:r7:display-4","259f30be387a4a198d7f6a850b35a8270bddc394b87df4b5a3a0ba9676064746","งานซ่อมทางเท้าปูแผ่นคอนกรีต ขนาด 0.30 x 0.30 x 0.025 ม.","งานซ่อมทางเท้าปูแผ่นคอนกรีต ขนาด 0.30 x 0.30 x 0.025 ม.","งานซ่อมทางเท้าปูแผ่นคอนกรีต ขนาด 0.30 x 0.30 x 0.025 ม.","งานซ่อมทางเท้าปูแผ่นคอนกรีต ขนาด 0.30 x 0.30 x 0.025 ม.","งานซ่อมทางเท้าปูแผ่นคอนกรตี ขนาด 0.30 x 0.30 x 0.025 ม.","งานซ่อมทางเท้าปูแผ่นคอนกรตี ขนาด 0.30 x 0.30 x 0.025 ม.","ตร.ม.","ตร.ม.","ตร.ม.","ตร.ม.","ตร.ม.","ตร.ม.","333","158","491","333","158","491","333","158","491","equal","equal","equal","order_constrained_name_unit_source_ordinal","high","0.930233","true","true","matched","false",""
"prod:d171aecc-ec64-472e-a491-f6f74ec84e60","stable_uuid","d171aecc-ec64-472e-a491-f6f74ec84e60","ITEM-0485","FTW-SLB-003","FTW-SLB-003","true","true","true","486","true","false","true","676","675","863","true","27","1","8","p27:t1:r8:display-5","c79c4a8e662bd5598b1d74770fac711837ece14f56e889e4338d0249ca661500","งานซ่อมทางเท้าปูแผ่นคอนกรีต ขนาด 0.40 x 0.40 x 0.030 ม.","งานซ่อมทางเท้าปูแผ่นคอนกรีต ขนาด 0.40 x 0.40 x 0.030 ม.","งานซ่อมทางเท้าปูแผ่นคอนกรีต ขนาด 0.40 x 0.40 x 0.030 ม.","งานซ่อมทางเท้าปูแผ่นคอนกรีต ขนาด 0.40 x 0.40 x 0.030 ม.","งานซ่อมทางเท้าปูแผ่นคอนกรตี ขนาด 0.40 x 0.40 x 0.030 ม.","งานซ่อมทางเท้าปูแผ่นคอนกรตี ขนาด 0.40 x 0.40 x 0.030 ม.","ตร.ม.","ตร.ม.","ตร.ม.","ตร.ม.","ตร.ม.","ตร.ม.","288","158","446","288","158","446","288","158","446","equal","equal","equal","order_constrained_name_unit_source_ordinal","high","0.930233","true","true","matched","false",""
"prod:1988bdcf-31aa-46e6-8ab4-0919accbae23","stable_uuid","1988bdcf-31aa-46e6-8ab4-0919accbae23","ITEM-0486","FTW-SLB-004","FTW-SLB-004","true","true","true","487","true","false","true","677","676","864","true","27","1","9","p27:t1:r9:display-6","d1482ecf2ffdfb492265e1a31ce7d5048404b25d8020f4e4ebb26d02e7247725","งานซ่อมทางเท้าปูแผ่นกระเบื้องลายสานเส้นเทา ขนาด 0.40 x 0.40 x 0.035 ม.","งานซ่อมทางเท้าปูแผ่นกระเบื้องลายสานเส้นเทา ขนาด 0.40 x 0.40 x 0.035 ม.","งานซ่อมทางเท้าปูแผ่นกระเบื้องลายสานเส้นเทา ขนาด 0.40 x 0.40 x 0.035 ม.","งานซ่อมทางเท้าปูแผ่นกระเบื้องลายสานเส้นเทา ขนาด 0.40 x 0.40 x 0.035 ม.","งานซ่อมทางเท้าปูแผ่นกระเบื้องลายสานเส้นเทา ขนาด 0.40 x 0.40 x 0.035 ม.","งานซ่อมทางเท้าปูแผ่นกระเบื้องลายสานเส้นเทา ขนาด 0.40 x 0.40 x 0.035 ม.","ตร.ม.","ตร.ม.","ตร.ม.","ตร.ม.","ตร.ม.","ตร.ม.","522","158","680","522","158","680","522","158","680","equal","equal","equal","order_constrained_name_unit_source_ordinal","high","1","true","true","matched","false",""
"prod:b024b6c5-a6dd-4f8b-ab59-083fdd196c40","stable_uuid","b024b6c5-a6dd-4f8b-ab59-083fdd196c40","ITEM-0487","FTW-SLB-005","FTW-SLB-005","true","true","true","488","true","false","true","678","677","865","true","27","1","10","p27:t1:r10:display-7","2ffcc1627cd8670b102fa71756d5ca6947f4bc5332b0fb3b9129c4e26964292c","งานซ่อมทางเท้าปูแผ่นคอนกรีตอัดแรง ขนาด 0.40 x 0.40 ม.","งานซ่อมทางเท้าปูแผ่นคอนกรีตอัดแรง ขนาด 0.40 x 0.40 ม.","งานซ่อมทางเท้าปูแผ่นคอนกรีตอัดแรง ขนาด 0.40 x 0.40 ม.","งานซ่อมทางเท้าปูแผ่นคอนกรีตอัดแรง ขนาด 0.40 x 0.40 ม.","งานซ่อมทางเท้าปูแผ่นคอนกรตี อัดแรง ขนาด 0.40 x 0.40 ม.","งานซ่อมทางเท้าปูแผ่นคอนกรตี อัดแรง ขนาด 0.40 x 0.40 ม.","ตร.ม.","ตร.ม.","ตร.ม.","ตร.ม.","ตร.ม.","ตร.ม.","210","158","368","210","158","368","210","158","368","equal","equal","equal","order_constrained_name_unit_source_ordinal","high","0.931818","true","true","matched","false",""
"prod:ff5a43ab-8758-45b3-8ca6-82fc832bf82e","stable_uuid","ff5a43ab-8758-45b3-8ca6-82fc832bf82e","ITEM-0488","FTW-SLB-006","FTW-SLB-006","true","true","true","489","true","false","true","679","678","866","true","27","1","11","p27:t1:r11:display-8","157a0916af62ee439f61901bee1196415ad7a78fab698c282702e22af9b2e182","งานซ่อมทางเท้าปูแผ่นหินแกรนิต ขนาด 0.30 x 0.60 ม.","งานซ่อมทางเท้าปูแผ่นหินแกรนิต ขนาด 0.30 x 0.60 ม.","งานซ่อมทางเท้าปูแผ่นหินแกรนิต ขนาด 0.30 x 0.60 ม.","งานซ่อมทางเท้าปูแผ่นหินแกรนิต ขนาด 0.30 x 0.60 ม.","งานซ่อมทางเท้าปูแผ่นหินแกรนิต ขนาด 0.30 x 0.60 ม.","งานซ่อมทางเท้าปูแผ่นหินแกรนิต ขนาด 0.30 x 0.60 ม.","ตร.ม.","ตร.ม.","ตร.ม.","ตร.ม.","ตร.ม.","ตร.ม.","1133","198","1331","1133","198","1331","1133","198","1331","equal","equal","equal","order_constrained_name_unit_source_ordinal","high","1","true","true","matched","false",""
"prod:2213c1a6-d7d1-4989-b028-3dc12c01ca76","stable_uuid","2213c1a6-d7d1-4989-b028-3dc12c01ca76","ITEM-0489","FTW-BLK-003","FTW-BLK-003","true","true","true","490","true","false","true","680","679","867","true","27","1","12","p27:t1:r12:display-9","088d7d7103cacada295213c6a576cdd9f32f33b0e2a9310e1eadd6817ad9f995","งานซ่อมทางเท้าปูบล็อคลายอัฐศิลา (8เหลี่ยม)  สีส้ม แดง เหลือง น้ำตาล","งานซ่อมทางเท้าปูบล็อคลายอัฐศิลา (8เหลี่ยม) สีส้ม แดง เหลือง น้ําตาล","งานซ่อมทางเท้าปูบล็อคลายอัฐศิลา (8เหลี่ยม) สีส้ม แดง เหลือง น้ำตาล","งานซ่อมทางเท้าปูบล็อคลายอัฐศิลา (8เหลี่ยม) สีส้ม แดง เหลือง น้ําตาล","งานซ่อมทางเท้าปูบล็อคลายอัฐศิลา (8เหลี่ยม) สีส้ม แดง เหลือง น ้าตาล","งานซ่อมทางเท้าปูบล็อคลายอัฐศิลา (8เหลี่ยม) สีส้ม แดง เหลือง น ้าตาล","ตร.ม.","ตร.ม.","ตร.ม.","ตร.ม.","ตร.ม.","ตร.ม.","638","55","693","638","55","693","638","55","693","equal","equal","equal","order_constrained_name_unit_source_ordinal","high","0.974359","true","true","matched","false",""
"prod:bd2e9885-550b-4b54-9b33-bf8ce95c6680","stable_uuid","bd2e9885-550b-4b54-9b33-bf8ce95c6680","ITEM-0490","FTW-CON-001","FTW-CON-001","true","true","true","491","true","false","true","681","680","868","true","27","1","13","p27:t1:r13:display-10","2655cf0bf2fa79e5bd7211c5bfbff1de1e2a89546dea4f05917168da2cb4bb44","งานซ่อมทางเท้าเทคอนกรีตหนา  0.06  ม. ตีเส้น","งานซ่อมทางเท้าเทคอนกรีตหนา 0.06 ม. ตีเส้น","งานซ่อมทางเท้าเทคอนกรีตหนา 0.06 ม. ตีเส้น","งานซ่อมทางเท้าเทคอนกรีตหนา 0.06 ม. ตีเส้น","งานซ่อมทางเท้าเทคอนกรตี หนา 0.06 ม. ตีเส้น","งานซ่อมทางเท้าเทคอนกรตี หนา 0.06 ม. ตีเส้น","ตร.ม.","ตร.ม.","ตร.ม.","ตร.ม.","ตร.ม.","ตร.ม.","340","83","423","340","83","423","340","83","423","equal","equal","equal","order_constrained_name_unit_source_ordinal","high","0.914286","true","true","matched","false",""
"prod:11eefbcb-16e2-4758-b22d-ee6081a4ca9e","stable_uuid","11eefbcb-16e2-4758-b22d-ee6081a4ca9e","ITEM-0491","FTW-CON-002","FTW-CON-002","true","true","true","492;719","true","false","true","682","681","869","true","27","1","14","p27:t1:r14:display-11","e71734369dd0583b2b014544416cf8801c21431ba0c3d426fdbc949b0a7620ad","งานซ่อมทางเท้าด้วย  Stamped Concrete (คอนกรีตพิมพ์ลาย) หนา 0.06 ม.","งานซ่อมทางเท้าด้วย Stamped Concrete (คอนกรีตพิมพ์ลาย) หนา 0.06 ม.","งานซ่อมทางเท้างานซ่อมทางเท้าด้วย Stamped Concrete (คอนกรีตพิมพ์ลาย) หนา 0.06 ม.","งานซ่อมทางเท้างานซ่อมทางเท้าด้วย Stamped Concrete (คอนกรีตพิมพ์ลาย) หนา 0.06 ม.","งานซ่อมทางเท้างานซ่อมทางเท้าด้วย Stamped Concrete (คอนกรตี พิมพ์ลาย) หนา 0.06 ม.","งานซ่อมทางเท้างานซ่อมทางเท้าด้วย Stamped Concrete (คอนกรตี พิมพ์ลาย) หนา 0.06 ม.","ตร.ม.","ตร.ม.","ตร.ม.","ตร.ม.","ตร.ม.","ตร.ม.","299","248","547","299","248","547","299","248","547","equal","equal","equal","order_constrained_name_unit_source_ordinal","high","0.955882","true","true","matched","false","authority_resolved_multiple_bridge_rows"
"prod:c143c313-bc00-4126-ba8a-2b4ec05f76b0","stable_uuid","c143c313-bc00-4126-ba8a-2b4ec05f76b0","ITEM-0492","FTW-SLB-007","FTW-SLB-007","true","true","true","493","true","false","true","683","682","870","true","27","1","15","p27:t1:r15:display-12","59d4bf7c198a25c1b65eb2be572ff1b4a8e4431dbdca349372ca68c61dcdaf6e","งานซ่อมทางเท้าเทคอนกรีตรองรับแผ่นกระเบื้อง","งานซ่อมทางเท้าเทคอนกรีตรองรับแผ่นกระเบื้อง","งานซ่อมทางเท้าเทคอนกรีตรองรับแผ่นกระเบื้อง","งานซ่อมทางเท้าเทคอนกรีตรองรับแผ่นกระเบื้อง","งานซ่อมทางเท้าเทคอนกรตี รองรบั แผ่นกระเบื้อง","งานซ่อมทางเท้าเทคอนกรตี รองรบั แผ่นกระเบื้อง","ตร.ม.","ตร.ม.","ตร.ม.","ตร.ม.","ตร.ม.","ตร.ม.","273","38","311","273","38","311","273","38","311","equal","equal","equal","order_constrained_name_unit_source_ordinal","high","0.853659","true","true","matched","false",""
"prod:58aeff45-e6f8-46c7-9464-179d19da8412","stable_uuid","58aeff45-e6f8-46c7-9464-179d19da8412","ITEM-0493","FTW-ASP-001","FTW-ASP-001","true","true","true","494","true","false","true","684","683","871","true","27","1","16","p27:t1:r16:display-13","09dbd60f11f2d674bbebd1764c9d3652ba883fc74d03442e6449631a12ec392e","งานซ่อมทางเท้าเทแอสฟัลต์หนา 0.04 ม.","งานซ่อมทางเท้าเทแอสฟัลต์หนา 0.04 ม.","งานซ่อมทางเท้าเทแอสฟัลต์หนา 0.04 ม.","งานซ่อมทางเท้าเทแอสฟัลต์หนา 0.04 ม.","งานซ่อมทางเท้าเทแอสฟัลต์หนา 0.04 ม.","งานซ่อมทางเท้าเทแอสฟัลต์หนา 0.04 ม.","ตร.ม.","ตร.ม.","ตร.ม.","ตร.ม.","ตร.ม.","ตร.ม.","316","246","562","316","246","562","316","246","562","equal","equal","equal","order_constrained_name_unit_source_ordinal","high","1","true","true","matched","false",""
"prod:41430c97-33e2-47b1-ba19-bf0b852d5dba","stable_uuid","41430c97-33e2-47b1-ba19-bf0b852d5dba","ITEM-0494","FTW-CUR-001","FTW-CUR-001","true","true","true","495","true","false","true","685","684","872","true","27","1","17","p27:t1:r17:display-14","0f02e31873aa1c4b905c77bda4d90160cd26649c7f7e1bf316ed56564a01895b","งานซ่อมคันหิน ตามแบบมาตรฐานเลขที่ ถ. 620/29","งานซ่อมคันหิน ตามแบบมาตรฐานเลขที่ ถ. 620/29","งานซ่อมคันหิน ตามแบบมาตรฐานเลขที่ ถ. 620/29","งานซ่อมคันหิน ตามแบบมาตรฐานเลขที่ ถ. 620/29","งานซ่อมคันหิน ตามแบบมาตรฐานเลขที่ ถ. 620/29","งานซ่อมคันหิน ตามแบบมาตรฐานเลขที่ ถ. 620/29","ม.","ม.","ม.","ม.","ม.","ม.","223","64","287","223","64","287","223","64","287","equal","equal","equal","order_constrained_name_unit_source_ordinal","high","1","true","true","matched","false",""
"prod:b8fcf4ca-065d-49a2-a6e8-a8b2b9bac4db","stable_uuid","b8fcf4ca-065d-49a2-a6e8-a8b2b9bac4db","ITEM-0495","FTW-CUR-002","FTW-CUR-002","true","true","true","496","true","false","true","686","685","873","true","27","1","18","p27:t1:r18:display-15","1207a46a232060ddef604d07bcee06a2bf72773b7475e21d25be7f92dc9b66b5","งานซ่อมคันหินรางตื้น ตามแบบมาตรฐานเลขที่ ถ. 620/30","งานซ่อมคันหินรางตื้น ตามแบบมาตรฐานเลขที่ ถ. 620/30","งานซ่อมคันหินรางตื้น ตามแบบมาตรฐานเลขที่ ถ. 620/30","งานซ่อมคันหินรางตื้น ตามแบบมาตรฐานเลขที่ ถ. 620/30","งานซ่อมคันหินรางตื้น ตามแบบมาตรฐานเลขที่ ถ. 620/30","งานซ่อมคันหินรางตื้น ตามแบบมาตรฐานเลขที่ ถ. 620/30","ม.","ม.","ม.","ม.","ม.","ม.","634","213","847","634","213","847","634","213","847","equal","equal","equal","order_constrained_name_unit_source_ordinal","high","1","true","true","matched","false",""
"prod:028f0b43-e533-466b-b416-46f8605a7880","stable_uuid","028f0b43-e533-466b-b416-46f8605a7880","ITEM-0496","FTW-CUR-003","FTW-CUR-003","true","true","true","497","true","false","true","687","686","874","true","27","1","19","p27:t1:r19:display-16","5c470664d86405de32ec7f0a5d26da53b8008ea8b58138cd51ef3085047abbd2","งานซ่อมรางวี ตามแบบมาตรฐานเลขที่ ท.78/18","งานซ่อมรางวี ตามแบบมาตรฐานเลขที่ ท.78/18","งานซ่อมรางวี ตามแบบมาตรฐานเลขที่ ท.78/18","งานซ่อมรางวี ตามแบบมาตรฐานเลขที่ ท.78/18","งานซ่อมรางว ีตามแบบมาตรฐานเลขที่ ท.78/18","งานซ่อมรางว ีตามแบบมาตรฐานเลขที่ ท.78/18","ม.","ม.","ม.","ม.","ม.","ม.","524","192","716","524","192","716","524","192","716","equal","equal","equal","order_constrained_name_unit_source_ordinal","high","1","true","true","matched","false",""
"prod:e84d4b09-394f-48b0-917c-b1da36c2d1f5","stable_uuid","e84d4b09-394f-48b0-917c-b1da36c2d1f5","ITEM-0497","RDW-RC0-001","RDW-RC0-001","true","true","true","498","true","false","true","688","687","877","true","27","1","22","p27:t1:r22:display-1","7f7c444b752cffc62a0393726a504717abf5b60b24da1b7afc8c5f2a50eab5f6","งานซ่อมถนนคอนกรีตเสริมเหล็กหนา 0.06 ม.","งานซ่อมถนนคอนกรีตเสริมเหล็กหนา 0.06 ม.","งานซ่อมถนนคอนกรีตเสริมเหล็กหนา 0.06 ม.","งานซ่อมถนนคอนกรีตเสริมเหล็กหนา 0.06 ม.","งานซ่อมถนนคอนกรตี เสรมิ เหล็กหนา 0.06 ม.","งานซ่อมถนนคอนกรตี เสรมิ เหล็กหนา 0.06 ม.","ตร.ม.","ตร.ม.","ตร.ม.","ตร.ม.","ตร.ม.","ตร.ม.","341","99","440","341","99","440","341","99","440","equal","equal","equal","order_constrained_name_unit_source_ordinal","high","0.818182","true","true","matched","false",""
"prod:f353f6a6-1cab-4a2d-be32-4c4205efd47b","stable_uuid","f353f6a6-1cab-4a2d-be32-4c4205efd47b","ITEM-0498","RDW-RC0-002","RDW-RC0-002","true","true","true","499","true","false","true","689","688","878","true","27","1","23","p27:t1:r23:display-2","c0ca7706046dc4c4553b0a84f25292623632a60b7430edb560e93ae64fe7739d","งานซ่อมถนนคอนกรีตเสริมเหล็กหนา 0.10 ม.","งานซ่อมถนนคอนกรีตเสริมเหล็กหนา 0.10 ม.","งานซ่อมถนนคอนกรีตเสริมเหล็กหนา 0.10 ม.","งานซ่อมถนนคอนกรีตเสริมเหล็กหนา 0.10 ม.","งานซ่อมถนนคอนกรตี เสรมิ เหล็กหนา 0.10 ม.","งานซ่อมถนนคอนกรตี เสรมิ เหล็กหนา 0.10 ม.","ตร.ม.","ตร.ม.","ตร.ม.","ตร.ม.","ตร.ม.","ตร.ม.","469","138","607","469","138","607","469","138","607","equal","equal","equal","order_constrained_name_unit_source_ordinal","high","0.818182","true","true","matched","false",""
"prod:0fadcaf0-edab-4005-b7c1-e6fc88c12ad1","stable_uuid","0fadcaf0-edab-4005-b7c1-e6fc88c12ad1","ITEM-0499","RDW-RC0-003","RDW-RC0-003","true","true","true","500","true","false","true","690","689","879","true","27","1","24","p27:t1:r24:display-3","666ad733af9da68a7076646bb76e77d561d06de1c0c447d5127fc01adbc9218d","งานซ่อมถนนคอนกรีตเสริมเหล็กหนา 0.15 ม.ตามแบบมาตรฐานเลขที่ 15/29","งานซ่อมถนนคอนกรีตเสริมเหล็กหนา 0.15 ม.ตามแบบมาตรฐานเลขที่ 15/29","งานซ่อมถนนคอนกรีตเสริมเหล็กหนา 0.15 ม.ตามแบบมาตรฐานเลขที่ 15/29","งานซ่อมถนนคอนกรีตเสริมเหล็กหนา 0.15 ม.ตามแบบมาตรฐานเลขที่ 15/29","งานซ่อมถนนคอนกรตี เสรมิ เหล็กหนา 0.15 ม.ตามแบบมาตรฐานเลขที่ 15/29","งานซ่อมถนนคอนกรตี เสรมิ เหล็กหนา 0.15 ม.ตามแบบมาตรฐานเลขที่ 15/29","ตร.ม.","ตร.ม.","ตร.ม.","ตร.ม.","ตร.ม.","ตร.ม.","632","187","819","632","187","819","632","187","819","equal","equal","equal","order_constrained_name_unit_source_ordinal","high","0.894737","true","true","matched","false",""
"prod:7c67dd85-587b-4951-bf36-88978de28255","stable_uuid","7c67dd85-587b-4951-bf36-88978de28255","ITEM-0500","RDW-RC0-004","RDW-RC0-004","true","true","true","501","true","false","true","691","690","880","true","27","1","25","p27:t1:r25:display-4","0cf3e52fa6b3004845ed47181ddb8361738ef7548602e9bd92ed855f1b5d63e5","งานซ่อมถนนคอนกรีตเสริมเหล็กหนา 0.15 ม. (แข็งตัวเร็ว 6 ชม.) ตามแบบเลขที่ 15/29","งานซ่อมถนนคอนกรีตเสริมเหล็กหนา 0.15 ม. (แข็งตัวเร็ว 6 ชม.) ตามแบบเลขที่ 15/29","งานซ่อมถนนคอนกรีตเสริมเหล็กหนา 0.15 ม. (แข็งตัวเร็ว 6 ชม.) ตามแบบเลขที่ 15/29","งานซ่อมถนนคอนกรีตเสริมเหล็กหนา 0.15 ม. (แข็งตัวเร็ว 6 ชม.) ตามแบบเลขที่ 15/29","งานซ่อมถนนคอนกรตี เสรมิ เหล็กหนา 0.15 ม. (แข็งตัวเรว็ 6 ชม.) ตามแบบเลขที่ 15/29","งานซ่อมถนนคอนกรตี เสรมิ เหล็กหนา 0.15 ม. (แข็งตัวเรว็ 6 ชม.) ตามแบบเลขที่ 15/29","ตร.ม.","ตร.ม.","ตร.ม.","ตร.ม.","ตร.ม.","ตร.ม.","966","187","1153","966","187","1153","966","187","1153","equal","equal","equal","order_constrained_name_unit_source_ordinal","high","0.859375","true","true","matched","false",""
"prod:3b25d767-b3af-49ed-9225-c0cc72c1d42f","stable_uuid","3b25d767-b3af-49ed-9225-c0cc72c1d42f","ITEM-0501","RDW-RC0-005","RDW-RC0-005","true","true","true","502","true","false","true","692","691","881","true","27","1","26","p27:t1:r26:display-5","f12effb9ae307c35b352e87015912a9117f459750be1916f44c24d8701d70b30","งานซ่อมถนนคอนกรีตเสริมเหล็กหนา 0.20 ม. ตามแบบมาตรฐานเลขที่ 20/29","งานซ่อมถนนคอนกรีตเสริมเหล็กหนา 0.20 ม. ตามแบบมาตรฐานเลขที่ 20/29","งานซ่อมถนนคอนกรีตเสริมเหล็กหนา 0.20 ม. ตามแบบมาตรฐานเลขที่ 20/29","งานซ่อมถนนคอนกรีตเสริมเหล็กหนา 0.20 ม. ตามแบบมาตรฐานเลขที่ 20/29","งานซ่อมถนนคอนกรตี เสรมิ เหล็กหนา 0.20 ม. ตามแบบมาตรฐานเลขที่ 20/29","งานซ่อมถนนคอนกรตี เสรมิ เหล็กหนา 0.20 ม. ตามแบบมาตรฐานเลขที่ 20/29","ตร.ม.","ตร.ม.","ตร.ม.","ตร.ม.","ตร.ม.","ตร.ม.","830","247","1077","830","247","1077","830","247","1077","equal","equal","equal","order_constrained_name_unit_source_ordinal","high","0.894737","true","true","matched","false",""
"prod:f74cc582-be80-4405-abea-b41faf05e99c","stable_uuid","f74cc582-be80-4405-abea-b41faf05e99c","ITEM-0502","RDW-RC0-006","RDW-RC0-006","true","true","true","503","true","false","true","693","692","882","true","27","1","27","p27:t1:r27:display-6","bae945cde5103a9df2592e4665bef8d689fe2da6b11360681e3c181ac7e5d16b","งานซ่อมถนนคอนกรีตเสริมเหล็กหนา 0.20 ม. (แข็งตัวเร็ว 6 ชม.) ตามแบบเลขที่ 20/29","งานซ่อมถนนคอนกรีตเสริมเหล็กหนา 0.20 ม. (แข็งตัวเร็ว 6 ชม.) ตามแบบเลขที่ 20/29","งานซ่อมถนนคอนกรีตเสริมเหล็กหนา 0.20 ม. (แข็งตัวเร็ว 6 ชม.) ตามแบบเลขที่ 20/29","งานซ่อมถนนคอนกรีตเสริมเหล็กหนา 0.20 ม. (แข็งตัวเร็ว 6 ชม.) ตามแบบเลขที่ 20/29","งานซ่อมถนนคอนกรตี เสรมิ เหล็กหนา 0.20 ม. (แข็งตัวเรว็ 6 ชม.) ตามแบบเลขที่ 20/29","งานซ่อมถนนคอนกรตี เสรมิ เหล็กหนา 0.20 ม. (แข็งตัวเรว็ 6 ชม.) ตามแบบเลขที่ 20/29","ตร.ม.","ตร.ม.","ตร.ม.","ตร.ม.","ตร.ม.","ตร.ม.","1276","246","1522","1276","246","1522","1276","246","1522","equal","equal","equal","order_constrained_name_unit_source_ordinal","high","0.859375","true","true","matched","false",""
"prod:9fca0ab6-13d8-473f-8af9-7a0d0c22d65d","stable_uuid","9fca0ab6-13d8-473f-8af9-7a0d0c22d65d","ITEM-0503","RDW-RC0-007","RDW-RC0-007","true","true","true","504","true","false","true","694","693","883","true","27","1","28","p27:t1:r28:display-7","bdd26cf5b7e3b11737ee83a543dd4cbe1178dedc55959b9eba8978efd25731f3","งานซ่อมถนนคอนกรีตเสริมเหล็กหนา 0.20 ม. (แข็งตัวเร็ว 24 ชม.) ตามแบบเลขที่20/30","งานซ่อมถนนคอนกรีตเสริมเหล็กหนา 0.20 ม. (แข็งตัวเร็ว 24 ชม.) ตามแบบเลขที่20/30","งานซ่อมถนนคอนกรีตเสริมเหล็กหนา 0.20 ม. (แข็งตัวเร็ว 24 ชม.) ตามแบบเลขที่20/30","งานซ่อมถนนคอนกรีตเสริมเหล็กหนา 0.20 ม. (แข็งตัวเร็ว 24 ชม.) ตามแบบเลขที่20/30","งานซ่อมถนนคอนกรตี เสรมิ เหล็กหนา 0.20 ม. (แข็งตัวเรว็ 24 ชม.) ตามแบบเลขที่20/30","งานซ่อมถนนคอนกรตี เสรมิ เหล็กหนา 0.20 ม. (แข็งตัวเรว็ 24 ชม.) ตามแบบเลขที่20/30","ตร.ม.","ตร.ม.","ตร.ม.","ตร.ม.","ตร.ม.","ตร.ม.","884","246","1130","884","246","1130","884","246","1130","equal","equal","equal","order_constrained_name_unit_source_ordinal","high","0.861538","true","true","matched","false",""
"prod:61e60ee9-5220-4346-9c80-c79b82c52b3d","stable_uuid","61e60ee9-5220-4346-9c80-c79b82c52b3d","ITEM-0504","RDW-RC0-008","RDW-RC0-008","true","true","true","505","true","false","true","695","694","884","true","27","1","29","p27:t1:r29:display-8","f6a2fd4816f338610380a3286ea489776e25eb4c3c7c2631b540836c194c5f10","งานซ่อมถนนคอนกรีตเสริมเหล็กหนา 0.23 ม. ตามแบบเลขที่ 23/29","งานซ่อมถนนคอนกรีตเสริมเหล็กหนา 0.23 ม. ตามแบบเลขที่ 23/29","งานซ่อมถนนคอนกรีตเสริมเหล็กหนา 0.23 ม. ตามแบบเลขที่ 23/29","งานซ่อมถนนคอนกรีตเสริมเหล็กหนา 0.23 ม. ตามแบบเลขที่ 23/29","งานซ่อมถนนคอนกรตี เสรมิ เหล็กหนา 0.23 ม. ตามแบบเลขที่ 23/29","งานซ่อมถนนคอนกรตี เสรมิ เหล็กหนา 0.23 ม. ตามแบบเลขที่ 23/29","ตร.ม.","ตร.ม.","ตร.ม.","ตร.ม.","ตร.ม.","ตร.ม.","969","286","1255","969","286","1255","969","286","1255","equal","equal","equal","order_constrained_name_unit_source_ordinal","high","0.88","true","true","matched","false",""
"prod:a6da0817-5752-48d2-97a6-464c13017745","stable_uuid","a6da0817-5752-48d2-97a6-464c13017745","ITEM-0505","RDW-RC0-009","RDW-RC0-009","true","true","true","506","true","false","true","696","695","885","true","27","1","30","p27:t1:r30:display-9","dba759332b9e02c8aa58d8339dcce29953f47a0671a59c387b5d4c3d2bfb8c8a","งานซ่อมถนนคอนกรีตเสริมเหล็กหนา 0.25 ม. ตามแบบเลขที่ 25/30","งานซ่อมถนนคอนกรีตเสริมเหล็กหนา 0.25 ม. ตามแบบเลขที่ 25/30","งานซ่อมถนนคอนกรีตเสริมเหล็กหนา 0.25 ม. ตามแบบเลขที่ 25/30","งานซ่อมถนนคอนกรีตเสริมเหล็กหนา 0.25 ม. ตามแบบเลขที่ 25/30","งานซ่อมถนนคอนกรตี เสรมิ เหล็กหนา 0.25 ม. ตามแบบเลขที่ 25/30","งานซ่อมถนนคอนกรตี เสรมิ เหล็กหนา 0.25 ม. ตามแบบเลขที่ 25/30","ตร.ม.","ตร.ม.","ตร.ม.","ตร.ม.","ตร.ม.","ตร.ม.","1010","300","1310","1010","300","1310","1010","300","1310","equal","equal","equal","order_constrained_name_unit_source_ordinal","high","0.88","true","true","matched","false",""
"prod:66ae33b6-2d2a-4d8c-b486-a7e7697856b1","stable_uuid","66ae33b6-2d2a-4d8c-b486-a7e7697856b1","ITEM-0506","RDW-RC0-010","RDW-RC0-010","true","true","true","507","true","false","true","697","696","886","true","27","1","31","p27:t1:r31:display-10","8dc672abdb63a56e5300e0b1fa058ad07db5a2d21f0c380296230e83a63cedf9","งานซ่อมถนนคอนกรีตเสริมเหล็กหนา 0.25 ม. (แข็งตัวเร็ว 6 ชม.) ตามแบบเลขที่ 25/30","งานซ่อมถนนคอนกรีตเสริมเหล็กหนา 0.25 ม. (แข็งตัวเร็ว 6 ชม.) ตามแบบเลขที่ 25/30","งานซ่อมถนนคอนกรีตเสริมเหล็กหนา 0.25 ม. (แข็งตัวเร็ว 6 ชม.) ตามแบบเลขที่ 25/30","งานซ่อมถนนคอนกรีตเสริมเหล็กหนา 0.25 ม. (แข็งตัวเร็ว 6 ชม.) ตามแบบเลขที่ 25/30","งานซ่อมถนนคอนกรตี เสรมิ เหล็กหนา 0.25 ม. (แข็งตัวเรว็ 6 ชม.) ตามแบบเลขที่ 25/30","งานซ่อมถนนคอนกรตี เสรมิ เหล็กหนา 0.25 ม. (แข็งตัวเรว็ 6 ชม.) ตามแบบเลขที่ 25/30","ตร.ม.","ตร.ม.","ตร.ม.","ตร.ม.","ตร.ม.","ตร.ม.","1568","300","1868","1568","300","1868","1568","300","1868","equal","equal","equal","order_constrained_name_unit_source_ordinal","high","0.859375","true","true","matched","false",""
"prod:97736730-f83d-4443-9d48-abcc41781a9c","stable_uuid","97736730-f83d-4443-9d48-abcc41781a9c","ITEM-0507","RDW-RC0-011","RDW-RC0-011","true","true","true","508","true","false","true","698","697","887","true","27","1","32","p27:t1:r32:display-11","2887819b5c93a3bfaf0341e059d4d72bac9cc86c137707ee0752215276e54de8","งานซ่อมถนนคอนกรีตเสริมเหล็กหนา 0.25 ม. (แข็งตัวเร็ว 24 ชม.) ตามแบบเลขที่25/30","งานซ่อมถนนคอนกรีตเสริมเหล็กหนา 0.25 ม. (แข็งตัวเร็ว 24 ชม.) ตามแบบเลขที่25/30","งานซ่อมถนนคอนกรีตเสริมเหล็กหนา 0.25 ม. (แข็งตัวเร็ว 24 ชม.) ตามแบบเลขที่25/30","งานซ่อมถนนคอนกรีตเสริมเหล็กหนา 0.25 ม. (แข็งตัวเร็ว 24 ชม.) ตามแบบเลขที่25/30","งานซ่อมถนนคอนกรตี เสรมิ เหล็กหนา 0.25 ม. (แข็งตัวเรว็ 24 ชม.) ตามแบบเลขที่25/30","งานซ่อมถนนคอนกรตี เสรมิ เหล็กหนา 0.25 ม. (แข็งตัวเรว็ 24 ชม.) ตามแบบเลขที่25/30","ตร.ม.","ตร.ม.","ตร.ม.","ตร.ม.","ตร.ม.","ตร.ม.","1078","300","1378","1078","300","1378","1078","300","1378","equal","equal","equal","order_constrained_name_unit_source_ordinal","high","0.861538","true","true","matched","false",""
"prod:86b158df-406b-4be0-b256-70f766918205","stable_uuid","86b158df-406b-4be0-b256-70f766918205","ITEM-0508","RDW-RC0-012","RDW-RC0-012","true","true","true","509","true","false","true","699","698","888","true","27","1","33","p27:t1:r33:display-12","9b491d01f5546c301218eb1c7d81da2a421a3b3ea03f04b4ef023b4539ad926d","งานทุบถนนคอนกรีตเสริมเหล็ก","งานทุบถนนคอนกรีตเสริมเหล็ก","งานทุบถนนคอนกรีตเสริมเหล็ก","งานทุบถนนคอนกรีตเสริมเหล็ก","งานทุบถนนคอนกรตี เสรมิ เหล็ก","งานทุบถนนคอนกรตี เสรมิ เหล็ก","ตร.ม.","ตร.ม.","ตร.ม.","ตร.ม.","ตร.ม.","ตร.ม.","0","352","352","0","352","352","0","352","352","equal","equal","equal","order_constrained_name_unit_source_ordinal","high","0.76","true","true","matched","false",""
"prod:389a67f7-3943-43d5-a315-a7c9a3f8bfae","stable_uuid","389a67f7-3943-43d5-a315-a7c9a3f8bfae","ITEM-0509","RDW-AC0-001","RDW-AC0-001","true","true","true","510","true","false","true","700","699","889","true","28","1","3","p28:t1:r3:display-13","9acad91c8d92fa23915c5cf201a02d1d6cc12fae2055e18936bd3022af3ed2af","งานซ่อมถนนแอสฟัลต์ชั่วคราว","งานซ่อมถนนแอสฟัลต์ชั่วคราว","งานซ่อมถนนแอสฟัลต์ชั่วคราว","งานซ่อมถนนแอสฟัลต์ชั่วคราว","งานซ่อมถนนแอสฟัลต์ชั่วคร1า.ว งานวางท่อร้อยสายสื่อสารใต้ดิน หุ้มคอนกรีตเสริมเหล็ก (ค.ส.ล.)","งานซ่อมถนนแอสฟัลต์ชั่วคร1า.ว งานวางท่อร้อยสายสื่อสารใต้ดิน หุ้มคอนกรีตเสริมเหล็ก (ค.ส.ล.)","ตร.ม.","ตร.ม.","ตร.ม.","ตร.ม.","ตร.ม.","ตร.ม.","316","58","374","316","58","374","316","58","374","equal","equal","equal","order_constrained_name_unit_source_ordinal","medium","0.461538","true","true","matched","false","repeated_page_header_description_overlay"
"prod:6a64e528-26cc-40fd-ae49-d4d8d28bc051","stable_uuid","6a64e528-26cc-40fd-ae49-d4d8d28bc051","ITEM-0510","RDW-AC0-002","RDW-AC0-002","true","true","true","511","true","false","true","701","700","890","true","28","1","4","p28:t1:r4:display-14","b5ea6b1a1ef450bb841286842be310d5547e4adff8dab5943819761b858bd2f2","งานซ่อมถนนแอสฟัลต์หนา 0.05 ม.ตามแบบเลขที่ ถอ.60/29","งานซ่อมถนนแอสฟัลต์หนา 0.05 ม.ตามแบบเลขที่ ถอ.60/29","งานซ่อมถนนแอสฟัลต์หนา 0.05 ม.ตามแบบเลขที่ ถอ.60/29","งานซ่อมถนนแอสฟัลต์หนา 0.05 ม.ตามแบบเลขที่ ถอ.60/29","งานซ่อมถนนแอสฟัลต์หนา 0.05 ม.ตามแบบเลขที่ ถอ.60/29","งานซ่อมถนนแอสฟัลต์หนา 0.05 ม.ตามแบบเลขที่ ถอ.60/29","ตร.ม.","ตร.ม.","ตร.ม.","ตร.ม.","ตร.ม.","ตร.ม.","739","75","814","739","75","814","739","75","814","equal","equal","equal","order_constrained_name_unit_source_ordinal","high","1","true","true","matched","false",""
"prod:d4f236a9-72ac-4612-ba5f-1bcd3154bed2","stable_uuid","d4f236a9-72ac-4612-ba5f-1bcd3154bed2","ITEM-0511","RDW-AC0-003","RDW-AC0-003","true","true","true","512","true","false","true","702","701","891","true","28","1","5","p28:t1:r5:display-15","8bd0e5d204c79bb1d84960d9172351b7df144036e90cf3a386e41bec580287a4","งานซ่อมถนนแอสฟัลต์หนา 0.10 ม.ตามแบบเลขที่ ถอ.60/29","งานซ่อมถนนแอสฟัลต์หนา 0.10 ม.ตามแบบเลขที่ ถอ.60/29","งานซ่อมถนนแอสฟัลต์หนา 0.10 ม.ตามแบบเลขที่ ถอ.60/29","งานซ่อมถนนแอสฟัลต์หนา 0.10 ม.ตามแบบเลขที่ ถอ.60/29","งานซ่อมถนนแอสฟัลต์หนา 0.10 ม.ตามแบบเลขที่ ถอ.60/29","งานซ่อมถนนแอสฟัลต์หนา 0.10 ม.ตามแบบเลขที่ ถอ.60/29","ตร.ม.","ตร.ม.","ตร.ม.","ตร.ม.","ตร.ม.","ตร.ม.","972","75","1047","972","75","1047","972","75","1047","equal","equal","equal","order_constrained_name_unit_source_ordinal","high","1","true","true","matched","false",""
"prod:40740322-a0ed-4ecc-9a49-aedf7ada41f3","stable_uuid","40740322-a0ed-4ecc-9a49-aedf7ada41f3","ITEM-0512","RDW-AC0-004","RDW-AC0-004","true","true","true","513","true","false","true","703","702","892","true","28","1","6","p28:t1:r6:display-16","935b5895b99c1a7cc43f2b366989c0f1ced77f4d27023f2199176bd460a1cad2","งานซ่อมถนนแอสฟัลต์หนา 0.15 ม.ตามแบบเลขที่ ถอ.60/29","งานซ่อมถนนแอสฟัลต์หนา 0.15 ม.ตามแบบเลขที่ ถอ.60/29","งานซ่อมถนนแอสฟัลต์หนา 0.15 ม.ตามแบบเลขที่ ถอ.60/29","งานซ่อมถนนแอสฟัลต์หนา 0.15 ม.ตามแบบเลขที่ ถอ.60/29","งานซ่อมถนนแอสฟัลต์หนา 0.15 ม.ตามแบบเลขที่ ถอ.60/29","งานซ่อมถนนแอสฟัลต์หนา 0.15 ม.ตามแบบเลขที่ ถอ.60/29","ตร.ม.","ตร.ม.","ตร.ม.","ตร.ม.","ตร.ม.","ตร.ม.","1205","75","1280","1205","75","1280","1205","75","1280","equal","equal","equal","order_constrained_name_unit_source_ordinal","high","1","true","true","matched","false",""
"prod:3fa49edc-a287-474c-9a20-bcd021dc9c41","stable_uuid","3fa49edc-a287-474c-9a20-bcd021dc9c41","ITEM-0513","RDW-AC0-005","RDW-AC0-005","true","true","true","514","true","false","true","704","703","893","true","28","1","7","p28:t1:r7:display-17","105378e5cb9b23e84ed9e6213b629e2b310d9f182aed6347d1a3e8193c0235d7","งานซ่อมถนนแอสฟัลต์หนา 0.20 ม.ตามแบบเลขที่ ถอ.60/29","งานซ่อมถนนแอสฟัลต์หนา 0.20 ม.ตามแบบเลขที่ ถอ.60/29","งานซ่อมถนนแอสฟัลต์หนา 0.20 ม.ตามแบบเลขที่ ถอ.60/29","งานซ่อมถนนแอสฟัลต์หนา 0.20 ม.ตามแบบเลขที่ ถอ.60/29","งานซ่อมถนนแอสฟัลต์หนา 0.20 ม.ตามแบบเลขที่ ถอ.60/29","งานซ่อมถนนแอสฟัลต์หนา 0.20 ม.ตามแบบเลขที่ ถอ.60/29","ตร.ม.","ตร.ม.","ตร.ม.","ตร.ม.","ตร.ม.","ตร.ม.","1438","75","1513","1438","75","1513","1438","75","1513","equal","equal","equal","order_constrained_name_unit_source_ordinal","high","1","true","true","matched","false",""
"prod:4f559da9-6d51-4687-8a8e-25bc8610755a","stable_uuid","4f559da9-6d51-4687-8a8e-25bc8610755a","ITEM-0514","RDW-AC0-006","RDW-AC0-006","true","true","true","515","true","false","true","705","704","894","true","28","1","8","p28:t1:r8:display-18","7007e851cd097f60208e6fc543012c47af5d8f70c65c74b80d119669281de902","งานซ่อมไหล่ทางแอสฟัลต์หนา 0.10 ม.","งานซ่อมไหล่ทางแอสฟัลต์หนา 0.10 ม.","งานซ่อมไหล่ทางแอสฟัลต์หนา 0.10 ม.","งานซ่อมไหล่ทางแอสฟัลต์หนา 0.10 ม.","งานซ่อมไหล่ทางแอสฟัลต์หนา 0.10 ม.","งานซ่อมไหล่ทางแอสฟัลต์หนา 0.10 ม.","ตร.ม.","ตร.ม.","ตร.ม.","ตร.ม.","ตร.ม.","ตร.ม.","486","37","523","486","37","523","486","37","523","equal","equal","equal","order_constrained_name_unit_source_ordinal","high","1","true","true","matched","false",""
"prod:e4ac90c7-3d85-4b21-9943-35477a19bd9c","stable_uuid","e4ac90c7-3d85-4b21-9943-35477a19bd9c","ITEM-0515","RDW-AC0-007","RDW-AC0-007","true","true","true","516","true","false","true","706","705","895","true","28","1","9","p28:t1:r9:display-19","289e18c7415af83e88663cc0fe86eda28244b55260a86b29fcad448be2d1dd73","งานทุบถนนผิวแอสฟัลต์","งานทุบถนนผิวแอสฟัลต์","งานทุบถนนผิวแอสฟัลต์","งานทุบถนนผิวแอสฟัลต์","งานทุบถนนผิวแอสฟัลต์","งานทุบถนนผิวแอสฟัลต์","ตร.ม.","ตร.ม.","ตร.ม.","ตร.ม.","ตร.ม.","ตร.ม.","0","317","317","0","317","317","0","317","317","equal","equal","equal","order_constrained_name_unit_source_ordinal","high","1","true","true","matched","false",""
"prod:67b65439-7dcd-40db-bc90-14623649e308","stable_uuid","67b65439-7dcd-40db-bc90-14623649e308","ITEM-0516","RDW-GRV-001","RDW-GRV-001","true","true","true","517","true","false","true","707","706","896","true","28","1","10","p28:t1:r10:display-20","86c12d33b1bbe698128d13b772b89d23c092e3fb74b9e1f29a4801cebbad8343","งานซ่อมถนนหินคลุกบดอัดแน่น หนา 0.20 ม.","งานซ่อมถนนหินคลุกบดอัดแน่น หนา 0.20 ม.","งานซ่อมถนนหินคลุกบดอัดแน่น หนา 0.20 ม.","งานซ่อมถนนหินคลุกบดอัดแน่น หนา 0.20 ม.","งานซ่อมถนนหินคลุกบดอัดแน่น หนา 0.20 ม.","งานซ่อมถนนหินคลุกบดอัดแน่น หนา 0.20 ม.","ตร.ม.","ตร.ม.","ตร.ม.","ตร.ม.","ตร.ม.","ตร.ม.","206","74","280","206","74","280","206","74","280","equal","equal","equal","order_constrained_name_unit_source_ordinal","high","1","true","true","matched","false",""
"prod:5df7ee99-077a-45fc-949c-d0507c62d0e5","stable_uuid","5df7ee99-077a-45fc-949c-d0507c62d0e5","ITEM-0517","RDW-AC0-008","RDW-AC0-008","true","true","true","518","true","false","true","708","707","897","true","28","1","11","p28:t1:r11:display-21","df0c9f2a0e5e2c1b87a77b34900cca02083014d3f7bdd0a55852465b318c15e4","งานซ่อมถนนและไหล่ถนนชั่วคราว ลงหินคลุกบดอัด - ลาดแอสฟัลต์หนา 0.20 ม.","งานซ่อมถนนและไหล่ถนนชั่วคราว ลงหินคลุกบดอัด - ลาดแอสฟัลต์หนา 0.20 ม.","งานซ่อมถนนและไหล่ถนนชั่วคราว ลงหินคลุกบดอัด - ลาดแอสฟัลต์หนา 0.20 ม.","งานซ่อมถนนและไหล่ถนนชั่วคราว ลงหินคลุกบดอัด - ลาดแอสฟัลต์หนา 0.20 ม.","งานซ่อมถนนและไหล่ถนนชั่วคราว ลงหินคลุกบดอัด - ลาดแอสฟัลต์หนา 0.20 ม.","งานซ่อมถนนและไหล่ถนนชั่วคราว ลงหินคลุกบดอัด - ลาดแอสฟัลต์หนา 0.20 ม.","ตร.ม.","ตร.ม.","ตร.ม.","ตร.ม.","ตร.ม.","ตร.ม.","1644","149","1793","1644","149","1793","1644","149","1793","equal","equal","equal","order_constrained_name_unit_source_ordinal","high","1","true","true","matched","false",""
"prod:149f1fd4-f555-4ada-b166-542d54aa9d1b","stable_uuid","149f1fd4-f555-4ada-b166-542d54aa9d1b","ITEM-0518","RDW-THM-001","RDW-THM-001","true","true","true","519","true","false","true","709","708","898","true","28","1","12","p28:t1:r12:display-22","8834854872a9591ce4d736e3da82b07bedb29888d9c3da927d0624bf286c124e","งานทาสี THERMO PLASTIC","งานทาสี THERMO PLASTIC","งานทาสี THERMO PLASTIC","งานทาสี THERMO PLASTIC","งานทาสี THERMO PLASTIC","งานทาสี THERMO PLASTIC","ตร.ม.","ตร.ม.","ตร.ม.","ตร.ม.","ตร.ม.","ตร.ม.","299","106","405","299","106","405","299","106","405","equal","equal","equal","order_constrained_name_unit_source_ordinal","high","1","true","true","matched","false",""
"prod:222cfe87-a07b-477e-aa32-e94f55f87b79","stable_uuid","222cfe87-a07b-477e-aa32-e94f55f87b79","ITEM-0519","LVU-PB0-002","LVU-PB0-002","true","true","true","520","true","false","true","428","427","575","true","17","1","6","p17:t1:r6:display-2","7635419e461a82723d45b0131adce3405754808da6061507b95a71a1dbc98361","งานยกระดับคอบ่อพักย่อย (PB) JUF-11 ฝาค.ส.ล. (ไม่เปลี่ยนฝา - ไม่เปลี่ยนเฟรม) ระดับ +0.10 ม.","งานยกระดับคอบ่อพักย่อย (PB) JUF-11 ฝาค.ส.ล. (ไม่เปลี่ยนฝา - ไม่เปลี่ยนเฟรม) ระดับ +0.10 ม.","งานยกระดับคอบ่อพักย่อย (PB) JUF-11 ฝาค.ส.ล. (ไม่เปลี่ยนฝา - ไม่เปลี่ยนเฟรม) ระดับ +0.10 ม.","งานยกระดับคอบ่อพักย่อย (PB) JUF-11 ฝาค.ส.ล. (ไม่เปลี่ยนฝา - ไม่เปลี่ยนเฟรม) ระดับ +0.10 ม.","งานยกระดับคอบ่อพักย่อย (PB) JUF-11 ฝาค.ส.ล. (ไม่เปลี่ยนฝา - ไม่เปลี่ยนเฟรม) | ระดับ +0.10 ม.","งานยกระดับคอบ่อพักย่อย (PB) JUF-11 ฝาค.ส.ล. (ไม่เปลี่ยนฝา - ไม่เปลี่ยนเฟรม) | ระดับ +0.10 ม.","บ่อ","บ่อ","บ่อ","บ่อ","บ่อ","บ่อ","2127","4762","6889","2127","4762","6889","2127","4762","6889","equal","equal","equal","order_constrained_name_unit_source_ordinal","high","1","true","true","matched","false","merged_group_description_forward_filled"
"prod:3bbe82df-20dd-4fd4-8934-26cbc02cb2b8","stable_uuid","3bbe82df-20dd-4fd4-8934-26cbc02cb2b8","ITEM-0520","LVU-PB0-003","LVU-PB0-003","true","true","true","521","true","false","true","429","428","576","true","17","1","7","p17:t1:r7:display-3","efd3ea18a5dce2bf64e144b2eac6b74143d5d16bf80553cdf283d4afa25e33a0","งานยกระดับคอบ่อพักย่อย (PB) JUF-11 ฝาค.ส.ล. (ไม่เปลี่ยนฝา - ไม่เปลี่ยนเฟรม) ระดับ +0.15 ม.","งานยกระดับคอบ่อพักย่อย (PB) JUF-11 ฝาค.ส.ล. (ไม่เปลี่ยนฝา - ไม่เปลี่ยนเฟรม) ระดับ +0.15 ม.","งานยกระดับคอบ่อพักย่อย (PB) JUF-11 ฝาค.ส.ล. (ไม่เปลี่ยนฝา - ไม่เปลี่ยนเฟรม) ระดับ +0.15 ม.","งานยกระดับคอบ่อพักย่อย (PB) JUF-11 ฝาค.ส.ล. (ไม่เปลี่ยนฝา - ไม่เปลี่ยนเฟรม) ระดับ +0.15 ม.","งานยกระดับคอบ่อพักย่อย (PB) JUF-11 ฝาค.ส.ล. (ไม่เปลี่ยนฝา - ไม่เปลี่ยนเฟรม) | ระดับ +0.15 ม.","งานยกระดับคอบ่อพักย่อย (PB) JUF-11 ฝาค.ส.ล. (ไม่เปลี่ยนฝา - ไม่เปลี่ยนเฟรม) | ระดับ +0.15 ม.","บ่อ","บ่อ","บ่อ","บ่อ","บ่อ","บ่อ","2884","5162","8046","2884","5162","8046","2884","5162","8046","equal","equal","equal","order_constrained_name_unit_source_ordinal","high","1","true","true","matched","false","merged_group_description_forward_filled"
"prod:e067b6c0-80dd-4f1e-a950-04e5991987bf","stable_uuid","e067b6c0-80dd-4f1e-a950-04e5991987bf","ITEM-0521","LVU-PB0-004","LVU-PB0-004","true","true","true","522","true","false","true","430","429","577","true","17","1","8","p17:t1:r8:display-4","2095ad7ec2bb515cb9fbd0089e925e9ae4dfe507759f8efd53267bb430a4f732","งานยกระดับคอบ่อพักย่อย (PB) JUF-11 ฝาค.ส.ล. (ไม่เปลี่ยนฝา - ไม่เปลี่ยนเฟรม) ระดับ +0.20 ม.","งานยกระดับคอบ่อพักย่อย (PB) JUF-11 ฝาค.ส.ล. (ไม่เปลี่ยนฝา - ไม่เปลี่ยนเฟรม) ระดับ +0.20 ม.","งานยกระดับคอบ่อพักย่อย (PB) JUF-11 ฝาค.ส.ล. (ไม่เปลี่ยนฝา - ไม่เปลี่ยนเฟรม) ระดับ +0.20 ม.","งานยกระดับคอบ่อพักย่อย (PB) JUF-11 ฝาค.ส.ล. (ไม่เปลี่ยนฝา - ไม่เปลี่ยนเฟรม) ระดับ +0.20 ม.","งานยกระดับคอบ่อพักย่อย (PB) JUF-11 ฝาค.ส.ล. (ไม่เปลี่ยนฝา - ไม่เปลี่ยนเฟรม) | ระดับ +0.20 ม.","งานยกระดับคอบ่อพักย่อย (PB) JUF-11 ฝาค.ส.ล. (ไม่เปลี่ยนฝา - ไม่เปลี่ยนเฟรม) | ระดับ +0.20 ม.","บ่อ","บ่อ","บ่อ","บ่อ","บ่อ","บ่อ","3581","5547","9128","3581","5547","9128","3581","5547","9128","equal","equal","equal","order_constrained_name_unit_source_ordinal","high","1","true","true","matched","false","merged_group_description_forward_filled"
"prod:143324ac-cd75-4d88-b8a7-7903b8eb6c26","stable_uuid","143324ac-cd75-4d88-b8a7-7903b8eb6c26","ITEM-0522","LVU-PB0-005","LVU-PB0-005","true","true","true","523","true","false","true","431","430","578","true","17","1","9","p17:t1:r9:display-5","7617288102e7673e9a8659b4ce15bd305e8f917219617b138cafeb781e86ff44","งานยกระดับคอบ่อพักย่อย (PB) JUF-11 ฝาค.ส.ล. (ไม่เปลี่ยนฝา - ไม่เปลี่ยนเฟรม) ระดับ +0.30 ม.","งานยกระดับคอบ่อพักย่อย (PB) JUF-11 ฝาค.ส.ล. (ไม่เปลี่ยนฝา - ไม่เปลี่ยนเฟรม) ระดับ +0.30 ม.","งานยกระดับคอบ่อพักย่อย (PB) JUF-11 ฝาค.ส.ล. (ไม่เปลี่ยนฝา - ไม่เปลี่ยนเฟรม) ระดับ +0.30 ม.","งานยกระดับคอบ่อพักย่อย (PB) JUF-11 ฝาค.ส.ล. (ไม่เปลี่ยนฝา - ไม่เปลี่ยนเฟรม) ระดับ +0.30 ม.","งานยกระดับคอบ่อพักย่อย (PB) JUF-11 ฝาค.ส.ล. (ไม่เปลี่ยนฝา - ไม่เปลี่ยนเฟรม) | ระดับ +0.30 ม.","งานยกระดับคอบ่อพักย่อย (PB) JUF-11 ฝาค.ส.ล. (ไม่เปลี่ยนฝา - ไม่เปลี่ยนเฟรม) | ระดับ +0.30 ม.","บ่อ","บ่อ","บ่อ","บ่อ","บ่อ","บ่อ","5041","6333","11374","5041","6333","11374","5041","6333","11374","equal","equal","equal","order_constrained_name_unit_source_ordinal","high","1","true","true","matched","false","merged_group_description_forward_filled"
"prod:fdb5b760-f5b1-464c-b04b-7d45539a0b70","stable_uuid","fdb5b760-f5b1-464c-b04b-7d45539a0b70","ITEM-0523","LVU-PB0-007","LVU-PB0-007","true","true","true","524","true","false","true","433","432","580","true","17","1","11","p17:t1:r11:display-7","2f9c2f2554a815b2a6dab16703bebc1b88e060cf8aae76adc052a711d7ec51d9","งานยกระดับคอบ่อพักย่อย (PB) JUF-11 ฝาค.ส.ล. (เปลี่ยนฝา - เปลี่ยนเฟรม) ระดับ +0.10 ม.","งานยกระดับคอบ่อพักย่อย (PB) JUF-11 ฝาค.ส.ล. (เปลี่ยนฝา - เปลี่ยนเฟรม) ระดับ +0.10 ม.","งานยกระดับคอบ่อพักย่อย (PB) JUF-11 ฝาค.ส.ล. (เปลี่ยนฝา - เปลี่ยนเฟรม) ระดับ +0.10 ม.","งานยกระดับคอบ่อพักย่อย (PB) JUF-11 ฝาค.ส.ล. (เปลี่ยนฝา - เปลี่ยนเฟรม) ระดับ +0.10 ม.","งานยกระดับคอบ่อพักย่อย (PB) JUF-11 ฝาค.ส.ล. (เปลี่ยนฝา - เปลี่ยนเฟรม) | ระดับ +0.10 ม.","งานยกระดับคอบ่อพักย่อย (PB) JUF-11 ฝาค.ส.ล. (เปลี่ยนฝา - เปลี่ยนเฟรม) | ระดับ +0.10 ม.","บ่อ","บ่อ","บ่อ","บ่อ","บ่อ","บ่อ","10500","4762","15262","10500","4762","15262","10500","4762","15262","equal","equal","equal","order_constrained_name_unit_source_ordinal","high","1","true","true","matched","false","merged_group_description_forward_filled"
"prod:e9b5092a-f803-4e2f-b641-d067b78f0afc","stable_uuid","e9b5092a-f803-4e2f-b641-d067b78f0afc","ITEM-0524","LVU-PB0-008","LVU-PB0-008","true","true","true","525","true","false","true","434","433","581","true","17","1","12","p17:t1:r12:display-8","c8344341103ec4bd5d853e282ed120153ac5336dc000e6426b77fa5cfc4858f8","งานยกระดับคอบ่อพักย่อย (PB) JUF-11 ฝาค.ส.ล. (เปลี่ยนฝา - เปลี่ยนเฟรม) ระดับ +0.15 ม.","งานยกระดับคอบ่อพักย่อย (PB) JUF-11 ฝาค.ส.ล. (เปลี่ยนฝา - เปลี่ยนเฟรม) ระดับ +0.15 ม.","งานยกระดับคอบ่อพักย่อย (PB) JUF-11 ฝาค.ส.ล. (เปลี่ยนฝา - เปลี่ยนเฟรม) ระดับ +0.15 ม.","งานยกระดับคอบ่อพักย่อย (PB) JUF-11 ฝาค.ส.ล. (เปลี่ยนฝา - เปลี่ยนเฟรม) ระดับ +0.15 ม.","งานยกระดับคอบ่อพักย่อย (PB) JUF-11 ฝาค.ส.ล. (เปลี่ยนฝา - เปลี่ยนเฟรม) | ระดับ +0.15 ม.","งานยกระดับคอบ่อพักย่อย (PB) JUF-11 ฝาค.ส.ล. (เปลี่ยนฝา - เปลี่ยนเฟรม) | ระดับ +0.15 ม.","บ่อ","บ่อ","บ่อ","บ่อ","บ่อ","บ่อ","11257","5162","16419","11257","5162","16419","11257","5162","16419","equal","equal","equal","order_constrained_name_unit_source_ordinal","high","1","true","true","matched","false","merged_group_description_forward_filled"
"prod:509bdcfa-f85c-46ab-9800-a08664135932","stable_uuid","509bdcfa-f85c-46ab-9800-a08664135932","ITEM-0525","LVU-PB0-009","LVU-PB0-009","true","true","true","526","true","false","true","435","434","582","true","17","1","13","p17:t1:r13:display-9","ecb18cf272a5b0726f7da59282098eb3b2cb3b71f1d2cb740d367264639d1771","งานยกระดับคอบ่อพักย่อย (PB) JUF-11 ฝาค.ส.ล. (เปลี่ยนฝา - เปลี่ยนเฟรม) ระดับ +0.20 ม.","งานยกระดับคอบ่อพักย่อย (PB) JUF-11 ฝาค.ส.ล. (เปลี่ยนฝา - เปลี่ยนเฟรม) ระดับ +0.20 ม.","งานยกระดับคอบ่อพักย่อย (PB) JUF-11 ฝาค.ส.ล. (เปลี่ยนฝา - เปลี่ยนเฟรม) ระดับ +0.20 ม.","งานยกระดับคอบ่อพักย่อย (PB) JUF-11 ฝาค.ส.ล. (เปลี่ยนฝา - เปลี่ยนเฟรม) ระดับ +0.20 ม.","งานยกระดับคอบ่อพักย่อย (PB) JUF-11 ฝาค.ส.ล. (เปลี่ยนฝา - เปลี่ยนเฟรม) | ระดับ +0.20 ม.","งานยกระดับคอบ่อพักย่อย (PB) JUF-11 ฝาค.ส.ล. (เปลี่ยนฝา - เปลี่ยนเฟรม) | ระดับ +0.20 ม.","บ่อ","บ่อ","บ่อ","บ่อ","บ่อ","บ่อ","11954","5547","17501","11954","5547","17501","11954","5547","17501","equal","equal","equal","order_constrained_name_unit_source_ordinal","high","1","true","true","matched","false","merged_group_description_forward_filled"
"prod:3d40d332-005e-46aa-97fc-6374c69e9ad8","stable_uuid","3d40d332-005e-46aa-97fc-6374c69e9ad8","ITEM-0526","LVU-PB0-010","LVU-PB0-010","true","true","true","527","true","false","true","436","435","583","true","17","1","14","p17:t1:r14:display-10","b355d812c3983d0043867095ff17a99e74859320ea283e1060104e09a452441a","งานยกระดับคอบ่อพักย่อย (PB) JUF-11 ฝาค.ส.ล. (เปลี่ยนฝา - เปลี่ยนเฟรม) ระดับ +0.30 ม.","งานยกระดับคอบ่อพักย่อย (PB) JUF-11 ฝาค.ส.ล. (เปลี่ยนฝา - เปลี่ยนเฟรม) ระดับ +0.30 ม.","งานยกระดับคอบ่อพักย่อย (PB) JUF-11 ฝาค.ส.ล. (เปลี่ยนฝา - เปลี่ยนเฟรม) ระดับ +0.30 ม.","งานยกระดับคอบ่อพักย่อย (PB) JUF-11 ฝาค.ส.ล. (เปลี่ยนฝา - เปลี่ยนเฟรม) ระดับ +0.30 ม.","งานยกระดับคอบ่อพักย่อย (PB) JUF-11 ฝาค.ส.ล. (เปลี่ยนฝา - เปลี่ยนเฟรม) | ระดับ +0.30 ม.","งานยกระดับคอบ่อพักย่อย (PB) JUF-11 ฝาค.ส.ล. (เปลี่ยนฝา - เปลี่ยนเฟรม) | ระดับ +0.30 ม.","บ่อ","บ่อ","บ่อ","บ่อ","บ่อ","บ่อ","13414","6333","19747","13414","6333","19747","13414","6333","19747","equal","equal","equal","order_constrained_name_unit_source_ordinal","high","1","true","true","matched","false","merged_group_description_forward_filled"
"prod:f88189e8-bfba-40e6-a354-a9a5eed97105","stable_uuid","f88189e8-bfba-40e6-a354-a9a5eed97105","ITEM-0527","LVU-PB0-012","LVU-PB0-012","true","true","true","528","true","false","true","438","437","585","true","17","1","16","p17:t1:r16:display-12","5714a82a1c17c9bb3de2ac1b937f10cdeb4bd19517282ae03d20cf2fafc887b6","งานยกระดับคอบ่อพักย่อย (PB) JUF-11 ฝาค.ส.ล. (เปลี่ยนฝา - ไม่เปลี่ยนเฟรม) ระดับ +0.10 ม.","งานยกระดับคอบ่อพักย่อย (PB) JUF-11 ฝาค.ส.ล. (เปลี่ยนฝา - ไม่เปลี่ยนเฟรม) ระดับ +0.10 ม.","งานยกระดับคอบ่อพักย่อย (PB) JUF-11 ฝาค.ส.ล. (เปลี่ยนฝา - ไม่เปลี่ยนเฟรม) ระดับ +0.10 ม.","งานยกระดับคอบ่อพักย่อย (PB) JUF-11 ฝาค.ส.ล. (เปลี่ยนฝา - ไม่เปลี่ยนเฟรม) ระดับ +0.10 ม.","งานยกระดับคอบ่อพักย่อย (PB) JUF-11 ฝาค.ส.ล. (เปลี่ยนฝา - ไม่เปลี่ยนเฟรม) | ระดับ +0.10 ม.","งานยกระดับคอบ่อพักย่อย (PB) JUF-11 ฝาค.ส.ล. (เปลี่ยนฝา - ไม่เปลี่ยนเฟรม) | ระดับ +0.10 ม.","บ่อ","บ่อ","บ่อ","บ่อ","บ่อ","บ่อ","6000","4762","10762","6000","4762","10762","6000","4762","10762","equal","equal","equal","order_constrained_name_unit_source_ordinal","high","1","true","true","matched","false","merged_group_description_forward_filled"
"prod:0c5abd90-7065-4e0c-96f9-1f1537293bd6","stable_uuid","0c5abd90-7065-4e0c-96f9-1f1537293bd6","ITEM-0528","LVU-PB0-013","LVU-PB0-013","true","true","true","529","true","false","true","439","438","586","true","17","1","17","p17:t1:r17:display-13","01e7b5e0497be797ab99b0e5f7c3bcc03fc189472327b33a71243e7a25f33349","งานยกระดับคอบ่อพักย่อย (PB) JUF-11 ฝาค.ส.ล. (เปลี่ยนฝา - ไม่เปลี่ยนเฟรม) ระดับ +0.15 ม.","งานยกระดับคอบ่อพักย่อย (PB) JUF-11 ฝาค.ส.ล. (เปลี่ยนฝา - ไม่เปลี่ยนเฟรม) ระดับ +0.15 ม.","งานยกระดับคอบ่อพักย่อย (PB) JUF-11 ฝาค.ส.ล. (เปลี่ยนฝา - ไม่เปลี่ยนเฟรม) ระดับ +0.15 ม.","งานยกระดับคอบ่อพักย่อย (PB) JUF-11 ฝาค.ส.ล. (เปลี่ยนฝา - ไม่เปลี่ยนเฟรม) ระดับ +0.15 ม.","งานยกระดับคอบ่อพักย่อย (PB) JUF-11 ฝาค.ส.ล. (เปลี่ยนฝา - ไม่เปลี่ยนเฟรม) | ระดับ +0.15 ม.","งานยกระดับคอบ่อพักย่อย (PB) JUF-11 ฝาค.ส.ล. (เปลี่ยนฝา - ไม่เปลี่ยนเฟรม) | ระดับ +0.15 ม.","บ่อ","บ่อ","บ่อ","บ่อ","บ่อ","บ่อ","6757","5162","11919","6757","5162","11919","6757","5162","11919","equal","equal","equal","order_constrained_name_unit_source_ordinal","high","1","true","true","matched","false","merged_group_description_forward_filled"
"prod:d06d7861-6221-48c2-8178-667821b1eb88","stable_uuid","d06d7861-6221-48c2-8178-667821b1eb88","ITEM-0529","LVU-PB0-014","LVU-PB0-014","true","true","true","530","true","false","true","440","439","587","true","17","1","18","p17:t1:r18:display-14","05e3cd3425361e064ef38d1057b6644d345de57e8e51822ce331924a5bd40bd7","งานยกระดับคอบ่อพักย่อย (PB) JUF-11 ฝาค.ส.ล. (เปลี่ยนฝา - ไม่เปลี่ยนเฟรม) ระดับ +0.20 ม.","งานยกระดับคอบ่อพักย่อย (PB) JUF-11 ฝาค.ส.ล. (เปลี่ยนฝา - ไม่เปลี่ยนเฟรม) ระดับ +0.20 ม.","งานยกระดับคอบ่อพักย่อย (PB) JUF-11 ฝาค.ส.ล. (เปลี่ยนฝา - ไม่เปลี่ยนเฟรม) ระดับ +0.20 ม.","งานยกระดับคอบ่อพักย่อย (PB) JUF-11 ฝาค.ส.ล. (เปลี่ยนฝา - ไม่เปลี่ยนเฟรม) ระดับ +0.20 ม.","งานยกระดับคอบ่อพักย่อย (PB) JUF-11 ฝาค.ส.ล. (เปลี่ยนฝา - ไม่เปลี่ยนเฟรม) | ระดับ +0.20 ม.","งานยกระดับคอบ่อพักย่อย (PB) JUF-11 ฝาค.ส.ล. (เปลี่ยนฝา - ไม่เปลี่ยนเฟรม) | ระดับ +0.20 ม.","บ่อ","บ่อ","บ่อ","บ่อ","บ่อ","บ่อ","7454","5547","13001","7454","5547","13001","7454","5547","13001","equal","equal","equal","order_constrained_name_unit_source_ordinal","high","1","true","true","matched","false","merged_group_description_forward_filled"
"prod:97668f4e-03fa-4b05-b68e-11132548f3c1","stable_uuid","97668f4e-03fa-4b05-b68e-11132548f3c1","ITEM-0530","LVU-PB0-015","LVU-PB0-015","true","true","true","531","true","false","true","441","440","588","true","17","1","19","p17:t1:r19:display-15","c617ee61e2f44477d4e98131849ca6afbdcab505cd408f477cdae0a92c39a7d8","งานยกระดับคอบ่อพักย่อย (PB) JUF-11 ฝาค.ส.ล. (เปลี่ยนฝา - ไม่เปลี่ยนเฟรม) ระดับ +0.30 ม.","งานยกระดับคอบ่อพักย่อย (PB) JUF-11 ฝาค.ส.ล. (เปลี่ยนฝา - ไม่เปลี่ยนเฟรม) ระดับ +0.30 ม.","งานยกระดับคอบ่อพักย่อย (PB) JUF-11 ฝาค.ส.ล. (เปลี่ยนฝา - ไม่เปลี่ยนเฟรม) ระดับ +0.30 ม.","งานยกระดับคอบ่อพักย่อย (PB) JUF-11 ฝาค.ส.ล. (เปลี่ยนฝา - ไม่เปลี่ยนเฟรม) ระดับ +0.30 ม.","งานยกระดับคอบ่อพักย่อย (PB) JUF-11 ฝาค.ส.ล. (เปลี่ยนฝา - ไม่เปลี่ยนเฟรม) | ระดับ +0.30 ม.","งานยกระดับคอบ่อพักย่อย (PB) JUF-11 ฝาค.ส.ล. (เปลี่ยนฝา - ไม่เปลี่ยนเฟรม) | ระดับ +0.30 ม.","บ่อ","บ่อ","บ่อ","บ่อ","บ่อ","บ่อ","8914","6333","15247","8914","6333","15247","8914","6333","15247","equal","equal","equal","order_constrained_name_unit_source_ordinal","high","1","true","true","matched","false","merged_group_description_forward_filled"
"prod:ea0c14ea-2538-40d4-87c6-f1d9cf234d58","stable_uuid","ea0c14ea-2538-40d4-87c6-f1d9cf234d58","ITEM-0531","LVU-PB0-017","LVU-PB0-017","true","true","true","532","true","false","true","443","442","590","true","17","1","21","p17:t1:r21:display-17","f087ae5dc4ba6512fd0242f192472bfa8dce3ccc6d45c94266e24f3716a29de3","งานยกระดับคอบ่อพักย่อย (PB) JUF-11 ฝาค.ส.ล. (ไม่เปลี่ยนฝา - เปลี่ยนเฟรม) ระดับ +0.10 ม.","งานยกระดับคอบ่อพักย่อย (PB) JUF-11 ฝาค.ส.ล. (ไม่เปลี่ยนฝา - เปลี่ยนเฟรม) ระดับ +0.10 ม.","งานยกระดับคอบ่อพักย่อย (PB) JUF-11 ฝาค.ส.ล. (ไม่เปลี่ยนฝา - เปลี่ยนเฟรม) ระดับ +0.10 ม.","งานยกระดับคอบ่อพักย่อย (PB) JUF-11 ฝาค.ส.ล. (ไม่เปลี่ยนฝา - เปลี่ยนเฟรม) ระดับ +0.10 ม.","งานยกระดับคอบ่อพักย่อย (PB) JUF-11 ฝาค.ส.ล. (ไม่เปลี่ยนฝา - เปลี่ยนเฟรม) | ระดับ +0.10 ม.","งานยกระดับคอบ่อพักย่อย (PB) JUF-11 ฝาค.ส.ล. (ไม่เปลี่ยนฝา - เปลี่ยนเฟรม) | ระดับ +0.10 ม.","บ่อ","บ่อ","บ่อ","บ่อ","บ่อ","บ่อ","6627","4762","11389","6627","4762","11389","6627","4762","11389","equal","equal","equal","order_constrained_name_unit_source_ordinal","high","1","true","true","matched","false","merged_group_description_forward_filled"
"prod:f6693256-44df-44fe-8539-1b83d6ec4a20","stable_uuid","f6693256-44df-44fe-8539-1b83d6ec4a20","ITEM-0532","LVU-PB0-018","LVU-PB0-018","true","true","true","533","true","false","true","444","443","591","true","17","1","22","p17:t1:r22:display-18","44cf2b50f9e81895e221a81b954bcb00b7fe60ead2348468f945d5f4ca69d7e0","งานยกระดับคอบ่อพักย่อย (PB) JUF-11 ฝาค.ส.ล. (ไม่เปลี่ยนฝา - เปลี่ยนเฟรม) ระดับ +0.15 ม.","งานยกระดับคอบ่อพักย่อย (PB) JUF-11 ฝาค.ส.ล. (ไม่เปลี่ยนฝา - เปลี่ยนเฟรม) ระดับ +0.15 ม.","งานยกระดับคอบ่อพักย่อย (PB) JUF-11 ฝาค.ส.ล. (ไม่เปลี่ยนฝา - เปลี่ยนเฟรม) ระดับ +0.15 ม.","งานยกระดับคอบ่อพักย่อย (PB) JUF-11 ฝาค.ส.ล. (ไม่เปลี่ยนฝา - เปลี่ยนเฟรม) ระดับ +0.15 ม.","งานยกระดับคอบ่อพักย่อย (PB) JUF-11 ฝาค.ส.ล. (ไม่เปลี่ยนฝา - เปลี่ยนเฟรม) | ระดับ +0.15 ม.","งานยกระดับคอบ่อพักย่อย (PB) JUF-11 ฝาค.ส.ล. (ไม่เปลี่ยนฝา - เปลี่ยนเฟรม) | ระดับ +0.15 ม.","บ่อ","บ่อ","บ่อ","บ่อ","บ่อ","บ่อ","7384","5162","12546","7384","5162","12546","7384","5162","12546","equal","equal","equal","order_constrained_name_unit_source_ordinal","high","1","true","true","matched","false","merged_group_description_forward_filled"
"prod:38d7d471-f3f4-4b78-9d61-dc3be3a3b11b","stable_uuid","38d7d471-f3f4-4b78-9d61-dc3be3a3b11b","ITEM-0533","LVU-PB0-019","LVU-PB0-019","true","true","true","534","true","false","true","445","444","592","true","17","1","23","p17:t1:r23:display-19","ba261fa6874547dddb681d06245a82cd1f4b1f900c6c59781976d1d1266c80b8","งานยกระดับคอบ่อพักย่อย (PB) JUF-11 ฝาค.ส.ล. (ไม่เปลี่ยนฝา - เปลี่ยนเฟรม) ระดับ +0.20 ม.","งานยกระดับคอบ่อพักย่อย (PB) JUF-11 ฝาค.ส.ล. (ไม่เปลี่ยนฝา - เปลี่ยนเฟรม) ระดับ +0.20 ม.","งานยกระดับคอบ่อพักย่อย (PB) JUF-11 ฝาค.ส.ล. (ไม่เปลี่ยนฝา - เปลี่ยนเฟรม) ระดับ +0.20 ม.","งานยกระดับคอบ่อพักย่อย (PB) JUF-11 ฝาค.ส.ล. (ไม่เปลี่ยนฝา - เปลี่ยนเฟรม) ระดับ +0.20 ม.","งานยกระดับคอบ่อพักย่อย (PB) JUF-11 ฝาค.ส.ล. (ไม่เปลี่ยนฝา - เปลี่ยนเฟรม) | ระดับ +0.20 ม.","งานยกระดับคอบ่อพักย่อย (PB) JUF-11 ฝาค.ส.ล. (ไม่เปลี่ยนฝา - เปลี่ยนเฟรม) | ระดับ +0.20 ม.","บ่อ","บ่อ","บ่อ","บ่อ","บ่อ","บ่อ","8081","5547","13628","8081","5547","13628","8081","5547","13628","equal","equal","equal","order_constrained_name_unit_source_ordinal","high","1","true","true","matched","false","merged_group_description_forward_filled"
"prod:a071c149-e39e-4d7d-a895-d664e34f8a4c","stable_uuid","a071c149-e39e-4d7d-a895-d664e34f8a4c","ITEM-0534","LVU-PB0-020","LVU-PB0-020","true","true","true","535","true","false","true","446","445","593","true","17","1","24","p17:t1:r24:display-20","0059160e9aa25fab38e9bfa856b96626bfad0646a054b2b66a5d5416c21b2b55","งานยกระดับคอบ่อพักย่อย (PB) JUF-11 ฝาค.ส.ล. (ไม่เปลี่ยนฝา - เปลี่ยนเฟรม) ระดับ +0.30 ม.","งานยกระดับคอบ่อพักย่อย (PB) JUF-11 ฝาค.ส.ล. (ไม่เปลี่ยนฝา - เปลี่ยนเฟรม) ระดับ +0.30 ม.","งานยกระดับคอบ่อพักย่อย (PB) JUF-11 ฝาค.ส.ล. (ไม่เปลี่ยนฝา - เปลี่ยนเฟรม) ระดับ +0.30 ม.","งานยกระดับคอบ่อพักย่อย (PB) JUF-11 ฝาค.ส.ล. (ไม่เปลี่ยนฝา - เปลี่ยนเฟรม) ระดับ +0.30 ม.","งานยกระดับคอบ่อพักย่อย (PB) JUF-11 ฝาค.ส.ล. (ไม่เปลี่ยนฝา - เปลี่ยนเฟรม) | ระดับ +0.30 ม.","งานยกระดับคอบ่อพักย่อย (PB) JUF-11 ฝาค.ส.ล. (ไม่เปลี่ยนฝา - เปลี่ยนเฟรม) | ระดับ +0.30 ม.","บ่อ","บ่อ","บ่อ","บ่อ","บ่อ","บ่อ","9541","6333","15874","9541","6333","15874","9541","6333","15874","equal","equal","equal","order_constrained_name_unit_source_ordinal","high","1","true","true","matched","false","merged_group_description_forward_filled"
"prod:c58b254e-901c-48a3-9a24-775bfec85b42","stable_uuid","c58b254e-901c-48a3-9a24-775bfec85b42","ITEM-0535","LVU-PB0-022","LVU-PB0-022","true","true","true","536","true","false","true","448","447","595","true","17","1","26","p17:t1:r26:display-22","3c2d0c0c8fba74e4197f6e5ed2315f2136b1b3fecbeb04fb2792dc4e31ef18c5","งานยกระดับคอบ่อพักย่อย (PB) JUF-11 ฝาเหล็ก (ไม่เปลี่ยนฝา - ไม่เปลี่ยนเฟรม) ระดับ +0.10 ม.","งานยกระดับคอบ่อพักย่อย (PB) JUF-11 ฝาเหล็ก (ไม่เปลี่ยนฝา - ไม่เปลี่ยนเฟรม) ระดับ +0.10 ม.","งานยกระดับคอบ่อพักย่อย (PB) JUF-11 ฝาเหล็ก (ไม่เปลี่ยนฝา - ไม่เปลี่ยนเฟรม) ระดับ +0.10 ม.","งานยกระดับคอบ่อพักย่อย (PB) JUF-11 ฝาเหล็ก (ไม่เปลี่ยนฝา - ไม่เปลี่ยนเฟรม) ระดับ +0.10 ม.","งานยกระดับคอบ่อพักย่อย (PB) JUF-11 ฝาเหล็ก (ไม่เปลี่ยนฝา - ไม่เปลี่ยนเฟรม) | ระดับ +0.10 ม.","งานยกระดับคอบ่อพักย่อย (PB) JUF-11 ฝาเหล็ก (ไม่เปลี่ยนฝา - ไม่เปลี่ยนเฟรม) | ระดับ +0.10 ม.","บ่อ","บ่อ","บ่อ","บ่อ","บ่อ","บ่อ","2127","8473","10600","2127","8473","10600","2127","8473","10600","equal","equal","equal","order_constrained_name_unit_source_ordinal","high","1","true","true","matched","false","merged_group_description_forward_filled"
"prod:ed848ad9-ecea-439f-8615-efcf81671375","stable_uuid","ed848ad9-ecea-439f-8615-efcf81671375","ITEM-0536","LVU-PB0-023","LVU-PB0-023","true","true","true","537","true","false","true","449","448","596","true","17","1","27","p17:t1:r27:display-23","66fa1caefa46246ced31f1c00440f57e9002ef62bad70bbfe60b8d5cad47ece6","งานยกระดับคอบ่อพักย่อย (PB) JUF-11 ฝาเหล็ก (ไม่เปลี่ยนฝา - ไม่เปลี่ยนเฟรม) ระดับ +0.15 ม.","งานยกระดับคอบ่อพักย่อย (PB) JUF-11 ฝาเหล็ก (ไม่เปลี่ยนฝา - ไม่เปลี่ยนเฟรม) ระดับ +0.15 ม.","งานยกระดับคอบ่อพักย่อย (PB) JUF-11 ฝาเหล็ก (ไม่เปลี่ยนฝา - ไม่เปลี่ยนเฟรม) ระดับ +0.15 ม.","งานยกระดับคอบ่อพักย่อย (PB) JUF-11 ฝาเหล็ก (ไม่เปลี่ยนฝา - ไม่เปลี่ยนเฟรม) ระดับ +0.15 ม.","งานยกระดับคอบ่อพักย่อย (PB) JUF-11 ฝาเหล็ก (ไม่เปลี่ยนฝา - ไม่เปลี่ยนเฟรม) | ระดับ +0.15 ม.","งานยกระดับคอบ่อพักย่อย (PB) JUF-11 ฝาเหล็ก (ไม่เปลี่ยนฝา - ไม่เปลี่ยนเฟรม) | ระดับ +0.15 ม.","บ่อ","บ่อ","บ่อ","บ่อ","บ่อ","บ่อ","2884","8873","11757","2884","8873","11757","2884","8873","11757","equal","equal","equal","order_constrained_name_unit_source_ordinal","high","1","true","true","matched","false","merged_group_description_forward_filled"
"prod:5b1b2364-209d-4009-8dd0-2073c641ee28","stable_uuid","5b1b2364-209d-4009-8dd0-2073c641ee28","ITEM-0537","LVU-PB0-024","LVU-PB0-024","true","true","true","538","true","false","true","450","449","597","true","17","1","28","p17:t1:r28:display-24","f13275d04fa03b934775e07b1b327b1dca077df19fb14b3278b968bd36d02284","งานยกระดับคอบ่อพักย่อย (PB) JUF-11 ฝาเหล็ก (ไม่เปลี่ยนฝา - ไม่เปลี่ยนเฟรม) ระดับ +0.20 ม.","งานยกระดับคอบ่อพักย่อย (PB) JUF-11 ฝาเหล็ก (ไม่เปลี่ยนฝา - ไม่เปลี่ยนเฟรม) ระดับ +0.20 ม.","งานยกระดับคอบ่อพักย่อย (PB) JUF-11 ฝาเหล็ก (ไม่เปลี่ยนฝา - ไม่เปลี่ยนเฟรม) ระดับ +0.20 ม.","งานยกระดับคอบ่อพักย่อย (PB) JUF-11 ฝาเหล็ก (ไม่เปลี่ยนฝา - ไม่เปลี่ยนเฟรม) ระดับ +0.20 ม.","งานยกระดับคอบ่อพักย่อย (PB) JUF-11 ฝาเหล็ก (ไม่เปลี่ยนฝา - ไม่เปลี่ยนเฟรม) | ระดับ +0.20 ม.","งานยกระดับคอบ่อพักย่อย (PB) JUF-11 ฝาเหล็ก (ไม่เปลี่ยนฝา - ไม่เปลี่ยนเฟรม) | ระดับ +0.20 ม.","บ่อ","บ่อ","บ่อ","บ่อ","บ่อ","บ่อ","3581","9258","12839","3581","9258","12839","3581","9258","12839","equal","equal","equal","order_constrained_name_unit_source_ordinal","high","1","true","true","matched","false","merged_group_description_forward_filled"
"prod:d5b14041-0fb5-4a7e-ad47-ffe88662ba0c","stable_uuid","d5b14041-0fb5-4a7e-ad47-ffe88662ba0c","ITEM-0538","LVU-PB0-025","LVU-PB0-025","true","true","true","539","true","false","true","451","450","598","true","17","1","29","p17:t1:r29:display-25","41d69378f265d6e51b85097992c5c86e48fec1694bc03cd66c6e78e6e74ed315","งานยกระดับคอบ่อพักย่อย (PB) JUF-11 ฝาเหล็ก (ไม่เปลี่ยนฝา - ไม่เปลี่ยนเฟรม) ระดับ +0.30 ม.","งานยกระดับคอบ่อพักย่อย (PB) JUF-11 ฝาเหล็ก (ไม่เปลี่ยนฝา - ไม่เปลี่ยนเฟรม) ระดับ +0.30 ม.","งานยกระดับคอบ่อพักย่อย (PB) JUF-11 ฝาเหล็ก (ไม่เปลี่ยนฝา - ไม่เปลี่ยนเฟรม) ระดับ +0.30 ม.","งานยกระดับคอบ่อพักย่อย (PB) JUF-11 ฝาเหล็ก (ไม่เปลี่ยนฝา - ไม่เปลี่ยนเฟรม) ระดับ +0.30 ม.","งานยกระดับคอบ่อพักย่อย (PB) JUF-11 ฝาเหล็ก (ไม่เปลี่ยนฝา - ไม่เปลี่ยนเฟรม) | ระดับ +0.30 ม.","งานยกระดับคอบ่อพักย่อย (PB) JUF-11 ฝาเหล็ก (ไม่เปลี่ยนฝา - ไม่เปลี่ยนเฟรม) | ระดับ +0.30 ม.","บ่อ","บ่อ","บ่อ","บ่อ","บ่อ","บ่อ","5041","10044","15085","5041","10044","15085","5041","10044","15085","equal","equal","equal","order_constrained_name_unit_source_ordinal","high","1","true","true","matched","false","merged_group_description_forward_filled"
"prod:c577f71a-9ad2-496b-bdff-40600d5e5a37","stable_uuid","c577f71a-9ad2-496b-bdff-40600d5e5a37","ITEM-0539","LVU-PB0-027","LVU-PB0-027","true","true","true","540","true","false","true","453","452","600","true","18","1","4","p18:t1:r4:display-27","2665ea106db2a4a410bf4f5f83a1d734845f08b38051423ed3c2036e9ae2e4ad","งานยกระดับคอบ่อพักย่อย (PB) JUF-11 ฝาเหล็ก (เปลี่ยนฝา - เปลี่ยนเฟรม) ระดับ +0.10 ม.","งานยกระดับคอบ่อพักย่อย (PB) JUF-11 ฝาเหล็ก (เปลี่ยนฝา - เปลี่ยนเฟรม) ระดับ +0.10 ม.","งานยกระดับคอบ่อพักย่อย (PB) JUF-11 ฝาเหล็ก (เปลี่ยนฝา - เปลี่ยนเฟรม) ระดับ +0.10 ม.","งานยกระดับคอบ่อพักย่อย (PB) JUF-11 ฝาเหล็ก (เปลี่ยนฝา - เปลี่ยนเฟรม) ระดับ +0.10 ม.","1. งานวางท่อร้อยสายสื่อสารใต้ดิน หุ้มคอนกรีตเสริมเหล็ก (ค.ส.ล.) งานยกระดับคอบ่อพักย่อย (PB) JUF-11 ฝาเหล็ก (เปลี่ยนฝา - เปลี่ยนเฟรม) | ระดับ +0.10 ม.","1. งานวางท่อร้อยสายสื่อสารใต้ดิน หุ้มคอนกรีตเสริมเหล็ก (ค.ส.ล.) งานยกระดับคอบ่อพักย่อย (PB) JUF-11 ฝาเหล็ก (เปลี่ยนฝา - เปลี่ยนเฟรม) | ระดับ +0.10 ม.","บ่อ","บ่อ","บ่อ","บ่อ","บ่อ","บ่อ","25527","8473","34000","25527","8473","34000","25527","8473","34000","equal","equal","equal","order_constrained_name_unit_source_ordinal","high","0.712766","true","true","matched","false","merged_group_description_forward_filled"
"prod:8e8e1186-21b4-4a33-9828-40aa3c0bf2fb","stable_uuid","8e8e1186-21b4-4a33-9828-40aa3c0bf2fb","ITEM-0540","LVU-PB0-028","LVU-PB0-028","true","true","true","541","true","false","true","454","453","601","true","18","1","5","p18:t1:r5:display-28","cc1ba4fc4ec852553311aa142543a98100b7e9052e49a86fe7391d0ed407b596","งานยกระดับคอบ่อพักย่อย (PB) JUF-11 ฝาเหล็ก (เปลี่ยนฝา - เปลี่ยนเฟรม) ระดับ +0.15 ม.","งานยกระดับคอบ่อพักย่อย (PB) JUF-11 ฝาเหล็ก (เปลี่ยนฝา - เปลี่ยนเฟรม) ระดับ +0.15 ม.","งานยกระดับคอบ่อพักย่อย (PB) JUF-11 ฝาเหล็ก (เปลี่ยนฝา - เปลี่ยนเฟรม) ระดับ +0.15 ม.","งานยกระดับคอบ่อพักย่อย (PB) JUF-11 ฝาเหล็ก (เปลี่ยนฝา - เปลี่ยนเฟรม) ระดับ +0.15 ม.","1. งานวางท่อร้อยสายสื่อสารใต้ดิน หุ้มคอนกรีตเสริมเหล็ก (ค.ส.ล.) งานยกระดับคอบ่อพักย่อย (PB) JUF-11 ฝาเหล็ก (เปลี่ยนฝา - เปลี่ยนเฟรม) | ระดับ +0.15 ม.","1. งานวางท่อร้อยสายสื่อสารใต้ดิน หุ้มคอนกรีตเสริมเหล็ก (ค.ส.ล.) งานยกระดับคอบ่อพักย่อย (PB) JUF-11 ฝาเหล็ก (เปลี่ยนฝา - เปลี่ยนเฟรม) | ระดับ +0.15 ม.","บ่อ","บ่อ","บ่อ","บ่อ","บ่อ","บ่อ","26284","8873","35157","26284","8873","35157","26284","8873","35157","equal","equal","equal","order_constrained_name_unit_source_ordinal","high","0.712766","true","true","matched","false","merged_group_description_forward_filled"
"prod:5e0b1852-9265-46b5-892d-be1c3ce2c2bb","stable_uuid","5e0b1852-9265-46b5-892d-be1c3ce2c2bb","ITEM-0541","LVU-PB0-029","LVU-PB0-029","true","true","true","542","true","false","true","455","454","602","true","18","1","6","p18:t1:r6:display-29","820c0f2fbb0caca1f9514fd386250026de47e0026d10f83831d8b4f2d0ad36c6","งานยกระดับคอบ่อพักย่อย (PB) JUF-11 ฝาเหล็ก (เปลี่ยนฝา - เปลี่ยนเฟรม) ระดับ +0.20 ม.","งานยกระดับคอบ่อพักย่อย (PB) JUF-11 ฝาเหล็ก (เปลี่ยนฝา - เปลี่ยนเฟรม) ระดับ +0.20 ม.","งานยกระดับคอบ่อพักย่อย (PB) JUF-11 ฝาเหล็ก (เปลี่ยนฝา - เปลี่ยนเฟรม) ระดับ +0.20 ม.","งานยกระดับคอบ่อพักย่อย (PB) JUF-11 ฝาเหล็ก (เปลี่ยนฝา - เปลี่ยนเฟรม) ระดับ +0.20 ม.","1. งานวางท่อร้อยสายสื่อสารใต้ดิน หุ้มคอนกรีตเสริมเหล็ก (ค.ส.ล.) งานยกระดับคอบ่อพักย่อย (PB) JUF-11 ฝาเหล็ก (เปลี่ยนฝา - เปลี่ยนเฟรม) | ระดับ +0.20 ม.","1. งานวางท่อร้อยสายสื่อสารใต้ดิน หุ้มคอนกรีตเสริมเหล็ก (ค.ส.ล.) งานยกระดับคอบ่อพักย่อย (PB) JUF-11 ฝาเหล็ก (เปลี่ยนฝา - เปลี่ยนเฟรม) | ระดับ +0.20 ม.","บ่อ","บ่อ","บ่อ","บ่อ","บ่อ","บ่อ","26981","9258","36239","26981","9258","36239","26981","9258","36239","equal","equal","equal","order_constrained_name_unit_source_ordinal","high","0.712766","true","true","matched","false","merged_group_description_forward_filled"
"prod:c65dcc98-30b1-4ec9-af68-ffd257fa2ad1","stable_uuid","c65dcc98-30b1-4ec9-af68-ffd257fa2ad1","ITEM-0542","LVU-PB0-030","LVU-PB0-030","true","true","true","543","true","false","true","456","455","603","true","18","1","7","p18:t1:r7:display-30","d95276503f83dd4810798f8779d5bed0c3604fd7d19e6295700d885deba17b6d","งานยกระดับคอบ่อพักย่อย (PB) JUF-11 ฝาเหล็ก (เปลี่ยนฝา - เปลี่ยนเฟรม) ระดับ +0.30 ม.","งานยกระดับคอบ่อพักย่อย (PB) JUF-11 ฝาเหล็ก (เปลี่ยนฝา - เปลี่ยนเฟรม) ระดับ +0.30 ม.","งานยกระดับคอบ่อพักย่อย (PB) JUF-11 ฝาเหล็ก (เปลี่ยนฝา - เปลี่ยนเฟรม) ระดับ +0.30 ม.","งานยกระดับคอบ่อพักย่อย (PB) JUF-11 ฝาเหล็ก (เปลี่ยนฝา - เปลี่ยนเฟรม) ระดับ +0.30 ม.","1. งานวางท่อร้อยสายสื่อสารใต้ดิน หุ้มคอนกรีตเสริมเหล็ก (ค.ส.ล.) งานยกระดับคอบ่อพักย่อย (PB) JUF-11 ฝาเหล็ก (เปลี่ยนฝา - เปลี่ยนเฟรม) | ระดับ +0.30 ม.","1. งานวางท่อร้อยสายสื่อสารใต้ดิน หุ้มคอนกรีตเสริมเหล็ก (ค.ส.ล.) งานยกระดับคอบ่อพักย่อย (PB) JUF-11 ฝาเหล็ก (เปลี่ยนฝา - เปลี่ยนเฟรม) | ระดับ +0.30 ม.","บ่อ","บ่อ","บ่อ","บ่อ","บ่อ","บ่อ","28441","10044","38485","28441","10044","38485","28441","10044","38485","equal","equal","equal","order_constrained_name_unit_source_ordinal","high","0.712766","true","true","matched","false","merged_group_description_forward_filled"
"prod:5245dc09-2bb1-47a0-8e64-358211de6455","stable_uuid","5245dc09-2bb1-47a0-8e64-358211de6455","ITEM-0543","LVU-PB0-032","LVU-PB0-032","true","true","true","544","true","false","true","458","457","605","true","18","1","9","p18:t1:r9:display-32","de9ad79ddef7c002ca469cb8f4806449f8db6eea27647903760e83f9febe4e4a","งานยกระดับคอบ่อพักย่อย (PB) JUF-11 ฝาเหล็ก (เปลี่ยนฝา - ไม่เปลี่ยนเฟรม) ระดับ +0.10 ม.","งานยกระดับคอบ่อพักย่อย (PB) JUF-11 ฝาเหล็ก (เปลี่ยนฝา - ไม่เปลี่ยนเฟรม) ระดับ +0.10 ม.","งานยกระดับคอบ่อพักย่อย (PB) JUF-11 ฝาเหล็ก (เปลี่ยนฝา - ไม่เปลี่ยนเฟรม) ระดับ +0.10 ม.","งานยกระดับคอบ่อพักย่อย (PB) JUF-11 ฝาเหล็ก (เปลี่ยนฝา - ไม่เปลี่ยนเฟรม) ระดับ +0.10 ม.","งานยกระดับคอบ่อพักย่อย (PB) JUF-11 ฝาเหล็ก (เปลี่ยนฝา - ไม่เปลี่ยนเฟรม) | ระดับ +0.10 ม.","งานยกระดับคอบ่อพักย่อย (PB) JUF-11 ฝาเหล็ก (เปลี่ยนฝา - ไม่เปลี่ยนเฟรม) | ระดับ +0.10 ม.","บ่อ","บ่อ","บ่อ","บ่อ","บ่อ","บ่อ","21027","8473","29500","21027","8473","29500","21027","8473","29500","equal","equal","equal","order_constrained_name_unit_source_ordinal","high","1","true","true","matched","false","merged_group_description_forward_filled"
"prod:170d9c8b-3858-42e4-b9b3-70e57d089672","stable_uuid","170d9c8b-3858-42e4-b9b3-70e57d089672","ITEM-0544","LVU-PB0-033","LVU-PB0-033","true","true","true","545","true","false","true","459","458","606","true","18","1","10","p18:t1:r10:display-33","79e6cf30bd720232459cdf0587ed76732278d78b0e279af027a7d12b684c0312","งานยกระดับคอบ่อพักย่อย (PB) JUF-11 ฝาเหล็ก (เปลี่ยนฝา - ไม่เปลี่ยนเฟรม) ระดับ +0.15 ม.","งานยกระดับคอบ่อพักย่อย (PB) JUF-11 ฝาเหล็ก (เปลี่ยนฝา - ไม่เปลี่ยนเฟรม) ระดับ +0.15 ม.","งานยกระดับคอบ่อพักย่อย (PB) JUF-11 ฝาเหล็ก (เปลี่ยนฝา - ไม่เปลี่ยนเฟรม) ระดับ +0.15 ม.","งานยกระดับคอบ่อพักย่อย (PB) JUF-11 ฝาเหล็ก (เปลี่ยนฝา - ไม่เปลี่ยนเฟรม) ระดับ +0.15 ม.","งานยกระดับคอบ่อพักย่อย (PB) JUF-11 ฝาเหล็ก (เปลี่ยนฝา - ไม่เปลี่ยนเฟรม) | ระดับ +0.15 ม.","งานยกระดับคอบ่อพักย่อย (PB) JUF-11 ฝาเหล็ก (เปลี่ยนฝา - ไม่เปลี่ยนเฟรม) | ระดับ +0.15 ม.","บ่อ","บ่อ","บ่อ","บ่อ","บ่อ","บ่อ","21784","8873","30657","21784","8873","30657","21784","8873","30657","equal","equal","equal","order_constrained_name_unit_source_ordinal","high","1","true","true","matched","false","merged_group_description_forward_filled"
"prod:cd7873ea-ef40-4e82-a6fc-4fba07421fb3","stable_uuid","cd7873ea-ef40-4e82-a6fc-4fba07421fb3","ITEM-0545","LVU-PB0-034","LVU-PB0-034","true","true","true","546","true","false","true","460","459","607","true","18","1","11","p18:t1:r11:display-34","b534366e14dd8468f6debc43dc71d44d1949c6dcc9f4e2ca70c2a6c15fd0b1e3","งานยกระดับคอบ่อพักย่อย (PB) JUF-11 ฝาเหล็ก (เปลี่ยนฝา - ไม่เปลี่ยนเฟรม) ระดับ +0.20 ม.","งานยกระดับคอบ่อพักย่อย (PB) JUF-11 ฝาเหล็ก (เปลี่ยนฝา - ไม่เปลี่ยนเฟรม) ระดับ +0.20 ม.","งานยกระดับคอบ่อพักย่อย (PB) JUF-11 ฝาเหล็ก (เปลี่ยนฝา - ไม่เปลี่ยนเฟรม) ระดับ +0.20 ม.","งานยกระดับคอบ่อพักย่อย (PB) JUF-11 ฝาเหล็ก (เปลี่ยนฝา - ไม่เปลี่ยนเฟรม) ระดับ +0.20 ม.","งานยกระดับคอบ่อพักย่อย (PB) JUF-11 ฝาเหล็ก (เปลี่ยนฝา - ไม่เปลี่ยนเฟรม) | ระดับ +0.20 ม.","งานยกระดับคอบ่อพักย่อย (PB) JUF-11 ฝาเหล็ก (เปลี่ยนฝา - ไม่เปลี่ยนเฟรม) | ระดับ +0.20 ม.","บ่อ","บ่อ","บ่อ","บ่อ","บ่อ","บ่อ","22481","9258","31739","22481","9258","31739","22481","9258","31739","equal","equal","equal","order_constrained_name_unit_source_ordinal","high","1","true","true","matched","false","merged_group_description_forward_filled"
"prod:8b78da75-077c-4f90-be92-d333e666ae42","stable_uuid","8b78da75-077c-4f90-be92-d333e666ae42","ITEM-0546","LVU-PB0-035","LVU-PB0-035","true","true","true","547","true","false","true","461","460","608","true","18","1","12","p18:t1:r12:display-35","58e1bb02b089eb8a159759654f6852e0f6094702da0875443e076294826a395e","งานยกระดับคอบ่อพักย่อย (PB) JUF-11 ฝาเหล็ก (เปลี่ยนฝา - ไม่เปลี่ยนเฟรม) ระดับ +0.30 ม.","งานยกระดับคอบ่อพักย่อย (PB) JUF-11 ฝาเหล็ก (เปลี่ยนฝา - ไม่เปลี่ยนเฟรม) ระดับ +0.30 ม.","งานยกระดับคอบ่อพักย่อย (PB) JUF-11 ฝาเหล็ก (เปลี่ยนฝา - ไม่เปลี่ยนเฟรม) ระดับ +0.30 ม.","งานยกระดับคอบ่อพักย่อย (PB) JUF-11 ฝาเหล็ก (เปลี่ยนฝา - ไม่เปลี่ยนเฟรม) ระดับ +0.30 ม.","งานยกระดับคอบ่อพักย่อย (PB) JUF-11 ฝาเหล็ก (เปลี่ยนฝา - ไม่เปลี่ยนเฟรม) | ระดับ +0.30 ม.","งานยกระดับคอบ่อพักย่อย (PB) JUF-11 ฝาเหล็ก (เปลี่ยนฝา - ไม่เปลี่ยนเฟรม) | ระดับ +0.30 ม.","บ่อ","บ่อ","บ่อ","บ่อ","บ่อ","บ่อ","23941","10044","33985","23941","10044","33985","23941","10044","33985","equal","equal","equal","order_constrained_name_unit_source_ordinal","high","1","true","true","matched","false","merged_group_description_forward_filled"
"prod:622e5ab5-6de2-4509-b47d-f6afd9fb9ea1","stable_uuid","622e5ab5-6de2-4509-b47d-f6afd9fb9ea1","ITEM-0547","LVU-PB0-037","LVU-PB0-037","true","true","true","548","true","false","true","463","462","610","true","18","1","14","p18:t1:r14:display-37","6de25c2c1e2ed35e92aa0fe282301c326369ff25ce741036df96377285970750","งานยกระดับคอบ่อพักย่อย (PB) JUF-11 ฝาเหล็ก (ไม่เปลี่ยนฝา - เปลี่ยนเฟรม) ระดับ +0.10 ม.","งานยกระดับคอบ่อพักย่อย (PB) JUF-11 ฝาเหล็ก (ไม่เปลี่ยนฝา - เปลี่ยนเฟรม) ระดับ +0.10 ม.","งานยกระดับคอบ่อพักย่อย (PB) JUF-11 ฝาเหล็ก (ไม่เปลี่ยนฝา - เปลี่ยนเฟรม) ระดับ +0.10 ม.","งานยกระดับคอบ่อพักย่อย (PB) JUF-11 ฝาเหล็ก (ไม่เปลี่ยนฝา - เปลี่ยนเฟรม) ระดับ +0.10 ม.","งานยกระดับคอบ่อพักย่อย (PB) JUF-11 ฝาเหล็ก (ไม่เปลี่ยนฝา - เปลี่ยนเฟรม) | ระดับ +0.10 ม.","งานยกระดับคอบ่อพักย่อย (PB) JUF-11 ฝาเหล็ก (ไม่เปลี่ยนฝา - เปลี่ยนเฟรม) | ระดับ +0.10 ม.","บ่อ","บ่อ","บ่อ","บ่อ","บ่อ","บ่อ","6627","8473","15100","6627","8473","15100","6627","8473","15100","equal","equal","equal","order_constrained_name_unit_source_ordinal","high","1","true","true","matched","false","merged_group_description_forward_filled"
"prod:de1c62fd-1341-42eb-b11a-565374916675","stable_uuid","de1c62fd-1341-42eb-b11a-565374916675","ITEM-0548","LVU-PB0-038","LVU-PB0-038","true","true","true","549","true","false","true","464","463","611","true","18","1","15","p18:t1:r15:display-38","2ceeb13df71ab8f952c69489d65ea01d0bf920f9834ea7442ab0ae10dd53adc4","งานยกระดับคอบ่อพักย่อย (PB) JUF-11 ฝาเหล็ก (ไม่เปลี่ยนฝา - เปลี่ยนเฟรม) ระดับ +0.15 ม.","งานยกระดับคอบ่อพักย่อย (PB) JUF-11 ฝาเหล็ก (ไม่เปลี่ยนฝา - เปลี่ยนเฟรม) ระดับ +0.15 ม.","งานยกระดับคอบ่อพักย่อย (PB) JUF-11 ฝาเหล็ก (ไม่เปลี่ยนฝา - เปลี่ยนเฟรม) ระดับ +0.15 ม.","งานยกระดับคอบ่อพักย่อย (PB) JUF-11 ฝาเหล็ก (ไม่เปลี่ยนฝา - เปลี่ยนเฟรม) ระดับ +0.15 ม.","งานยกระดับคอบ่อพักย่อย (PB) JUF-11 ฝาเหล็ก (ไม่เปลี่ยนฝา - เปลี่ยนเฟรม) | ระดับ +0.15 ม.","งานยกระดับคอบ่อพักย่อย (PB) JUF-11 ฝาเหล็ก (ไม่เปลี่ยนฝา - เปลี่ยนเฟรม) | ระดับ +0.15 ม.","บ่อ","บ่อ","บ่อ","บ่อ","บ่อ","บ่อ","7384","8873","16257","7384","8873","16257","7384","8873","16257","equal","equal","equal","order_constrained_name_unit_source_ordinal","high","1","true","true","matched","false","merged_group_description_forward_filled"
"prod:c9cfc098-7201-4157-963b-b7f3af6dedaf","stable_uuid","c9cfc098-7201-4157-963b-b7f3af6dedaf","ITEM-0549","LVU-PB0-039","LVU-PB0-039","true","true","true","550","true","false","true","465","464","612","true","18","1","16","p18:t1:r16:display-39","3386d6b17ec5086c404a1f67e2ac99579f4fe8ec814961cce26d1fedb2c9a236","งานยกระดับคอบ่อพักย่อย (PB) JUF-11 ฝาเหล็ก (ไม่เปลี่ยนฝา - เปลี่ยนเฟรม) ระดับ +0.20 ม.","งานยกระดับคอบ่อพักย่อย (PB) JUF-11 ฝาเหล็ก (ไม่เปลี่ยนฝา - เปลี่ยนเฟรม) ระดับ +0.20 ม.","งานยกระดับคอบ่อพักย่อย (PB) JUF-11 ฝาเหล็ก (ไม่เปลี่ยนฝา - เปลี่ยนเฟรม) ระดับ +0.20 ม.","งานยกระดับคอบ่อพักย่อย (PB) JUF-11 ฝาเหล็ก (ไม่เปลี่ยนฝา - เปลี่ยนเฟรม) ระดับ +0.20 ม.","งานยกระดับคอบ่อพักย่อย (PB) JUF-11 ฝาเหล็ก (ไม่เปลี่ยนฝา - เปลี่ยนเฟรม) | ระดับ +0.20 ม.","งานยกระดับคอบ่อพักย่อย (PB) JUF-11 ฝาเหล็ก (ไม่เปลี่ยนฝา - เปลี่ยนเฟรม) | ระดับ +0.20 ม.","บ่อ","บ่อ","บ่อ","บ่อ","บ่อ","บ่อ","8081","9258","17339","8081","9258","17339","8081","9258","17339","equal","equal","equal","order_constrained_name_unit_source_ordinal","high","1","true","true","matched","false","merged_group_description_forward_filled"
"prod:1bcd1e9b-537d-4065-b663-c813fcb3ca44","stable_uuid","1bcd1e9b-537d-4065-b663-c813fcb3ca44","ITEM-0550","LVU-PB0-040","LVU-PB0-040","true","true","true","551","true","false","true","466","465","613","true","18","1","17","p18:t1:r17:display-40","85b8dc1ee42a8706eaed6b74f7abce8de9fa4b33ce99a4ef734e85cad367ba4c","งานยกระดับคอบ่อพักย่อย (PB) JUF-11 ฝาเหล็ก (ไม่เปลี่ยนฝา - เปลี่ยนเฟรม) ระดับ +0.30 ม.","งานยกระดับคอบ่อพักย่อย (PB) JUF-11 ฝาเหล็ก (ไม่เปลี่ยนฝา - เปลี่ยนเฟรม) ระดับ +0.30 ม.","งานยกระดับคอบ่อพักย่อย (PB) JUF-11 ฝาเหล็ก (ไม่เปลี่ยนฝา - เปลี่ยนเฟรม) ระดับ +0.30 ม.","งานยกระดับคอบ่อพักย่อย (PB) JUF-11 ฝาเหล็ก (ไม่เปลี่ยนฝา - เปลี่ยนเฟรม) ระดับ +0.30 ม.","งานยกระดับคอบ่อพักย่อย (PB) JUF-11 ฝาเหล็ก (ไม่เปลี่ยนฝา - เปลี่ยนเฟรม) | ระดับ +0.30 ม.","งานยกระดับคอบ่อพักย่อย (PB) JUF-11 ฝาเหล็ก (ไม่เปลี่ยนฝา - เปลี่ยนเฟรม) | ระดับ +0.30 ม.","บ่อ","บ่อ","บ่อ","บ่อ","บ่อ","บ่อ","9541","10044","19585","9541","10044","19585","9541","10044","19585","equal","equal","equal","order_constrained_name_unit_source_ordinal","high","1","true","true","matched","false","merged_group_description_forward_filled"
"prod:d73b1617-9183-4c80-b83d-e8529d7b0668","stable_uuid","d73b1617-9183-4c80-b83d-e8529d7b0668","ITEM-0551","LVU-PB0-042","LVU-PB0-042","true","true","true","552","true","false","true","468","467","615","true","18","1","19","p18:t1:r19:display-42","b376202f990dca02a1d50882eb1898f38aab9164794822dafd7c189ecd1e8f4a","งานยกระดับคอบ่อพักย่อย (PB) JUF-12 ฝาค.ส.ล. (ไม่เปลี่ยนฝา - ไม่เปลี่ยนเฟรม) ระดับ +0.10 ม.","งานยกระดับคอบ่อพักย่อย (PB) JUF-12 ฝาค.ส.ล. (ไม่เปลี่ยนฝา - ไม่เปลี่ยนเฟรม) ระดับ +0.10 ม.","งานยกระดับคอบ่อพักย่อย (PB) JUF-12 ฝาค.ส.ล. (ไม่เปลี่ยนฝา - ไม่เปลี่ยนเฟรม) ระดับ +0.10 ม.","งานยกระดับคอบ่อพักย่อย (PB) JUF-12 ฝาค.ส.ล. (ไม่เปลี่ยนฝา - ไม่เปลี่ยนเฟรม) ระดับ +0.10 ม.","งานยกระดับคอบ่อพักย่อย (PB) JUF-12 ฝาค.ส.ล. (ไม่เปลี่ยนฝา - ไม่เปลี่ยนเฟรม) | ระดับ +0.10 ม.","งานยกระดับคอบ่อพักย่อย (PB) JUF-12 ฝาค.ส.ล. (ไม่เปลี่ยนฝา - ไม่เปลี่ยนเฟรม) | ระดับ +0.10 ม.","บ่อ","บ่อ","บ่อ","บ่อ","บ่อ","บ่อ","2367","6148","8515","2367","6148","8515","2367","6148","8515","equal","equal","equal","order_constrained_name_unit_source_ordinal","high","1","true","true","matched","false","merged_group_description_forward_filled"
"prod:a6125688-b3ea-4274-b4f2-bfb8e6a59f20","stable_uuid","a6125688-b3ea-4274-b4f2-bfb8e6a59f20","ITEM-0552","LVU-PB0-043","LVU-PB0-043","true","true","true","553","true","false","true","469","468","616","true","18","1","20","p18:t1:r20:display-43","9c4a88e5ce5926217f21d79f4869dbb0a6cf96d1029bee8acf953a260f03b8f6","งานยกระดับคอบ่อพักย่อย (PB) JUF-12 ฝาค.ส.ล. (ไม่เปลี่ยนฝา - ไม่เปลี่ยนเฟรม) ระดับ +0.15 ม.","งานยกระดับคอบ่อพักย่อย (PB) JUF-12 ฝาค.ส.ล. (ไม่เปลี่ยนฝา - ไม่เปลี่ยนเฟรม) ระดับ +0.15 ม.","งานยกระดับคอบ่อพักย่อย (PB) JUF-12 ฝาค.ส.ล. (ไม่เปลี่ยนฝา - ไม่เปลี่ยนเฟรม) ระดับ +0.15 ม.","งานยกระดับคอบ่อพักย่อย (PB) JUF-12 ฝาค.ส.ล. (ไม่เปลี่ยนฝา - ไม่เปลี่ยนเฟรม) ระดับ +0.15 ม.","งานยกระดับคอบ่อพักย่อย (PB) JUF-12 ฝาค.ส.ล. (ไม่เปลี่ยนฝา - ไม่เปลี่ยนเฟรม) | ระดับ +0.15 ม.","งานยกระดับคอบ่อพักย่อย (PB) JUF-12 ฝาค.ส.ล. (ไม่เปลี่ยนฝา - ไม่เปลี่ยนเฟรม) | ระดับ +0.15 ม.","บ่อ","บ่อ","บ่อ","บ่อ","บ่อ","บ่อ","3185","6575","9760","3185","6575","9760","3185","6575","9760","equal","equal","equal","order_constrained_name_unit_source_ordinal","high","1","true","true","matched","false","merged_group_description_forward_filled"
"prod:5ce8f0ad-196e-412d-9d85-324b9abc7a0a","stable_uuid","5ce8f0ad-196e-412d-9d85-324b9abc7a0a","ITEM-0553","LVU-PB0-044","LVU-PB0-044","true","true","true","554","true","false","true","470","469","617","true","18","1","21","p18:t1:r21:display-44","f88b05c5667ba71d509cc2d2a8c3a4a55437bf1cbd16c3a4d8ed0e55aed4781f","งานยกระดับคอบ่อพักย่อย (PB) JUF-12 ฝาค.ส.ล. (ไม่เปลี่ยนฝา - ไม่เปลี่ยนเฟรม) ระดับ +0.20 ม.","งานยกระดับคอบ่อพักย่อย (PB) JUF-12 ฝาค.ส.ล. (ไม่เปลี่ยนฝา - ไม่เปลี่ยนเฟรม) ระดับ +0.20 ม.","งานยกระดับคอบ่อพักย่อย (PB) JUF-12 ฝาค.ส.ล. (ไม่เปลี่ยนฝา - ไม่เปลี่ยนเฟรม) ระดับ +0.20 ม.","งานยกระดับคอบ่อพักย่อย (PB) JUF-12 ฝาค.ส.ล. (ไม่เปลี่ยนฝา - ไม่เปลี่ยนเฟรม) ระดับ +0.20 ม.","งานยกระดับคอบ่อพักย่อย (PB) JUF-12 ฝาค.ส.ล. (ไม่เปลี่ยนฝา - ไม่เปลี่ยนเฟรม) | ระดับ +0.20 ม.","งานยกระดับคอบ่อพักย่อย (PB) JUF-12 ฝาค.ส.ล. (ไม่เปลี่ยนฝา - ไม่เปลี่ยนเฟรม) | ระดับ +0.20 ม.","บ่อ","บ่อ","บ่อ","บ่อ","บ่อ","บ่อ","3928","6982","10910","3928","6982","10910","3928","6982","10910","equal","equal","equal","order_constrained_name_unit_source_ordinal","high","1","true","true","matched","false","merged_group_description_forward_filled"
"prod:e468242b-efef-4caa-a158-a52394e3ecad","stable_uuid","e468242b-efef-4caa-a158-a52394e3ecad","ITEM-0554","LVU-PB0-045","LVU-PB0-045","true","true","true","555","true","false","true","471","470","618","true","18","1","22","p18:t1:r22:display-45","52f90025876953a8f033766c7ed578643bc980656cfc479864df1acc6bdd585b","งานยกระดับคอบ่อพักย่อย (PB) JUF-12 ฝาค.ส.ล. (ไม่เปลี่ยนฝา - ไม่เปลี่ยนเฟรม) ระดับ +0.30 ม.","งานยกระดับคอบ่อพักย่อย (PB) JUF-12 ฝาค.ส.ล. (ไม่เปลี่ยนฝา - ไม่เปลี่ยนเฟรม) ระดับ +0.30 ม.","งานยกระดับคอบ่อพักย่อย (PB) JUF-12 ฝาค.ส.ล. (ไม่เปลี่ยนฝา - ไม่เปลี่ยนเฟรม) ระดับ +0.30 ม.","งานยกระดับคอบ่อพักย่อย (PB) JUF-12 ฝาค.ส.ล. (ไม่เปลี่ยนฝา - ไม่เปลี่ยนเฟรม) ระดับ +0.30 ม.","งานยกระดับคอบ่อพักย่อย (PB) JUF-12 ฝาค.ส.ล. (ไม่เปลี่ยนฝา - ไม่เปลี่ยนเฟรม) | ระดับ +0.30 ม.","งานยกระดับคอบ่อพักย่อย (PB) JUF-12 ฝาค.ส.ล. (ไม่เปลี่ยนฝา - ไม่เปลี่ยนเฟรม) | ระดับ +0.30 ม.","บ่อ","บ่อ","บ่อ","บ่อ","บ่อ","บ่อ","5486","7816","13302","5486","7816","13302","5486","7816","13302","equal","equal","equal","order_constrained_name_unit_source_ordinal","high","1","true","true","matched","false","merged_group_description_forward_filled"
"prod:942cdb49-5a66-459c-8601-a4d171cc6040","stable_uuid","942cdb49-5a66-459c-8601-a4d171cc6040","ITEM-0555","LVU-PB0-047","LVU-PB0-047","true","true","true","556","true","false","true","473","472","620","true","18","1","24","p18:t1:r24:display-47","0bb9032502817d788bb8bce8c5e96a0e2df0ebd701bf645de80f09f924e32948","งานยกระดับคอบ่อพักย่อย (PB) JUF-12 ฝาค.ส.ล. (เปลี่ยนฝา - เปลี่ยนเฟรม) ระดับ +0.10 ม.","งานยกระดับคอบ่อพักย่อย (PB) JUF-12 ฝาค.ส.ล. (เปลี่ยนฝา - เปลี่ยนเฟรม) ระดับ +0.10 ม.","งานยกระดับคอบ่อพักย่อย (PB) JUF-12 ฝาค.ส.ล. (เปลี่ยนฝา - เปลี่ยนเฟรม) ระดับ +0.10 ม.","งานยกระดับคอบ่อพักย่อย (PB) JUF-12 ฝาค.ส.ล. (เปลี่ยนฝา - เปลี่ยนเฟรม) ระดับ +0.10 ม.","งานยกระดับคอบ่อพักย่อย (PB) JUF-12 ฝาค.ส.ล. (เปลี่ยนฝา - เปลี่ยนเฟรม) | ระดับ +0.10 ม.","งานยกระดับคอบ่อพักย่อย (PB) JUF-12 ฝาค.ส.ล. (เปลี่ยนฝา - เปลี่ยนเฟรม) | ระดับ +0.10 ม.","บ่อ","บ่อ","บ่อ","บ่อ","บ่อ","บ่อ","13931","6148","20079","13931","6148","20079","13931","6148","20079","equal","equal","equal","order_constrained_name_unit_source_ordinal","high","1","true","true","matched","false","merged_group_description_forward_filled"
"prod:a3ae02e1-2ff5-4795-aa02-07c06b05e454","stable_uuid","a3ae02e1-2ff5-4795-aa02-07c06b05e454","ITEM-0556","LVU-PB0-048","LVU-PB0-048","true","true","true","557","true","false","true","474","473","621","true","18","1","25","p18:t1:r25:display-48","824b6d64c795885d23ca3c6835750b6f7f4b0dcafc51f2a84cc5a0492fae9db5","งานยกระดับคอบ่อพักย่อย (PB) JUF-12 ฝาค.ส.ล. (เปลี่ยนฝา - เปลี่ยนเฟรม) ระดับ +0.15 ม.","งานยกระดับคอบ่อพักย่อย (PB) JUF-12 ฝาค.ส.ล. (เปลี่ยนฝา - เปลี่ยนเฟรม) ระดับ +0.15 ม.","งานยกระดับคอบ่อพักย่อย (PB) JUF-12 ฝาค.ส.ล. (เปลี่ยนฝา - เปลี่ยนเฟรม) ระดับ +0.15 ม.","งานยกระดับคอบ่อพักย่อย (PB) JUF-12 ฝาค.ส.ล. (เปลี่ยนฝา - เปลี่ยนเฟรม) ระดับ +0.15 ม.","งานยกระดับคอบ่อพักย่อย (PB) JUF-12 ฝาค.ส.ล. (เปลี่ยนฝา - เปลี่ยนเฟรม) | ระดับ +0.15 ม.","งานยกระดับคอบ่อพักย่อย (PB) JUF-12 ฝาค.ส.ล. (เปลี่ยนฝา - เปลี่ยนเฟรม) | ระดับ +0.15 ม.","บ่อ","บ่อ","บ่อ","บ่อ","บ่อ","บ่อ","14749","6575","21324","14749","6575","21324","14749","6575","21324","equal","equal","equal","order_constrained_name_unit_source_ordinal","high","1","true","true","matched","false","merged_group_description_forward_filled"
"prod:221f0b0d-a16e-470b-ac7e-984159a0ab1f","stable_uuid","221f0b0d-a16e-470b-ac7e-984159a0ab1f","ITEM-0557","LVU-PB0-049","LVU-PB0-049","true","true","true","558","true","false","true","475","474","622","true","18","1","26","p18:t1:r26:display-49","fa722816816e2ec640d17533f14c32772b200bfcba63fdf4ca38daccedb9c2ff","งานยกระดับคอบ่อพักย่อย (PB) JUF-12 ฝาค.ส.ล. (เปลี่ยนฝา - เปลี่ยนเฟรม) ระดับ +0.20 ม.","งานยกระดับคอบ่อพักย่อย (PB) JUF-12 ฝาค.ส.ล. (เปลี่ยนฝา - เปลี่ยนเฟรม) ระดับ +0.20 ม.","งานยกระดับคอบ่อพักย่อย (PB) JUF-12 ฝาค.ส.ล. (เปลี่ยนฝา - เปลี่ยนเฟรม) ระดับ +0.20 ม.","งานยกระดับคอบ่อพักย่อย (PB) JUF-12 ฝาค.ส.ล. (เปลี่ยนฝา - เปลี่ยนเฟรม) ระดับ +0.20 ม.","งานยกระดับคอบ่อพักย่อย (PB) JUF-12 ฝาค.ส.ล. (เปลี่ยนฝา - เปลี่ยนเฟรม) | ระดับ +0.20 ม.","งานยกระดับคอบ่อพักย่อย (PB) JUF-12 ฝาค.ส.ล. (เปลี่ยนฝา - เปลี่ยนเฟรม) | ระดับ +0.20 ม.","บ่อ","บ่อ","บ่อ","บ่อ","บ่อ","บ่อ","15492","6982","22474","15492","6982","22474","15492","6982","22474","equal","equal","equal","order_constrained_name_unit_source_ordinal","high","1","true","true","matched","false","merged_group_description_forward_filled"
"prod:99ea468c-7abf-4a12-9cce-9a6c53869617","stable_uuid","99ea468c-7abf-4a12-9cce-9a6c53869617","ITEM-0558","LVU-PB0-050","LVU-PB0-050","true","true","true","559","true","false","true","476","475","623","true","18","1","27","p18:t1:r27:display-50","c89d0d7159977bab457a7d752e4372b71ae0e1d2d95d2f75a6265a343110f772","งานยกระดับคอบ่อพักย่อย (PB) JUF-12 ฝาค.ส.ล. (เปลี่ยนฝา - เปลี่ยนเฟรม) ระดับ +0.30 ม.","งานยกระดับคอบ่อพักย่อย (PB) JUF-12 ฝาค.ส.ล. (เปลี่ยนฝา - เปลี่ยนเฟรม) ระดับ +0.30 ม.","งานยกระดับคอบ่อพักย่อย (PB) JUF-12 ฝาค.ส.ล. (เปลี่ยนฝา - เปลี่ยนเฟรม) ระดับ +0.30 ม.","งานยกระดับคอบ่อพักย่อย (PB) JUF-12 ฝาค.ส.ล. (เปลี่ยนฝา - เปลี่ยนเฟรม) ระดับ +0.30 ม.","งานยกระดับคอบ่อพักย่อย (PB) JUF-12 ฝาค.ส.ล. (เปลี่ยนฝา - เปลี่ยนเฟรม) | ระดับ +0.30 ม.","งานยกระดับคอบ่อพักย่อย (PB) JUF-12 ฝาค.ส.ล. (เปลี่ยนฝา - เปลี่ยนเฟรม) | ระดับ +0.30 ม.","บ่อ","บ่อ","บ่อ","บ่อ","บ่อ","บ่อ","17050","7816","24866","17050","7816","24866","17050","7816","24866","equal","equal","equal","order_constrained_name_unit_source_ordinal","high","1","true","true","matched","false","merged_group_description_forward_filled"
"prod:67f41bc0-7499-47d9-803a-77bdd85e83b3","stable_uuid","67f41bc0-7499-47d9-803a-77bdd85e83b3","ITEM-0559","LVU-PB0-052","LVU-PB0-052","true","true","true","560","true","false","true","478","477","625","true","18","1","29","p18:t1:r29:display-52","a1a76ddf1039d2e40eea999326558e9960ef38ce1fd20249c100426508ab1290","งานยกระดับคอบ่อพักย่อย (PB) JUF-12 ฝาค.ส.ล. (เปลี่ยนฝา - ไม่เปลี่ยนเฟรม) ระดับ +0.10 ม.","งานยกระดับคอบ่อพักย่อย (PB) JUF-12 ฝาค.ส.ล. (เปลี่ยนฝา - ไม่เปลี่ยนเฟรม) ระดับ +0.10 ม.","งานยกระดับคอบ่อพักย่อย (PB) JUF-12 ฝาค.ส.ล. (เปลี่ยนฝา - ไม่เปลี่ยนเฟรม) ระดับ +0.10 ม.","งานยกระดับคอบ่อพักย่อย (PB) JUF-12 ฝาค.ส.ล. (เปลี่ยนฝา - ไม่เปลี่ยนเฟรม) ระดับ +0.10 ม.","งานยกระดับคอบ่อพักย่อย (PB) JUF-12 ฝาค.ส.ล. (เปลี่ยนฝา - ไม่เปลี่ยนเฟรม) | ระดับ +0.10 ม.","งานยกระดับคอบ่อพักย่อย (PB) JUF-12 ฝาค.ส.ล. (เปลี่ยนฝา - ไม่เปลี่ยนเฟรม) | ระดับ +0.10 ม.","บ่อ","บ่อ","บ่อ","บ่อ","บ่อ","บ่อ","7531","6148","13679","7531","6148","13679","7531","6148","13679","equal","equal","equal","order_constrained_name_unit_source_ordinal","high","1","true","true","matched","false","merged_group_description_forward_filled"
"prod:58e310e0-152a-4788-b7cf-d8d9f749427b","stable_uuid","58e310e0-152a-4788-b7cf-d8d9f749427b","ITEM-0560","LVU-PB0-053","LVU-PB0-053","true","true","true","561","true","false","true","479","478","626","true","18","1","30","p18:t1:r30:display-53","e3ee5d3f384326718e2d81b1ce713c54d4d022f5f0f7f44828b309130b7580e2","งานยกระดับคอบ่อพักย่อย (PB) JUF-12 ฝาค.ส.ล. (เปลี่ยนฝา - ไม่เปลี่ยนเฟรม) ระดับ +0.15 ม.","งานยกระดับคอบ่อพักย่อย (PB) JUF-12 ฝาค.ส.ล. (เปลี่ยนฝา - ไม่เปลี่ยนเฟรม) ระดับ +0.15 ม.","งานยกระดับคอบ่อพักย่อย (PB) JUF-12 ฝาค.ส.ล. (เปลี่ยนฝา - ไม่เปลี่ยนเฟรม) ระดับ +0.15 ม.","งานยกระดับคอบ่อพักย่อย (PB) JUF-12 ฝาค.ส.ล. (เปลี่ยนฝา - ไม่เปลี่ยนเฟรม) ระดับ +0.15 ม.","งานยกระดับคอบ่อพักย่อย (PB) JUF-12 ฝาค.ส.ล. (เปลี่ยนฝา - ไม่เปลี่ยนเฟรม) | ระดับ +0.15 ม.","งานยกระดับคอบ่อพักย่อย (PB) JUF-12 ฝาค.ส.ล. (เปลี่ยนฝา - ไม่เปลี่ยนเฟรม) | ระดับ +0.15 ม.","บ่อ","บ่อ","บ่อ","บ่อ","บ่อ","บ่อ","8349","6575","14924","8349","6575","14924","8349","6575","14924","equal","equal","equal","order_constrained_name_unit_source_ordinal","high","1","true","true","matched","false","merged_group_description_forward_filled"
"prod:9d514aa4-de13-42ae-8020-f17c5bac09b5","stable_uuid","9d514aa4-de13-42ae-8020-f17c5bac09b5","ITEM-0561","LVU-PB0-054","LVU-PB0-054","true","true","true","562","true","false","true","480","479","627","true","18","1","31","p18:t1:r31:display-54","fdbddeb949200da2ccd54b14f95c17e792355f8ac11e24b0c4a5771d0144042a","งานยกระดับคอบ่อพักย่อย (PB) JUF-12 ฝาค.ส.ล. (เปลี่ยนฝา - ไม่เปลี่ยนเฟรม) ระดับ +0.20 ม.","งานยกระดับคอบ่อพักย่อย (PB) JUF-12 ฝาค.ส.ล. (เปลี่ยนฝา - ไม่เปลี่ยนเฟรม) ระดับ +0.20 ม.","งานยกระดับคอบ่อพักย่อย (PB) JUF-12 ฝาค.ส.ล. (เปลี่ยนฝา - ไม่เปลี่ยนเฟรม) ระดับ +0.20 ม.","งานยกระดับคอบ่อพักย่อย (PB) JUF-12 ฝาค.ส.ล. (เปลี่ยนฝา - ไม่เปลี่ยนเฟรม) ระดับ +0.20 ม.","งานยกระดับคอบ่อพักย่อย (PB) JUF-12 ฝาค.ส.ล. (เปลี่ยนฝา - ไม่เปลี่ยนเฟรม) | ระดับ +0.20 ม.","งานยกระดับคอบ่อพักย่อย (PB) JUF-12 ฝาค.ส.ล. (เปลี่ยนฝา - ไม่เปลี่ยนเฟรม) | ระดับ +0.20 ม.","บ่อ","บ่อ","บ่อ","บ่อ","บ่อ","บ่อ","9092","6982","16074","9092","6982","16074","9092","6982","16074","equal","equal","equal","order_constrained_name_unit_source_ordinal","high","1","true","true","matched","false","merged_group_description_forward_filled"
"prod:823ff831-cf52-4d41-8ba0-9d2a4696ebc4","stable_uuid","823ff831-cf52-4d41-8ba0-9d2a4696ebc4","ITEM-0562","LVU-PB0-055","LVU-PB0-055","true","true","true","563","true","false","true","481","480","628","true","18","1","32","p18:t1:r32:display-55","2994915cdaa03b48e508f9e709d6c3db6411e1ab1c2544822be95a23032eea57","งานยกระดับคอบ่อพักย่อย (PB) JUF-12 ฝาค.ส.ล. (เปลี่ยนฝา - ไม่เปลี่ยนเฟรม) ระดับ +0.30 ม.","งานยกระดับคอบ่อพักย่อย (PB) JUF-12 ฝาค.ส.ล. (เปลี่ยนฝา - ไม่เปลี่ยนเฟรม) ระดับ +0.30 ม.","งานยกระดับคอบ่อพักย่อย (PB) JUF-12 ฝาค.ส.ล. (เปลี่ยนฝา - ไม่เปลี่ยนเฟรม) ระดับ +0.30 ม.","งานยกระดับคอบ่อพักย่อย (PB) JUF-12 ฝาค.ส.ล. (เปลี่ยนฝา - ไม่เปลี่ยนเฟรม) ระดับ +0.30 ม.","งานยกระดับคอบ่อพักย่อย (PB) JUF-12 ฝาค.ส.ล. (เปลี่ยนฝา - ไม่เปลี่ยนเฟรม) | ระดับ +0.30 ม.","งานยกระดับคอบ่อพักย่อย (PB) JUF-12 ฝาค.ส.ล. (เปลี่ยนฝา - ไม่เปลี่ยนเฟรม) | ระดับ +0.30 ม.","บ่อ","บ่อ","บ่อ","บ่อ","บ่อ","บ่อ","10650","7816","18466","10650","7816","18466","10650","7816","18466","equal","equal","equal","order_constrained_name_unit_source_ordinal","high","1","true","true","matched","false","merged_group_description_forward_filled"
"prod:9f6f75d2-2929-46fc-b538-8ee030a969f2","stable_uuid","9f6f75d2-2929-46fc-b538-8ee030a969f2","ITEM-0563","LVU-PB0-057","LVU-PB0-057","true","true","true","564","true","false","true","483","482","630","true","19","1","4","p19:t1:r4:display-57","6281f74c26d82e4f86d97bcb742a5111cfdc9b736545b1cb2994e0277eb57a0d","งานยกระดับคอบ่อพักย่อย (PB) JUF-12 ฝาค.ส.ล. (ไม่เปลี่ยนฝา - เปลี่ยนเฟรม) ระดับ +0.10 ม.","งานยกระดับคอบ่อพักย่อย (PB) JUF-12 ฝาค.ส.ล. (ไม่เปลี่ยนฝา - เปลี่ยนเฟรม) ระดับ +0.10 ม.","งานยกระดับคอบ่อพักย่อย (PB) JUF-12 ฝาค.ส.ล. (ไม่เปลี่ยนฝา - เปลี่ยนเฟรม) ระดับ +0.10 ม.","งานยกระดับคอบ่อพักย่อย (PB) JUF-12 ฝาค.ส.ล. (ไม่เปลี่ยนฝา - เปลี่ยนเฟรม) ระดับ +0.10 ม.","1. งานวางท่อร้อยสายสื่อสารใต้ดิน หุ้มคอนกรีตเสริมเหล็ก (ค.ส.ล.) งานยกระดับคอบ่อพักย่อย (PB) JUF-12 ฝาค.ส.ล. (ไม่เปลี่ยนฝา - เปลี่ยนเฟรม) | ระดับ +0.10 ม.","1. งานวางท่อร้อยสายสื่อสารใต้ดิน หุ้มคอนกรีตเสริมเหล็ก (ค.ส.ล.) งานยกระดับคอบ่อพักย่อย (PB) JUF-12 ฝาค.ส.ล. (ไม่เปลี่ยนฝา - เปลี่ยนเฟรม) | ระดับ +0.10 ม.","บ่อ","บ่อ","บ่อ","บ่อ","บ่อ","บ่อ","8767","6148","14915","8767","6148","14915","8767","6148","14915","equal","equal","equal","order_constrained_name_unit_source_ordinal","high","0.715789","true","true","matched","false","merged_group_description_forward_filled"
"prod:4e83f634-953d-4acf-8ed6-afe7d3aa2626","stable_uuid","4e83f634-953d-4acf-8ed6-afe7d3aa2626","ITEM-0564","LVU-PB0-058","LVU-PB0-058","true","true","true","565","true","false","true","484","483","631","true","19","1","5","p19:t1:r5:display-58","b29a85521c694912e458e766d6c256efa5e23e3bce02cde123e57406106eff0a","งานยกระดับคอบ่อพักย่อย (PB) JUF-12 ฝาค.ส.ล. (ไม่เปลี่ยนฝา - เปลี่ยนเฟรม) ระดับ +0.15 ม.","งานยกระดับคอบ่อพักย่อย (PB) JUF-12 ฝาค.ส.ล. (ไม่เปลี่ยนฝา - เปลี่ยนเฟรม) ระดับ +0.15 ม.","งานยกระดับคอบ่อพักย่อย (PB) JUF-12 ฝาค.ส.ล. (ไม่เปลี่ยนฝา - เปลี่ยนเฟรม) ระดับ +0.15 ม.","งานยกระดับคอบ่อพักย่อย (PB) JUF-12 ฝาค.ส.ล. (ไม่เปลี่ยนฝา - เปลี่ยนเฟรม) ระดับ +0.15 ม.","1. งานวางท่อร้อยสายสื่อสารใต้ดิน หุ้มคอนกรีตเสริมเหล็ก (ค.ส.ล.) งานยกระดับคอบ่อพักย่อย (PB) JUF-12 ฝาค.ส.ล. (ไม่เปลี่ยนฝา - เปลี่ยนเฟรม) | ระดับ +0.15 ม.","1. งานวางท่อร้อยสายสื่อสารใต้ดิน หุ้มคอนกรีตเสริมเหล็ก (ค.ส.ล.) งานยกระดับคอบ่อพักย่อย (PB) JUF-12 ฝาค.ส.ล. (ไม่เปลี่ยนฝา - เปลี่ยนเฟรม) | ระดับ +0.15 ม.","บ่อ","บ่อ","บ่อ","บ่อ","บ่อ","บ่อ","9585","6575","16160","9585","6575","16160","9585","6575","16160","equal","equal","equal","order_constrained_name_unit_source_ordinal","high","0.715789","true","true","matched","false","merged_group_description_forward_filled"
"prod:b4301cd8-f424-4fec-bc00-d14a3d5b4860","stable_uuid","b4301cd8-f424-4fec-bc00-d14a3d5b4860","ITEM-0565","LVU-PB0-059","LVU-PB0-059","true","true","true","566","true","false","true","485","484","632","true","19","1","6","p19:t1:r6:display-59","de5f65803e8150b00ceb05dd81c762d14555f8bf3d166ce2489e754ea5af5d68","งานยกระดับคอบ่อพักย่อย (PB) JUF-12 ฝาค.ส.ล. (ไม่เปลี่ยนฝา - เปลี่ยนเฟรม) ระดับ +0.20 ม.","งานยกระดับคอบ่อพักย่อย (PB) JUF-12 ฝาค.ส.ล. (ไม่เปลี่ยนฝา - เปลี่ยนเฟรม) ระดับ +0.20 ม.","งานยกระดับคอบ่อพักย่อย (PB) JUF-12 ฝาค.ส.ล. (ไม่เปลี่ยนฝา - เปลี่ยนเฟรม) ระดับ +0.20 ม.","งานยกระดับคอบ่อพักย่อย (PB) JUF-12 ฝาค.ส.ล. (ไม่เปลี่ยนฝา - เปลี่ยนเฟรม) ระดับ +0.20 ม.","1. งานวางท่อร้อยสายสื่อสารใต้ดิน หุ้มคอนกรีตเสริมเหล็ก (ค.ส.ล.) งานยกระดับคอบ่อพักย่อย (PB) JUF-12 ฝาค.ส.ล. (ไม่เปลี่ยนฝา - เปลี่ยนเฟรม) | ระดับ +0.20 ม.","1. งานวางท่อร้อยสายสื่อสารใต้ดิน หุ้มคอนกรีตเสริมเหล็ก (ค.ส.ล.) งานยกระดับคอบ่อพักย่อย (PB) JUF-12 ฝาค.ส.ล. (ไม่เปลี่ยนฝา - เปลี่ยนเฟรม) | ระดับ +0.20 ม.","บ่อ","บ่อ","บ่อ","บ่อ","บ่อ","บ่อ","10328","6982","17310","10328","6982","17310","10328","6982","17310","equal","equal","equal","order_constrained_name_unit_source_ordinal","high","0.715789","true","true","matched","false","merged_group_description_forward_filled"
"prod:e3ff76d2-3961-4753-b249-61a3af0044ff","stable_uuid","e3ff76d2-3961-4753-b249-61a3af0044ff","ITEM-0566","LVU-PB0-060","LVU-PB0-060","true","true","true","567","true","false","true","486","485","633","true","19","1","7","p19:t1:r7:display-60","39d12cbc5647a10bd381ff2d815f9a5a3b0a74f56d2933629cb44b3a1f48e183","งานยกระดับคอบ่อพักย่อย (PB) JUF-12 ฝาค.ส.ล. (ไม่เปลี่ยนฝา - เปลี่ยนเฟรม) ระดับ +0.30 ม.","งานยกระดับคอบ่อพักย่อย (PB) JUF-12 ฝาค.ส.ล. (ไม่เปลี่ยนฝา - เปลี่ยนเฟรม) ระดับ +0.30 ม.","งานยกระดับคอบ่อพักย่อย (PB) JUF-12 ฝาค.ส.ล. (ไม่เปลี่ยนฝา - เปลี่ยนเฟรม) ระดับ +0.30 ม.","งานยกระดับคอบ่อพักย่อย (PB) JUF-12 ฝาค.ส.ล. (ไม่เปลี่ยนฝา - เปลี่ยนเฟรม) ระดับ +0.30 ม.","1. งานวางท่อร้อยสายสื่อสารใต้ดิน หุ้มคอนกรีตเสริมเหล็ก (ค.ส.ล.) งานยกระดับคอบ่อพักย่อย (PB) JUF-12 ฝาค.ส.ล. (ไม่เปลี่ยนฝา - เปลี่ยนเฟรม) | ระดับ +0.30 ม.","1. งานวางท่อร้อยสายสื่อสารใต้ดิน หุ้มคอนกรีตเสริมเหล็ก (ค.ส.ล.) งานยกระดับคอบ่อพักย่อย (PB) JUF-12 ฝาค.ส.ล. (ไม่เปลี่ยนฝา - เปลี่ยนเฟรม) | ระดับ +0.30 ม.","บ่อ","บ่อ","บ่อ","บ่อ","บ่อ","บ่อ","11886","7816","19702","11886","7816","19702","11886","7816","19702","equal","equal","equal","order_constrained_name_unit_source_ordinal","high","0.715789","true","true","matched","false","merged_group_description_forward_filled"
"prod:48ee3528-3419-41cf-bbb7-0e4e6e68f3b1","stable_uuid","48ee3528-3419-41cf-bbb7-0e4e6e68f3b1","ITEM-0567","LVU-PB0-062","LVU-PB0-062","true","true","true","568","true","false","true","488","487","635","true","19","1","9","p19:t1:r9:display-62","eff91401b4eaaad1291b209f52a03b95f45e994a629e3cbfaf1415a447d5595b","งานยกระดับคอบ่อพักย่อย (PB) JUF-12 ฝาเหล็ก (ไม่เปลี่ยนฝา - ไม่เปลี่ยนเฟรม) ระดับ +0.10 ม.","งานยกระดับคอบ่อพักย่อย (PB) JUF-12 ฝาเหล็ก (ไม่เปลี่ยนฝา - ไม่เปลี่ยนเฟรม) ระดับ +0.10 ม.","งานยกระดับคอบ่อพักย่อย (PB) JUF-12 ฝาเหล็ก (ไม่เปลี่ยนฝา - ไม่เปลี่ยนเฟรม) ระดับ +0.10 ม.","งานยกระดับคอบ่อพักย่อย (PB) JUF-12 ฝาเหล็ก (ไม่เปลี่ยนฝา - ไม่เปลี่ยนเฟรม) ระดับ +0.10 ม.","งานยกระดับคอบ่อพักย่อย (PB) JUF-12 ฝาเหล็ก (ไม่เปลี่ยนฝา - ไม่เปลี่ยนเฟรม) | ระดับ +0.10 ม.","งานยกระดับคอบ่อพักย่อย (PB) JUF-12 ฝาเหล็ก (ไม่เปลี่ยนฝา - ไม่เปลี่ยนเฟรม) | ระดับ +0.10 ม.","บ่อ","บ่อ","บ่อ","บ่อ","บ่อ","บ่อ","2367","11096","13463","2367","11096","13463","2367","11096","13463","equal","equal","equal","order_constrained_name_unit_source_ordinal","high","1","true","true","matched","false","merged_group_description_forward_filled"
"prod:858cdf21-1611-4f7a-b863-f8dd31b866fb","stable_uuid","858cdf21-1611-4f7a-b863-f8dd31b866fb","ITEM-0568","LVU-PB0-063","LVU-PB0-063","true","true","true","569","true","false","true","489","488","636","true","19","1","10","p19:t1:r10:display-63","823af25f54653d7663f58c49989a7be085c5e2eb3bb0836f8eb12590e87952bc","งานยกระดับคอบ่อพักย่อย (PB) JUF-12 ฝาเหล็ก (ไม่เปลี่ยนฝา - ไม่เปลี่ยนเฟรม) ระดับ +0.15 ม.","งานยกระดับคอบ่อพักย่อย (PB) JUF-12 ฝาเหล็ก (ไม่เปลี่ยนฝา - ไม่เปลี่ยนเฟรม) ระดับ +0.15 ม.","งานยกระดับคอบ่อพักย่อย (PB) JUF-12 ฝาเหล็ก (ไม่เปลี่ยนฝา - ไม่เปลี่ยนเฟรม) ระดับ +0.15 ม.","งานยกระดับคอบ่อพักย่อย (PB) JUF-12 ฝาเหล็ก (ไม่เปลี่ยนฝา - ไม่เปลี่ยนเฟรม) ระดับ +0.15 ม.","งานยกระดับคอบ่อพักย่อย (PB) JUF-12 ฝาเหล็ก (ไม่เปลี่ยนฝา - ไม่เปลี่ยนเฟรม) | ระดับ +0.15 ม.","งานยกระดับคอบ่อพักย่อย (PB) JUF-12 ฝาเหล็ก (ไม่เปลี่ยนฝา - ไม่เปลี่ยนเฟรม) | ระดับ +0.15 ม.","บ่อ","บ่อ","บ่อ","บ่อ","บ่อ","บ่อ","3185","11523","14708","3185","11523","14708","3185","11523","14708","equal","equal","equal","order_constrained_name_unit_source_ordinal","high","1","true","true","matched","false","merged_group_description_forward_filled"
"prod:7c8530d3-ab91-4d61-89c7-6a6560e88cfb","stable_uuid","7c8530d3-ab91-4d61-89c7-6a6560e88cfb","ITEM-0569","LVU-PB0-064","LVU-PB0-064","true","true","true","570","true","false","true","490","489","637","true","19","1","11","p19:t1:r11:display-64","3ac9e23ec84d89ebbadbf1d9fa47ce5c3864dc2b13aa4971b37754074d177b18","งานยกระดับคอบ่อพักย่อย (PB) JUF-12 ฝาเหล็ก (ไม่เปลี่ยนฝา - ไม่เปลี่ยนเฟรม) ระดับ +0.20 ม.","งานยกระดับคอบ่อพักย่อย (PB) JUF-12 ฝาเหล็ก (ไม่เปลี่ยนฝา - ไม่เปลี่ยนเฟรม) ระดับ +0.20 ม.","งานยกระดับคอบ่อพักย่อย (PB) JUF-12 ฝาเหล็ก (ไม่เปลี่ยนฝา - ไม่เปลี่ยนเฟรม) ระดับ +0.20 ม.","งานยกระดับคอบ่อพักย่อย (PB) JUF-12 ฝาเหล็ก (ไม่เปลี่ยนฝา - ไม่เปลี่ยนเฟรม) ระดับ +0.20 ม.","งานยกระดับคอบ่อพักย่อย (PB) JUF-12 ฝาเหล็ก (ไม่เปลี่ยนฝา - ไม่เปลี่ยนเฟรม) | ระดับ +0.20 ม.","งานยกระดับคอบ่อพักย่อย (PB) JUF-12 ฝาเหล็ก (ไม่เปลี่ยนฝา - ไม่เปลี่ยนเฟรม) | ระดับ +0.20 ม.","บ่อ","บ่อ","บ่อ","บ่อ","บ่อ","บ่อ","3928","11930","15858","3928","11930","15858","3928","11930","15858","equal","equal","equal","order_constrained_name_unit_source_ordinal","high","1","true","true","matched","false","merged_group_description_forward_filled"
"prod:50dc414b-abd5-4156-a1e0-da615841e097","stable_uuid","50dc414b-abd5-4156-a1e0-da615841e097","ITEM-0570","LVU-PB0-065","LVU-PB0-065","true","true","true","571","true","false","true","491","490","638","true","19","1","12","p19:t1:r12:display-65","0878284eb92c61735afd073edc8ad9144b507b92954debd13c9a65ed6db0310f","งานยกระดับคอบ่อพักย่อย (PB) JUF-12 ฝาเหล็ก (ไม่เปลี่ยนฝา - ไม่เปลี่ยนเฟรม) ระดับ +0.30 ม.","งานยกระดับคอบ่อพักย่อย (PB) JUF-12 ฝาเหล็ก (ไม่เปลี่ยนฝา - ไม่เปลี่ยนเฟรม) ระดับ +0.30 ม.","งานยกระดับคอบ่อพักย่อย (PB) JUF-12 ฝาเหล็ก (ไม่เปลี่ยนฝา - ไม่เปลี่ยนเฟรม) ระดับ +0.30 ม.","งานยกระดับคอบ่อพักย่อย (PB) JUF-12 ฝาเหล็ก (ไม่เปลี่ยนฝา - ไม่เปลี่ยนเฟรม) ระดับ +0.30 ม.","งานยกระดับคอบ่อพักย่อย (PB) JUF-12 ฝาเหล็ก (ไม่เปลี่ยนฝา - ไม่เปลี่ยนเฟรม) | ระดับ +0.30 ม.","งานยกระดับคอบ่อพักย่อย (PB) JUF-12 ฝาเหล็ก (ไม่เปลี่ยนฝา - ไม่เปลี่ยนเฟรม) | ระดับ +0.30 ม.","บ่อ","บ่อ","บ่อ","บ่อ","บ่อ","บ่อ","5486","12764","18250","5486","12764","18250","5486","12764","18250","equal","equal","equal","order_constrained_name_unit_source_ordinal","high","1","true","true","matched","false","merged_group_description_forward_filled"
"prod:cf0cbdf4-f742-4016-b3f4-b70e53203013","stable_uuid","cf0cbdf4-f742-4016-b3f4-b70e53203013","ITEM-0571","LVU-PB0-067","LVU-PB0-067","true","true","true","572","true","false","true","493","492","640","true","19","1","14","p19:t1:r14:display-67","58c923ebe6c85529ac2afdd387615fe694fa327ce7ac0133597b9496fa966e6a","งานยกระดับคอบ่อพักย่อย (PB) JUF-12 ฝาเหล็ก (เปลี่ยนฝา - เปลี่ยนเฟรม) ระดับ +0.10 ม.","งานยกระดับคอบ่อพักย่อย (PB) JUF-12 ฝาเหล็ก (เปลี่ยนฝา - เปลี่ยนเฟรม) ระดับ +0.10 ม.","งานยกระดับคอบ่อพักย่อย (PB) JUF-12 ฝาเหล็ก (เปลี่ยนฝา - เปลี่ยนเฟรม) ระดับ +0.10 ม.","งานยกระดับคอบ่อพักย่อย (PB) JUF-12 ฝาเหล็ก (เปลี่ยนฝา - เปลี่ยนเฟรม) ระดับ +0.10 ม.","งานยกระดับคอบ่อพักย่อย (PB) JUF-12 ฝาเหล็ก (เปลี่ยนฝา - เปลี่ยนเฟรม) | ระดับ +0.10 ม.","งานยกระดับคอบ่อพักย่อย (PB) JUF-12 ฝาเหล็ก (เปลี่ยนฝา - เปลี่ยนเฟรม) | ระดับ +0.10 ม.","บ่อ","บ่อ","บ่อ","บ่อ","บ่อ","บ่อ","33967","11096","45063","33967","11096","45063","33967","11096","45063","equal","equal","equal","order_constrained_name_unit_source_ordinal","high","1","true","true","matched","false","merged_group_description_forward_filled"
"prod:63f1a05c-e9dc-45e3-8294-8541342ddbf0","stable_uuid","63f1a05c-e9dc-45e3-8294-8541342ddbf0","ITEM-0572","LVU-PB0-068","LVU-PB0-068","true","true","true","573","true","false","true","494","493","641","true","19","1","15","p19:t1:r15:display-68","adeeb674a91e7c4c9290f6e4fb6e9bde539df8b184a740d3d7ec4835f713587f","งานยกระดับคอบ่อพักย่อย (PB) JUF-12 ฝาเหล็ก (เปลี่ยนฝา - เปลี่ยนเฟรม) ระดับ +0.15 ม.","งานยกระดับคอบ่อพักย่อย (PB) JUF-12 ฝาเหล็ก (เปลี่ยนฝา - เปลี่ยนเฟรม) ระดับ +0.15 ม.","งานยกระดับคอบ่อพักย่อย (PB) JUF-12 ฝาเหล็ก (เปลี่ยนฝา - เปลี่ยนเฟรม) ระดับ +0.15 ม.","งานยกระดับคอบ่อพักย่อย (PB) JUF-12 ฝาเหล็ก (เปลี่ยนฝา - เปลี่ยนเฟรม) ระดับ +0.15 ม.","งานยกระดับคอบ่อพักย่อย (PB) JUF-12 ฝาเหล็ก (เปลี่ยนฝา - เปลี่ยนเฟรม) | ระดับ +0.15 ม.","งานยกระดับคอบ่อพักย่อย (PB) JUF-12 ฝาเหล็ก (เปลี่ยนฝา - เปลี่ยนเฟรม) | ระดับ +0.15 ม.","บ่อ","บ่อ","บ่อ","บ่อ","บ่อ","บ่อ","34785","11523","46308","34785","11523","46308","34785","11523","46308","equal","equal","equal","order_constrained_name_unit_source_ordinal","high","1","true","true","matched","false","merged_group_description_forward_filled"
"prod:91e6c1c3-4d0e-403e-b37c-550a4e169c88","stable_uuid","91e6c1c3-4d0e-403e-b37c-550a4e169c88","ITEM-0573","LVU-PB0-069","LVU-PB0-069","true","true","true","574","true","false","true","495","494","642","true","19","1","16","p19:t1:r16:display-69","6e54ff0d5c0a6700cc3228d2294942bf18711be9f3e00ebd6a9f32b7aa1829b3","งานยกระดับคอบ่อพักย่อย (PB) JUF-12 ฝาเหล็ก (เปลี่ยนฝา - เปลี่ยนเฟรม) ระดับ +0.20 ม.","งานยกระดับคอบ่อพักย่อย (PB) JUF-12 ฝาเหล็ก (เปลี่ยนฝา - เปลี่ยนเฟรม) ระดับ +0.20 ม.","งานยกระดับคอบ่อพักย่อย (PB) JUF-12 ฝาเหล็ก (เปลี่ยนฝา - เปลี่ยนเฟรม) ระดับ +0.20 ม.","งานยกระดับคอบ่อพักย่อย (PB) JUF-12 ฝาเหล็ก (เปลี่ยนฝา - เปลี่ยนเฟรม) ระดับ +0.20 ม.","งานยกระดับคอบ่อพักย่อย (PB) JUF-12 ฝาเหล็ก (เปลี่ยนฝา - เปลี่ยนเฟรม) | ระดับ +0.20 ม.","งานยกระดับคอบ่อพักย่อย (PB) JUF-12 ฝาเหล็ก (เปลี่ยนฝา - เปลี่ยนเฟรม) | ระดับ +0.20 ม.","บ่อ","บ่อ","บ่อ","บ่อ","บ่อ","บ่อ","35528","11930","47458","35528","11930","47458","35528","11930","47458","equal","equal","equal","order_constrained_name_unit_source_ordinal","high","1","true","true","matched","false","merged_group_description_forward_filled"
"prod:3707cafe-d52a-4eed-b59d-a249a5044231","stable_uuid","3707cafe-d52a-4eed-b59d-a249a5044231","ITEM-0574","LVU-PB0-070","LVU-PB0-070","true","true","true","575","true","false","true","496","495","643","true","19","1","17","p19:t1:r17:display-70","9d12248e9051eeeb119165e29dd7571a3a43ccef24a7bb6d87ac1f546232d3e7","งานยกระดับคอบ่อพักย่อย (PB) JUF-12 ฝาเหล็ก (เปลี่ยนฝา - เปลี่ยนเฟรม) ระดับ +0.30 ม.","งานยกระดับคอบ่อพักย่อย (PB) JUF-12 ฝาเหล็ก (เปลี่ยนฝา - เปลี่ยนเฟรม) ระดับ +0.30 ม.","งานยกระดับคอบ่อพักย่อย (PB) JUF-12 ฝาเหล็ก (เปลี่ยนฝา - เปลี่ยนเฟรม) ระดับ +0.30 ม.","งานยกระดับคอบ่อพักย่อย (PB) JUF-12 ฝาเหล็ก (เปลี่ยนฝา - เปลี่ยนเฟรม) ระดับ +0.30 ม.","งานยกระดับคอบ่อพักย่อย (PB) JUF-12 ฝาเหล็ก (เปลี่ยนฝา - เปลี่ยนเฟรม) | ระดับ +0.30 ม.","งานยกระดับคอบ่อพักย่อย (PB) JUF-12 ฝาเหล็ก (เปลี่ยนฝา - เปลี่ยนเฟรม) | ระดับ +0.30 ม.","บ่อ","บ่อ","บ่อ","บ่อ","บ่อ","บ่อ","37086","12764","49850","37086","12764","49850","37086","12764","49850","equal","equal","equal","order_constrained_name_unit_source_ordinal","high","1","true","true","matched","false","merged_group_description_forward_filled"
"prod:4452e445-7f55-4c12-b191-3c14dbfa6bca","stable_uuid","4452e445-7f55-4c12-b191-3c14dbfa6bca","ITEM-0575","LVU-PB0-072","LVU-PB0-072","true","true","true","576","true","false","true","498","497","645","true","19","1","19","p19:t1:r19:display-72","911d51d1f3cd96425a40e1a67adfd9b5b4a80b24b80b95a1381a22a3687fafed","งานยกระดับคอบ่อพักย่อย (PB) JUF-12 ฝาเหล็ก (เปลี่ยนฝา - ไม่เปลี่ยนเฟรม) ระดับ +0.10 ม.","งานยกระดับคอบ่อพักย่อย (PB) JUF-12 ฝาเหล็ก (เปลี่ยนฝา - ไม่เปลี่ยนเฟรม) ระดับ +0.10 ม.","งานยกระดับคอบ่อพักย่อย (PB) JUF-12 ฝาเหล็ก (เปลี่ยนฝา - ไม่เปลี่ยนเฟรม) ระดับ +0.10 ม.","งานยกระดับคอบ่อพักย่อย (PB) JUF-12 ฝาเหล็ก (เปลี่ยนฝา - ไม่เปลี่ยนเฟรม) ระดับ +0.10 ม.","งานยกระดับคอบ่อพักย่อย (PB) JUF-12 ฝาเหล็ก (เปลี่ยนฝา - ไม่เปลี่ยนเฟรม) | ระดับ +0.10 ม.","งานยกระดับคอบ่อพักย่อย (PB) JUF-12 ฝาเหล็ก (เปลี่ยนฝา - ไม่เปลี่ยนเฟรม) | ระดับ +0.10 ม.","บ่อ","บ่อ","บ่อ","บ่อ","บ่อ","บ่อ","27567","11096","38663","27567","11096","38663","27567","11096","38663","equal","equal","equal","order_constrained_name_unit_source_ordinal","high","1","true","true","matched","false","merged_group_description_forward_filled"
"prod:743c0310-69a1-46bb-bb68-04d322b300bd","stable_uuid","743c0310-69a1-46bb-bb68-04d322b300bd","ITEM-0576","LVU-PB0-073","LVU-PB0-073","true","true","true","577","true","false","true","499","498","646","true","19","1","20","p19:t1:r20:display-73","fc63d4729f4b223461bfb146ac8fcc5849bfbd28dbc7bd1f821ff35c6a849d41","งานยกระดับคอบ่อพักย่อย (PB) JUF-12 ฝาเหล็ก (เปลี่ยนฝา - ไม่เปลี่ยนเฟรม) ระดับ +0.15 ม.","งานยกระดับคอบ่อพักย่อย (PB) JUF-12 ฝาเหล็ก (เปลี่ยนฝา - ไม่เปลี่ยนเฟรม) ระดับ +0.15 ม.","งานยกระดับคอบ่อพักย่อย (PB) JUF-12 ฝาเหล็ก (เปลี่ยนฝา - ไม่เปลี่ยนเฟรม) ระดับ +0.15 ม.","งานยกระดับคอบ่อพักย่อย (PB) JUF-12 ฝาเหล็ก (เปลี่ยนฝา - ไม่เปลี่ยนเฟรม) ระดับ +0.15 ม.","งานยกระดับคอบ่อพักย่อย (PB) JUF-12 ฝาเหล็ก (เปลี่ยนฝา - ไม่เปลี่ยนเฟรม) | ระดับ +0.15 ม.","งานยกระดับคอบ่อพักย่อย (PB) JUF-12 ฝาเหล็ก (เปลี่ยนฝา - ไม่เปลี่ยนเฟรม) | ระดับ +0.15 ม.","บ่อ","บ่อ","บ่อ","บ่อ","บ่อ","บ่อ","28385","11523","39908","28385","11523","39908","28385","11523","39908","equal","equal","equal","order_constrained_name_unit_source_ordinal","high","1","true","true","matched","false","merged_group_description_forward_filled"
"prod:f49a758e-6e32-435f-a6be-c4dd035c09b0","stable_uuid","f49a758e-6e32-435f-a6be-c4dd035c09b0","ITEM-0577","LVU-PB0-074","LVU-PB0-074","true","true","true","578","true","false","true","500","499","647","true","19","1","21","p19:t1:r21:display-74","d560289a05397a7409fade9b8ca09c94df4d6bc6551c38f8c2ea020bbd8b66cc","งานยกระดับคอบ่อพักย่อย (PB) JUF-12 ฝาเหล็ก (เปลี่ยนฝา - ไม่เปลี่ยนเฟรม) ระดับ +0.20 ม.","งานยกระดับคอบ่อพักย่อย (PB) JUF-12 ฝาเหล็ก (เปลี่ยนฝา - ไม่เปลี่ยนเฟรม) ระดับ +0.20 ม.","งานยกระดับคอบ่อพักย่อย (PB) JUF-12 ฝาเหล็ก (เปลี่ยนฝา - ไม่เปลี่ยนเฟรม) ระดับ +0.20 ม.","งานยกระดับคอบ่อพักย่อย (PB) JUF-12 ฝาเหล็ก (เปลี่ยนฝา - ไม่เปลี่ยนเฟรม) ระดับ +0.20 ม.","งานยกระดับคอบ่อพักย่อย (PB) JUF-12 ฝาเหล็ก (เปลี่ยนฝา - ไม่เปลี่ยนเฟรม) | ระดับ +0.20 ม.","งานยกระดับคอบ่อพักย่อย (PB) JUF-12 ฝาเหล็ก (เปลี่ยนฝา - ไม่เปลี่ยนเฟรม) | ระดับ +0.20 ม.","บ่อ","บ่อ","บ่อ","บ่อ","บ่อ","บ่อ","29128","11930","41058","29128","11930","41058","29128","11930","41058","equal","equal","equal","order_constrained_name_unit_source_ordinal","high","1","true","true","matched","false","merged_group_description_forward_filled"
"prod:22dc1163-9d9a-4746-aa37-b13b185c64e9","stable_uuid","22dc1163-9d9a-4746-aa37-b13b185c64e9","ITEM-0578","LVU-PB0-075","LVU-PB0-075","true","true","true","579","true","false","true","501","500","648","true","19","1","22","p19:t1:r22:display-75","dc9f473f68507f8dd2ffceab399bdab3860ae7fab9baaacd9065c22d92588d68","งานยกระดับคอบ่อพักย่อย (PB) JUF-12 ฝาเหล็ก (เปลี่ยนฝา - ไม่เปลี่ยนเฟรม) ระดับ +0.30 ม.","งานยกระดับคอบ่อพักย่อย (PB) JUF-12 ฝาเหล็ก (เปลี่ยนฝา - ไม่เปลี่ยนเฟรม) ระดับ +0.30 ม.","งานยกระดับคอบ่อพักย่อย (PB) JUF-12 ฝาเหล็ก (เปลี่ยนฝา - ไม่เปลี่ยนเฟรม) ระดับ +0.30 ม.","งานยกระดับคอบ่อพักย่อย (PB) JUF-12 ฝาเหล็ก (เปลี่ยนฝา - ไม่เปลี่ยนเฟรม) ระดับ +0.30 ม.","งานยกระดับคอบ่อพักย่อย (PB) JUF-12 ฝาเหล็ก (เปลี่ยนฝา - ไม่เปลี่ยนเฟรม) | ระดับ +0.30 ม.","งานยกระดับคอบ่อพักย่อย (PB) JUF-12 ฝาเหล็ก (เปลี่ยนฝา - ไม่เปลี่ยนเฟรม) | ระดับ +0.30 ม.","บ่อ","บ่อ","บ่อ","บ่อ","บ่อ","บ่อ","30686","12764","43450","30686","12764","43450","30686","12764","43450","equal","equal","equal","order_constrained_name_unit_source_ordinal","high","1","true","true","matched","false","merged_group_description_forward_filled"
"prod:2e2d7bfb-b261-4cfd-b1d1-030470bbee11","stable_uuid","2e2d7bfb-b261-4cfd-b1d1-030470bbee11","ITEM-0579","LVU-PB0-077","LVU-PB0-077","true","true","true","580","true","false","true","503","502","650","true","19","1","24","p19:t1:r24:display-77","6179d688c5b36977c462f3c094747c6974718b57669929572750142fdcd16d8a","งานยกระดับคอบ่อพักย่อย (PB) JUF-12 ฝาเหล็ก (ไม่เปลี่ยนฝา - เปลี่ยนเฟรม) ระดับ +0.10 ม.","งานยกระดับคอบ่อพักย่อย (PB) JUF-12 ฝาเหล็ก (ไม่เปลี่ยนฝา - เปลี่ยนเฟรม) ระดับ +0.10 ม.","งานยกระดับคอบ่อพักย่อย (PB) JUF-12 ฝาเหล็ก (ไม่เปลี่ยนฝา - เปลี่ยนเฟรม) ระดับ +0.10 ม.","งานยกระดับคอบ่อพักย่อย (PB) JUF-12 ฝาเหล็ก (ไม่เปลี่ยนฝา - เปลี่ยนเฟรม) ระดับ +0.10 ม.","งานยกระดับคอบ่อพักย่อย (PB) JUF-12 ฝาเหล็ก (ไม่เปลี่ยนฝา - เปลี่ยนเฟรม) | ระดับ +0.10 ม.","งานยกระดับคอบ่อพักย่อย (PB) JUF-12 ฝาเหล็ก (ไม่เปลี่ยนฝา - เปลี่ยนเฟรม) | ระดับ +0.10 ม.","บ่อ","บ่อ","บ่อ","บ่อ","บ่อ","บ่อ","8767","11096","19863","8767","11096","19863","8767","11096","19863","equal","equal","equal","order_constrained_name_unit_source_ordinal","high","1","true","true","matched","false","merged_group_description_forward_filled"
"prod:0e348388-dcd2-488b-bd91-42807bd037d9","stable_uuid","0e348388-dcd2-488b-bd91-42807bd037d9","ITEM-0580","LVU-PB0-078","LVU-PB0-078","true","true","true","581","true","false","true","504","503","651","true","19","1","25","p19:t1:r25:display-78","1ef0085ab80d9ae1abf62ff4e84d52d99252aa41ec7dcfe802b999eb8236c96d","งานยกระดับคอบ่อพักย่อย (PB) JUF-12 ฝาเหล็ก (ไม่เปลี่ยนฝา - เปลี่ยนเฟรม) ระดับ +0.15 ม.","งานยกระดับคอบ่อพักย่อย (PB) JUF-12 ฝาเหล็ก (ไม่เปลี่ยนฝา - เปลี่ยนเฟรม) ระดับ +0.15 ม.","งานยกระดับคอบ่อพักย่อย (PB) JUF-12 ฝาเหล็ก (ไม่เปลี่ยนฝา - เปลี่ยนเฟรม) ระดับ +0.15 ม.","งานยกระดับคอบ่อพักย่อย (PB) JUF-12 ฝาเหล็ก (ไม่เปลี่ยนฝา - เปลี่ยนเฟรม) ระดับ +0.15 ม.","งานยกระดับคอบ่อพักย่อย (PB) JUF-12 ฝาเหล็ก (ไม่เปลี่ยนฝา - เปลี่ยนเฟรม) | ระดับ +0.15 ม.","งานยกระดับคอบ่อพักย่อย (PB) JUF-12 ฝาเหล็ก (ไม่เปลี่ยนฝา - เปลี่ยนเฟรม) | ระดับ +0.15 ม.","บ่อ","บ่อ","บ่อ","บ่อ","บ่อ","บ่อ","9585","11523","21108","9585","11523","21108","9585","11523","21108","equal","equal","equal","order_constrained_name_unit_source_ordinal","high","1","true","true","matched","false","merged_group_description_forward_filled"
"prod:69d9f5b3-2ab0-4991-a0c2-6f7fe3879352","stable_uuid","69d9f5b3-2ab0-4991-a0c2-6f7fe3879352","ITEM-0581","LVU-PB0-079","LVU-PB0-079","true","true","true","582","true","false","true","505","504","652","true","19","1","26","p19:t1:r26:display-79","a612287fef5ae4089da89526b094471340bc1c7a1079f310a45475de0b2fbf45","งานยกระดับคอบ่อพักย่อย (PB) JUF-12 ฝาเหล็ก (ไม่เปลี่ยนฝา - เปลี่ยนเฟรม) ระดับ +0.20 ม.","งานยกระดับคอบ่อพักย่อย (PB) JUF-12 ฝาเหล็ก (ไม่เปลี่ยนฝา - เปลี่ยนเฟรม) ระดับ +0.20 ม.","งานยกระดับคอบ่อพักย่อย (PB) JUF-12 ฝาเหล็ก (ไม่เปลี่ยนฝา - เปลี่ยนเฟรม) ระดับ +0.20 ม.","งานยกระดับคอบ่อพักย่อย (PB) JUF-12 ฝาเหล็ก (ไม่เปลี่ยนฝา - เปลี่ยนเฟรม) ระดับ +0.20 ม.","งานยกระดับคอบ่อพักย่อย (PB) JUF-12 ฝาเหล็ก (ไม่เปลี่ยนฝา - เปลี่ยนเฟรม) | ระดับ +0.20 ม.","งานยกระดับคอบ่อพักย่อย (PB) JUF-12 ฝาเหล็ก (ไม่เปลี่ยนฝา - เปลี่ยนเฟรม) | ระดับ +0.20 ม.","บ่อ","บ่อ","บ่อ","บ่อ","บ่อ","บ่อ","10328","11930","22258","10328","11930","22258","10328","11930","22258","equal","equal","equal","order_constrained_name_unit_source_ordinal","high","1","true","true","matched","false","merged_group_description_forward_filled"
"prod:ad622fd5-9195-4f34-bc4a-f85c800d4188","stable_uuid","ad622fd5-9195-4f34-bc4a-f85c800d4188","ITEM-0582","LVU-PB0-080","LVU-PB0-080","true","true","true","583","true","false","true","506","505","653","true","19","1","27","p19:t1:r27:display-80","62d3a2a5907ebc813e45690eb708af01182255035c847c4d9aa77fa1f3312a31","งานยกระดับคอบ่อพักย่อย (PB) JUF-12 ฝาเหล็ก (ไม่เปลี่ยนฝา - เปลี่ยนเฟรม) ระดับ +0.30 ม.","งานยกระดับคอบ่อพักย่อย (PB) JUF-12 ฝาเหล็ก (ไม่เปลี่ยนฝา - เปลี่ยนเฟรม) ระดับ +0.30 ม.","งานยกระดับคอบ่อพักย่อย (PB) JUF-12 ฝาเหล็ก (ไม่เปลี่ยนฝา - เปลี่ยนเฟรม) ระดับ +0.30 ม.","งานยกระดับคอบ่อพักย่อย (PB) JUF-12 ฝาเหล็ก (ไม่เปลี่ยนฝา - เปลี่ยนเฟรม) ระดับ +0.30 ม.","งานยกระดับคอบ่อพักย่อย (PB) JUF-12 ฝาเหล็ก (ไม่เปลี่ยนฝา - เปลี่ยนเฟรม) | ระดับ +0.30 ม.","งานยกระดับคอบ่อพักย่อย (PB) JUF-12 ฝาเหล็ก (ไม่เปลี่ยนฝา - เปลี่ยนเฟรม) | ระดับ +0.30 ม.","บ่อ","บ่อ","บ่อ","บ่อ","บ่อ","บ่อ","11886","12764","24650","11886","12764","24650","11886","12764","24650","equal","equal","equal","order_constrained_name_unit_source_ordinal","high","1","true","true","matched","false","merged_group_description_forward_filled"
"prod:077d5b67-b99c-41ac-a64e-861ee225f5ac","stable_uuid","077d5b67-b99c-41ac-a64e-861ee225f5ac","ITEM-0583","LVU-PB0-082","LVU-PB0-082","true","true","true","584","true","false","true","508","507","655","true","19","1","29","p19:t1:r29:display-82","c97aaaeaa106f762e01fb373d230c2a09562a9fd5fbee104ad3e66bcbb552faf","งานยกระดับคอบ่อพักย่อย (PB) JUF-13 ฝาค.ส.ล. (ไม่เปลี่ยนฝา - ไม่เปลี่ยนเฟรม) ระดับ +0.10 ม.","งานยกระดับคอบ่อพักย่อย (PB) JUF-13 ฝาค.ส.ล. (ไม่เปลี่ยนฝา - ไม่เปลี่ยนเฟรม) ระดับ +0.10 ม.","งานยกระดับคอบ่อพักย่อย (PB) JUF-13 ฝาค.ส.ล. (ไม่เปลี่ยนฝา - ไม่เปลี่ยนเฟรม) ระดับ +0.10 ม.","งานยกระดับคอบ่อพักย่อย (PB) JUF-13 ฝาค.ส.ล. (ไม่เปลี่ยนฝา - ไม่เปลี่ยนเฟรม) ระดับ +0.10 ม.","งานยกระดับคอบ่อพักย่อย (PB) JUF-13 ฝาค.ส.ล. (ไม่เปลี่ยนฝา - ไม่เปลี่ยนเฟรม) | ระดับ +0.10 ม.","งานยกระดับคอบ่อพักย่อย (PB) JUF-13 ฝาค.ส.ล. (ไม่เปลี่ยนฝา - ไม่เปลี่ยนเฟรม) | ระดับ +0.10 ม.","บ่อ","บ่อ","บ่อ","บ่อ","บ่อ","บ่อ","2603","7442","10045","2603","7442","10045","2603","7442","10045","equal","equal","equal","order_constrained_name_unit_source_ordinal","high","1","true","true","matched","false","merged_group_description_forward_filled"
"prod:1be4c877-cb3f-4f7b-9448-0ab0c477d9d3","stable_uuid","1be4c877-cb3f-4f7b-9448-0ab0c477d9d3","ITEM-0584","LVU-PB0-083","LVU-PB0-083","true","true","true","585","true","false","true","509","508","656","true","19","1","30","p19:t1:r30:display-83","79ee726e7c66da45171e6fd38be96ace21d7a6254b1ae3656e0c61236f8bb245","งานยกระดับคอบ่อพักย่อย (PB) JUF-13 ฝาค.ส.ล. (ไม่เปลี่ยนฝา - ไม่เปลี่ยนเฟรม) ระดับ +0.15 ม.","งานยกระดับคอบ่อพักย่อย (PB) JUF-13 ฝาค.ส.ล. (ไม่เปลี่ยนฝา - ไม่เปลี่ยนเฟรม) ระดับ +0.15 ม.","งานยกระดับคอบ่อพักย่อย (PB) JUF-13 ฝาค.ส.ล. (ไม่เปลี่ยนฝา - ไม่เปลี่ยนเฟรม) ระดับ +0.15 ม.","งานยกระดับคอบ่อพักย่อย (PB) JUF-13 ฝาค.ส.ล. (ไม่เปลี่ยนฝา - ไม่เปลี่ยนเฟรม) ระดับ +0.15 ม.","งานยกระดับคอบ่อพักย่อย (PB) JUF-13 ฝาค.ส.ล. (ไม่เปลี่ยนฝา - ไม่เปลี่ยนเฟรม) | ระดับ +0.15 ม.","งานยกระดับคอบ่อพักย่อย (PB) JUF-13 ฝาค.ส.ล. (ไม่เปลี่ยนฝา - ไม่เปลี่ยนเฟรม) | ระดับ +0.15 ม.","บ่อ","บ่อ","บ่อ","บ่อ","บ่อ","บ่อ","3478","7894","11372","3478","7894","11372","3478","7894","11372","equal","equal","equal","order_constrained_name_unit_source_ordinal","high","1","true","true","matched","false","merged_group_description_forward_filled"
"prod:36b03b0f-68e9-48a2-8d11-3ea47d66efdb","stable_uuid","36b03b0f-68e9-48a2-8d11-3ea47d66efdb","ITEM-0585","LVU-PB0-084","LVU-PB0-084","true","true","true","586","true","false","true","510","509","657","true","19","1","31","p19:t1:r31:display-84","a8ebe862c5fe6d92015a8cd6e26f4a69a2ed2ba74a6a0c6312233b2a89ce0787","งานยกระดับคอบ่อพักย่อย (PB) JUF-13 ฝาค.ส.ล. (ไม่เปลี่ยนฝา - ไม่เปลี่ยนเฟรม) ระดับ +0.20 ม.","งานยกระดับคอบ่อพักย่อย (PB) JUF-13 ฝาค.ส.ล. (ไม่เปลี่ยนฝา - ไม่เปลี่ยนเฟรม) ระดับ +0.20 ม.","งานยกระดับคอบ่อพักย่อย (PB) JUF-13 ฝาค.ส.ล. (ไม่เปลี่ยนฝา - ไม่เปลี่ยนเฟรม) ระดับ +0.20 ม.","งานยกระดับคอบ่อพักย่อย (PB) JUF-13 ฝาค.ส.ล. (ไม่เปลี่ยนฝา - ไม่เปลี่ยนเฟรม) ระดับ +0.20 ม.","งานยกระดับคอบ่อพักย่อย (PB) JUF-13 ฝาค.ส.ล. (ไม่เปลี่ยนฝา - ไม่เปลี่ยนเฟรม) | ระดับ +0.20 ม.","งานยกระดับคอบ่อพักย่อย (PB) JUF-13 ฝาค.ส.ล. (ไม่เปลี่ยนฝา - ไม่เปลี่ยนเฟรม) | ระดับ +0.20 ม.","บ่อ","บ่อ","บ่อ","บ่อ","บ่อ","บ่อ","4264","8324","12588","4264","8324","12588","4264","8324","12588","equal","equal","equal","order_constrained_name_unit_source_ordinal","high","1","true","true","matched","false","merged_group_description_forward_filled"
"prod:016e03fa-df4c-40e4-9090-6a48c7d7375f","stable_uuid","016e03fa-df4c-40e4-9090-6a48c7d7375f","ITEM-0586","LVU-PB0-085","LVU-PB0-085","true","true","true","587","true","false","true","511","510","658","true","19","1","32","p19:t1:r32:display-85","2ffe6b2fb5b83fb8ab2254e923071989d601da302e5a03ef0546617aa879c1bd","งานยกระดับคอบ่อพักย่อย (PB) JUF-13 ฝาค.ส.ล. (ไม่เปลี่ยนฝา - ไม่เปลี่ยนเฟรม) ระดับ +0.30 ม.","งานยกระดับคอบ่อพักย่อย (PB) JUF-13 ฝาค.ส.ล. (ไม่เปลี่ยนฝา - ไม่เปลี่ยนเฟรม) ระดับ +0.30 ม.","งานยกระดับคอบ่อพักย่อย (PB) JUF-13 ฝาค.ส.ล. (ไม่เปลี่ยนฝา - ไม่เปลี่ยนเฟรม) ระดับ +0.30 ม.","งานยกระดับคอบ่อพักย่อย (PB) JUF-13 ฝาค.ส.ล. (ไม่เปลี่ยนฝา - ไม่เปลี่ยนเฟรม) ระดับ +0.30 ม.","งานยกระดับคอบ่อพักย่อย (PB) JUF-13 ฝาค.ส.ล. (ไม่เปลี่ยนฝา - ไม่เปลี่ยนเฟรม) | ระดับ +0.30 ม.","งานยกระดับคอบ่อพักย่อย (PB) JUF-13 ฝาค.ส.ล. (ไม่เปลี่ยนฝา - ไม่เปลี่ยนเฟรม) | ระดับ +0.30 ม.","บ่อ","บ่อ","บ่อ","บ่อ","บ่อ","บ่อ","5924","9205","15129","5924","9205","15129","5924","9205","15129","equal","equal","equal","order_constrained_name_unit_source_ordinal","high","1","true","true","matched","false","merged_group_description_forward_filled"
"prod:e42fe570-4a47-491b-ae30-925d480770d5","stable_uuid","e42fe570-4a47-491b-ae30-925d480770d5","ITEM-0587","LVU-PB0-087","LVU-PB0-087","true","true","true","588","true","false","true","513","512","660","true","20","1","4","p20:t1:r4:display-87","05678ac5d815a4ab1dcddb0e3c19404f111a7145a64343c09f26fd78fcd6e164","งานยกระดับคอบ่อพักย่อย (PB) JUF-13 ฝาค.ส.ล. (เปลี่ยนฝา - เปลี่ยนเฟรม) ระดับ +0.10 ม.","งานยกระดับคอบ่อพักย่อย (PB) JUF-13 ฝาค.ส.ล. (เปลี่ยนฝา - เปลี่ยนเฟรม) ระดับ +0.10 ม.","งานยกระดับคอบ่อพักย่อย (PB) JUF-13 ฝาค.ส.ล. (เปลี่ยนฝา - เปลี่ยนเฟรม) ระดับ +0.10 ม.","งานยกระดับคอบ่อพักย่อย (PB) JUF-13 ฝาค.ส.ล. (เปลี่ยนฝา - เปลี่ยนเฟรม) ระดับ +0.10 ม.","1. งานวางท่อร้อยสายสื่อสารใต้ดิน หุ้มคอนกรีตเสริมเหล็ก (ค.ส.ล.) งานยกระดับคอบ่อพักย่อย (PB) JUF-13 ฝาค.ส.ล. (เปลี่ยนฝา - เปลี่ยนเฟรม) | ระดับ +0.10 ม.","1. งานวางท่อร้อยสายสื่อสารใต้ดิน หุ้มคอนกรีตเสริมเหล็ก (ค.ส.ล.) งานยกระดับคอบ่อพักย่อย (PB) JUF-13 ฝาค.ส.ล. (เปลี่ยนฝา - เปลี่ยนเฟรม) | ระดับ +0.10 ม.","บ่อ","บ่อ","บ่อ","บ่อ","บ่อ","บ่อ","17058","7442","24500","17058","7442","24500","17058","7442","24500","equal","equal","equal","order_constrained_name_unit_source_ordinal","high","0.706522","true","true","matched","false","merged_group_description_forward_filled"
"prod:de9fd7e4-f32f-42d5-b924-9b35c090f3e9","stable_uuid","de9fd7e4-f32f-42d5-b924-9b35c090f3e9","ITEM-0588","LVU-PB0-088","LVU-PB0-088","true","true","true","589","true","false","true","514","513","661","true","20","1","5","p20:t1:r5:display-88","62ae5d8378cb89164078c7075fc2f394f3325e350cafd86e16604744e4b6cfe3","งานยกระดับคอบ่อพักย่อย (PB) JUF-13 ฝาค.ส.ล. (เปลี่ยนฝา - เปลี่ยนเฟรม) ระดับ +0.15 ม.","งานยกระดับคอบ่อพักย่อย (PB) JUF-13 ฝาค.ส.ล. (เปลี่ยนฝา - เปลี่ยนเฟรม) ระดับ +0.15 ม.","งานยกระดับคอบ่อพักย่อย (PB) JUF-13 ฝาค.ส.ล. (เปลี่ยนฝา - เปลี่ยนเฟรม) ระดับ +0.15 ม.","งานยกระดับคอบ่อพักย่อย (PB) JUF-13 ฝาค.ส.ล. (เปลี่ยนฝา - เปลี่ยนเฟรม) ระดับ +0.15 ม.","1. งานวางท่อร้อยสายสื่อสารใต้ดิน หุ้มคอนกรีตเสริมเหล็ก (ค.ส.ล.) งานยกระดับคอบ่อพักย่อย (PB) JUF-13 ฝาค.ส.ล. (เปลี่ยนฝา - เปลี่ยนเฟรม) | ระดับ +0.15 ม.","1. งานวางท่อร้อยสายสื่อสารใต้ดิน หุ้มคอนกรีตเสริมเหล็ก (ค.ส.ล.) งานยกระดับคอบ่อพักย่อย (PB) JUF-13 ฝาค.ส.ล. (เปลี่ยนฝา - เปลี่ยนเฟรม) | ระดับ +0.15 ม.","บ่อ","บ่อ","บ่อ","บ่อ","บ่อ","บ่อ","17933","7894","25827","17933","7894","25827","17933","7894","25827","equal","equal","equal","order_constrained_name_unit_source_ordinal","high","0.706522","true","true","matched","false","merged_group_description_forward_filled"
"prod:f626ec3e-bd0e-4f70-88eb-03f844ca7229","stable_uuid","f626ec3e-bd0e-4f70-88eb-03f844ca7229","ITEM-0589","LVU-PB0-089","LVU-PB0-089","true","true","true","590","true","false","true","515","514","662","true","20","1","6","p20:t1:r6:display-89","85a61b8c916142f1aa80f020a1c9956d52057dac0f9daa9a036ee00c01ac30af","งานยกระดับคอบ่อพักย่อย (PB) JUF-13 ฝาค.ส.ล. (เปลี่ยนฝา - เปลี่ยนเฟรม) ระดับ +0.20 ม.","งานยกระดับคอบ่อพักย่อย (PB) JUF-13 ฝาค.ส.ล. (เปลี่ยนฝา - เปลี่ยนเฟรม) ระดับ +0.20 ม.","งานยกระดับคอบ่อพักย่อย (PB) JUF-13 ฝาค.ส.ล. (เปลี่ยนฝา - เปลี่ยนเฟรม) ระดับ +0.20 ม.","งานยกระดับคอบ่อพักย่อย (PB) JUF-13 ฝาค.ส.ล. (เปลี่ยนฝา - เปลี่ยนเฟรม) ระดับ +0.20 ม.","1. งานวางท่อร้อยสายสื่อสารใต้ดิน หุ้มคอนกรีตเสริมเหล็ก (ค.ส.ล.) งานยกระดับคอบ่อพักย่อย (PB) JUF-13 ฝาค.ส.ล. (เปลี่ยนฝา - เปลี่ยนเฟรม) | ระดับ +0.20 ม.","1. งานวางท่อร้อยสายสื่อสารใต้ดิน หุ้มคอนกรีตเสริมเหล็ก (ค.ส.ล.) งานยกระดับคอบ่อพักย่อย (PB) JUF-13 ฝาค.ส.ล. (เปลี่ยนฝา - เปลี่ยนเฟรม) | ระดับ +0.20 ม.","บ่อ","บ่อ","บ่อ","บ่อ","บ่อ","บ่อ","18719","8324","27043","18719","8324","27043","18719","8324","27043","equal","equal","equal","order_constrained_name_unit_source_ordinal","high","0.706522","true","true","matched","false","merged_group_description_forward_filled"
"prod:bfdd031b-a901-4a0c-8bf2-f60b3c93fecb","stable_uuid","bfdd031b-a901-4a0c-8bf2-f60b3c93fecb","ITEM-0590","LVU-PB0-090","LVU-PB0-090","true","true","true","591","true","false","true","516","515","663","true","20","1","7","p20:t1:r7:display-90","e8f6a488787f73596b23c2cfcfbb431a8c20f363d7d07fc0339a74dda28c2583","งานยกระดับคอบ่อพักย่อย (PB) JUF-13 ฝาค.ส.ล. (เปลี่ยนฝา - เปลี่ยนเฟรม) ระดับ +0.30 ม.","งานยกระดับคอบ่อพักย่อย (PB) JUF-13 ฝาค.ส.ล. (เปลี่ยนฝา - เปลี่ยนเฟรม) ระดับ +0.30 ม.","งานยกระดับคอบ่อพักย่อย (PB) JUF-13 ฝาค.ส.ล. (เปลี่ยนฝา - เปลี่ยนเฟรม) ระดับ +0.30 ม.","งานยกระดับคอบ่อพักย่อย (PB) JUF-13 ฝาค.ส.ล. (เปลี่ยนฝา - เปลี่ยนเฟรม) ระดับ +0.30 ม.","1. งานวางท่อร้อยสายสื่อสารใต้ดิน หุ้มคอนกรีตเสริมเหล็ก (ค.ส.ล.) งานยกระดับคอบ่อพักย่อย (PB) JUF-13 ฝาค.ส.ล. (เปลี่ยนฝา - เปลี่ยนเฟรม) | ระดับ +0.30 ม.","1. งานวางท่อร้อยสายสื่อสารใต้ดิน หุ้มคอนกรีตเสริมเหล็ก (ค.ส.ล.) งานยกระดับคอบ่อพักย่อย (PB) JUF-13 ฝาค.ส.ล. (เปลี่ยนฝา - เปลี่ยนเฟรม) | ระดับ +0.30 ม.","บ่อ","บ่อ","บ่อ","บ่อ","บ่อ","บ่อ","20379","9205","29584","20379","9205","29584","20379","9205","29584","equal","equal","equal","order_constrained_name_unit_source_ordinal","high","0.706522","true","true","matched","false","merged_group_description_forward_filled"
"prod:204e464c-4710-4d1a-8532-db986662a538","stable_uuid","204e464c-4710-4d1a-8532-db986662a538","ITEM-0591","LVU-PB0-092","LVU-PB0-092","true","true","true","592","true","false","true","518","517","665","true","20","1","9","p20:t1:r9:display-92","c441bd35ff926cb472b598b374dfd181f14f7a27caef6d05abbccc1fc5be958b","งานยกระดับคอบ่อพักย่อย (PB) JUF-13 ฝาค.ส.ล. (เปลี่ยนฝา - ไม่เปลี่ยนเฟรม) ระดับ +0.10 ม.","งานยกระดับคอบ่อพักย่อย (PB) JUF-13 ฝาค.ส.ล. (เปลี่ยนฝา - ไม่เปลี่ยนเฟรม) ระดับ +0.10 ม.","งานยกระดับคอบ่อพักย่อย (PB) JUF-13 ฝาค.ส.ล. (เปลี่ยนฝา - ไม่เปลี่ยนเฟรม) ระดับ +0.10 ม.","งานยกระดับคอบ่อพักย่อย (PB) JUF-13 ฝาค.ส.ล. (เปลี่ยนฝา - ไม่เปลี่ยนเฟรม) ระดับ +0.10 ม.","งานยกระดับคอบ่อพักย่อย (PB) JUF-13 ฝาค.ส.ล. (เปลี่ยนฝา - ไม่เปลี่ยนเฟรม) | ระดับ +0.10 ม.","งานยกระดับคอบ่อพักย่อย (PB) JUF-13 ฝาค.ส.ล. (เปลี่ยนฝา - ไม่เปลี่ยนเฟรม) | ระดับ +0.10 ม.","บ่อ","บ่อ","บ่อ","บ่อ","บ่อ","บ่อ","9058","7442","16500","9058","7442","16500","9058","7442","16500","equal","equal","equal","order_constrained_name_unit_source_ordinal","high","1","true","true","matched","false","merged_group_description_forward_filled"
"prod:c9bda8c5-4bb5-4332-bb77-129ec5bcda3b","stable_uuid","c9bda8c5-4bb5-4332-bb77-129ec5bcda3b","ITEM-0592","LVU-PB0-093","LVU-PB0-093","true","true","true","593","true","false","true","519","518","666","true","20","1","10","p20:t1:r10:display-93","d0a4fa66b8726efe0342b0e9dd198ceb08a4e3c7c9a498cf469017149b6efdc1","งานยกระดับคอบ่อพักย่อย (PB) JUF-13 ฝาค.ส.ล. (เปลี่ยนฝา - ไม่เปลี่ยนเฟรม) ระดับ +0.15 ม.","งานยกระดับคอบ่อพักย่อย (PB) JUF-13 ฝาค.ส.ล. (เปลี่ยนฝา - ไม่เปลี่ยนเฟรม) ระดับ +0.15 ม.","งานยกระดับคอบ่อพักย่อย (PB) JUF-13 ฝาค.ส.ล. (เปลี่ยนฝา - ไม่เปลี่ยนเฟรม) ระดับ +0.15 ม.","งานยกระดับคอบ่อพักย่อย (PB) JUF-13 ฝาค.ส.ล. (เปลี่ยนฝา - ไม่เปลี่ยนเฟรม) ระดับ +0.15 ม.","งานยกระดับคอบ่อพักย่อย (PB) JUF-13 ฝาค.ส.ล. (เปลี่ยนฝา - ไม่เปลี่ยนเฟรม) | ระดับ +0.15 ม.","งานยกระดับคอบ่อพักย่อย (PB) JUF-13 ฝาค.ส.ล. (เปลี่ยนฝา - ไม่เปลี่ยนเฟรม) | ระดับ +0.15 ม.","บ่อ","บ่อ","บ่อ","บ่อ","บ่อ","บ่อ","9933","7894","17827","9933","7894","17827","9933","7894","17827","equal","equal","equal","order_constrained_name_unit_source_ordinal","high","1","true","true","matched","false","merged_group_description_forward_filled"
"prod:e892ea15-40e2-405e-8043-096237585052","stable_uuid","e892ea15-40e2-405e-8043-096237585052","ITEM-0593","LVU-PB0-094","LVU-PB0-094","true","true","true","594","true","false","true","520","519","667","true","20","1","11","p20:t1:r11:display-94","2302d105eacb3d698a254f215c6193f8b11cadeccd83b8433d8c28cfa5fcf786","งานยกระดับคอบ่อพักย่อย (PB) JUF-13 ฝาค.ส.ล. (เปลี่ยนฝา - ไม่เปลี่ยนเฟรม) ระดับ +0.20 ม.","งานยกระดับคอบ่อพักย่อย (PB) JUF-13 ฝาค.ส.ล. (เปลี่ยนฝา - ไม่เปลี่ยนเฟรม) ระดับ +0.20 ม.","งานยกระดับคอบ่อพักย่อย (PB) JUF-13 ฝาค.ส.ล. (เปลี่ยนฝา - ไม่เปลี่ยนเฟรม) ระดับ +0.20 ม.","งานยกระดับคอบ่อพักย่อย (PB) JUF-13 ฝาค.ส.ล. (เปลี่ยนฝา - ไม่เปลี่ยนเฟรม) ระดับ +0.20 ม.","งานยกระดับคอบ่อพักย่อย (PB) JUF-13 ฝาค.ส.ล. (เปลี่ยนฝา - ไม่เปลี่ยนเฟรม) | ระดับ +0.20 ม.","งานยกระดับคอบ่อพักย่อย (PB) JUF-13 ฝาค.ส.ล. (เปลี่ยนฝา - ไม่เปลี่ยนเฟรม) | ระดับ +0.20 ม.","บ่อ","บ่อ","บ่อ","บ่อ","บ่อ","บ่อ","10719","8324","19043","10719","8324","19043","10719","8324","19043","equal","equal","equal","order_constrained_name_unit_source_ordinal","high","1","true","true","matched","false","merged_group_description_forward_filled"
"prod:036e0d4c-9b35-406b-957e-80f8a726fdb4","stable_uuid","036e0d4c-9b35-406b-957e-80f8a726fdb4","ITEM-0594","LVU-PB0-095","LVU-PB0-095","true","true","true","595","true","false","true","521","520","668","true","20","1","12","p20:t1:r12:display-95","cfa2ab6d8000504d42ba8c90ce49311dec8236f55e39e9dbce43109d898c36b7","งานยกระดับคอบ่อพักย่อย (PB) JUF-13 ฝาค.ส.ล. (เปลี่ยนฝา - ไม่เปลี่ยนเฟรม) ระดับ +0.30 ม.","งานยกระดับคอบ่อพักย่อย (PB) JUF-13 ฝาค.ส.ล. (เปลี่ยนฝา - ไม่เปลี่ยนเฟรม) ระดับ +0.30 ม.","งานยกระดับคอบ่อพักย่อย (PB) JUF-13 ฝาค.ส.ล. (เปลี่ยนฝา - ไม่เปลี่ยนเฟรม) ระดับ +0.30 ม.","งานยกระดับคอบ่อพักย่อย (PB) JUF-13 ฝาค.ส.ล. (เปลี่ยนฝา - ไม่เปลี่ยนเฟรม) ระดับ +0.30 ม.","งานยกระดับคอบ่อพักย่อย (PB) JUF-13 ฝาค.ส.ล. (เปลี่ยนฝา - ไม่เปลี่ยนเฟรม) | ระดับ +0.30 ม.","งานยกระดับคอบ่อพักย่อย (PB) JUF-13 ฝาค.ส.ล. (เปลี่ยนฝา - ไม่เปลี่ยนเฟรม) | ระดับ +0.30 ม.","บ่อ","บ่อ","บ่อ","บ่อ","บ่อ","บ่อ","12379","9205","21584","12379","9205","21584","12379","9205","21584","equal","equal","equal","order_constrained_name_unit_source_ordinal","high","1","true","true","matched","false","merged_group_description_forward_filled"
"prod:97011453-4a49-4929-9a8d-31b2a4b99a88","stable_uuid","97011453-4a49-4929-9a8d-31b2a4b99a88","ITEM-0595","LVU-PB0-097","LVU-PB0-097","true","true","true","596","true","false","true","523","522","670","true","20","1","14","p20:t1:r14:display-97","82af9eafb8db092eb528c7df891db694b361a0f589e9646b6c59ee1d7845dd79","งานยกระดับคอบ่อพักย่อย (PB) JUF-13 ฝาค.ส.ล. (ไม่เปลี่ยนฝา - เปลี่ยนเฟรม) ระดับ +0.10 ม.","งานยกระดับคอบ่อพักย่อย (PB) JUF-13 ฝาค.ส.ล. (ไม่เปลี่ยนฝา - เปลี่ยนเฟรม) ระดับ +0.10 ม.","งานยกระดับคอบ่อพักย่อย (PB) JUF-13 ฝาค.ส.ล. (ไม่เปลี่ยนฝา - เปลี่ยนเฟรม) ระดับ +0.10 ม.","งานยกระดับคอบ่อพักย่อย (PB) JUF-13 ฝาค.ส.ล. (ไม่เปลี่ยนฝา - เปลี่ยนเฟรม) ระดับ +0.10 ม.","งานยกระดับคอบ่อพักย่อย (PB) JUF-13 ฝาค.ส.ล. (ไม่เปลี่ยนฝา - เปลี่ยนเฟรม) | ระดับ +0.10 ม.","งานยกระดับคอบ่อพักย่อย (PB) JUF-13 ฝาค.ส.ล. (ไม่เปลี่ยนฝา - เปลี่ยนเฟรม) | ระดับ +0.10 ม.","บ่อ","บ่อ","บ่อ","บ่อ","บ่อ","บ่อ","10603","7442","18045","10603","7442","18045","10603","7442","18045","equal","equal","equal","order_constrained_name_unit_source_ordinal","high","1","true","true","matched","false","merged_group_description_forward_filled"
"prod:aad48a1e-1e8b-4c39-8cbf-7849cdfbc9e9","stable_uuid","aad48a1e-1e8b-4c39-8cbf-7849cdfbc9e9","ITEM-0596","LVU-PB0-098","LVU-PB0-098","true","true","true","597","true","false","true","524","523","671","true","20","1","15","p20:t1:r15:display-98","d036c30ffd344006b24674591353e74e3992349efaef0615f179ae36c55b1e55","งานยกระดับคอบ่อพักย่อย (PB) JUF-13 ฝาค.ส.ล. (ไม่เปลี่ยนฝา - เปลี่ยนเฟรม) ระดับ +0.15 ม.","งานยกระดับคอบ่อพักย่อย (PB) JUF-13 ฝาค.ส.ล. (ไม่เปลี่ยนฝา - เปลี่ยนเฟรม) ระดับ +0.15 ม.","งานยกระดับคอบ่อพักย่อย (PB) JUF-13 ฝาค.ส.ล. (ไม่เปลี่ยนฝา - เปลี่ยนเฟรม) ระดับ +0.15 ม.","งานยกระดับคอบ่อพักย่อย (PB) JUF-13 ฝาค.ส.ล. (ไม่เปลี่ยนฝา - เปลี่ยนเฟรม) ระดับ +0.15 ม.","งานยกระดับคอบ่อพักย่อย (PB) JUF-13 ฝาค.ส.ล. (ไม่เปลี่ยนฝา - เปลี่ยนเฟรม) | ระดับ +0.15 ม.","งานยกระดับคอบ่อพักย่อย (PB) JUF-13 ฝาค.ส.ล. (ไม่เปลี่ยนฝา - เปลี่ยนเฟรม) | ระดับ +0.15 ม.","บ่อ","บ่อ","บ่อ","บ่อ","บ่อ","บ่อ","11478","7894","19372","11478","7894","19372","11478","7894","19372","equal","equal","equal","order_constrained_name_unit_source_ordinal","high","1","true","true","matched","false","merged_group_description_forward_filled"
"prod:6727f9b3-0abb-4152-bb09-25bbf88dee68","stable_uuid","6727f9b3-0abb-4152-bb09-25bbf88dee68","ITEM-0597","LVU-PB0-099","LVU-PB0-099","true","true","true","598","true","false","true","525","524","672","true","20","1","16","p20:t1:r16:display-99","b161dc7d25a8ca21d8b256c12117a074b38e53119695949e26763310de4f912f","งานยกระดับคอบ่อพักย่อย (PB) JUF-13 ฝาค.ส.ล. (ไม่เปลี่ยนฝา - เปลี่ยนเฟรม) ระดับ +0.20 ม.","งานยกระดับคอบ่อพักย่อย (PB) JUF-13 ฝาค.ส.ล. (ไม่เปลี่ยนฝา - เปลี่ยนเฟรม) ระดับ +0.20 ม.","งานยกระดับคอบ่อพักย่อย (PB) JUF-13 ฝาค.ส.ล. (ไม่เปลี่ยนฝา - เปลี่ยนเฟรม) ระดับ +0.20 ม.","งานยกระดับคอบ่อพักย่อย (PB) JUF-13 ฝาค.ส.ล. (ไม่เปลี่ยนฝา - เปลี่ยนเฟรม) ระดับ +0.20 ม.","งานยกระดับคอบ่อพักย่อย (PB) JUF-13 ฝาค.ส.ล. (ไม่เปลี่ยนฝา - เปลี่ยนเฟรม) | ระดับ +0.20 ม.","งานยกระดับคอบ่อพักย่อย (PB) JUF-13 ฝาค.ส.ล. (ไม่เปลี่ยนฝา - เปลี่ยนเฟรม) | ระดับ +0.20 ม.","บ่อ","บ่อ","บ่อ","บ่อ","บ่อ","บ่อ","12264","8324","20588","12264","8324","20588","12264","8324","20588","equal","equal","equal","order_constrained_name_unit_source_ordinal","high","1","true","true","matched","false","merged_group_description_forward_filled"
"prod:4b2707a1-12c5-4082-82a2-e5de48ed88dc","stable_uuid","4b2707a1-12c5-4082-82a2-e5de48ed88dc","ITEM-0598","LVU-PB0-100","LVU-PB0-100","true","true","true","599","true","false","true","526","525","673","true","20","1","17","p20:t1:r17:display-100","9d8dd4cb1ece0eef3a0bfbb47b1107a91ad30656dc9909298fd03f3cc9e16034","งานยกระดับคอบ่อพักย่อย (PB) JUF-13 ฝาค.ส.ล. (ไม่เปลี่ยนฝา - เปลี่ยนเฟรม) ระดับ +0.30 ม.","งานยกระดับคอบ่อพักย่อย (PB) JUF-13 ฝาค.ส.ล. (ไม่เปลี่ยนฝา - เปลี่ยนเฟรม) ระดับ +0.30 ม.","งานยกระดับคอบ่อพักย่อย (PB) JUF-13 ฝาค.ส.ล. (ไม่เปลี่ยนฝา - เปลี่ยนเฟรม) ระดับ +0.30 ม.","งานยกระดับคอบ่อพักย่อย (PB) JUF-13 ฝาค.ส.ล. (ไม่เปลี่ยนฝา - เปลี่ยนเฟรม) ระดับ +0.30 ม.","งานยกระดับคอบ่อพักย่อย (PB) JUF-13 ฝาค.ส.ล. (ไม่เปลี่ยนฝา - เปลี่ยนเฟรม) | ระดับ +0.30 ม.","งานยกระดับคอบ่อพักย่อย (PB) JUF-13 ฝาค.ส.ล. (ไม่เปลี่ยนฝา - เปลี่ยนเฟรม) | ระดับ +0.30 ม.","บ่อ","บ่อ","บ่อ","บ่อ","บ่อ","บ่อ","13924","9205","23129","13924","9205","23129","13924","9205","23129","equal","equal","equal","order_constrained_name_unit_source_ordinal","high","1","true","true","matched","false","merged_group_description_forward_filled"
"prod:9f5d26bd-b23d-4838-9050-9276a1492615","stable_uuid","9f5d26bd-b23d-4838-9050-9276a1492615","ITEM-0599","LVU-PB0-102","LVU-PB0-102","true","true","true","600","true","false","true","528","527","675","true","20","1","19","p20:t1:r19:display-102","8edf8e4cd4bbba301fe116437e7f895c2356237902cd2a78d8dcec726aea472f","งานยกระดับคอบ่อพักย่อย (PB) JUF-13 ฝาเหล็ก (ไม่เปลี่ยนฝา - ไม่เปลี่ยนเฟรม) ระดับ +0.10 ม.","งานยกระดับคอบ่อพักย่อย (PB) JUF-13 ฝาเหล็ก (ไม่เปลี่ยนฝา - ไม่เปลี่ยนเฟรม) ระดับ +0.10 ม.","งานยกระดับคอบ่อพักย่อย (PB) JUF-13 ฝาเหล็ก (ไม่เปลี่ยนฝา - ไม่เปลี่ยนเฟรม) ระดับ +0.10 ม.","งานยกระดับคอบ่อพักย่อย (PB) JUF-13 ฝาเหล็ก (ไม่เปลี่ยนฝา - ไม่เปลี่ยนเฟรม) ระดับ +0.10 ม.","งานยกระดับคอบ่อพักย่อย (PB) JUF-13 ฝาเหล็ก (ไม่เปลี่ยนฝา - ไม่เปลี่ยนเฟรม) | ระดับ +0.10 ม.","งานยกระดับคอบ่อพักย่อย (PB) JUF-13 ฝาเหล็ก (ไม่เปลี่ยนฝา - ไม่เปลี่ยนเฟรม) | ระดับ +0.10 ม.","บ่อ","บ่อ","บ่อ","บ่อ","บ่อ","บ่อ","2603","13627","16230","2603","13627","16230","2603","13627","16230","equal","equal","equal","order_constrained_name_unit_source_ordinal","high","1","true","true","matched","false","merged_group_description_forward_filled"
"prod:c371f70e-fb72-49ac-bf8d-44b7a8a19127","stable_uuid","c371f70e-fb72-49ac-bf8d-44b7a8a19127","ITEM-0600","LVU-PB0-103","LVU-PB0-103","true","true","true","601","true","false","true","529","528","676","true","20","1","20","p20:t1:r20:display-103","669d01acaccc1997f6b00a7520926b19dbaaab77920cdba997e3a4a41bdde528","งานยกระดับคอบ่อพักย่อย (PB) JUF-13 ฝาเหล็ก (ไม่เปลี่ยนฝา - ไม่เปลี่ยนเฟรม) ระดับ +0.15 ม.","งานยกระดับคอบ่อพักย่อย (PB) JUF-13 ฝาเหล็ก (ไม่เปลี่ยนฝา - ไม่เปลี่ยนเฟรม) ระดับ +0.15 ม.","งานยกระดับคอบ่อพักย่อย (PB) JUF-13 ฝาเหล็ก (ไม่เปลี่ยนฝา - ไม่เปลี่ยนเฟรม) ระดับ +0.15 ม.","งานยกระดับคอบ่อพักย่อย (PB) JUF-13 ฝาเหล็ก (ไม่เปลี่ยนฝา - ไม่เปลี่ยนเฟรม) ระดับ +0.15 ม.","งานยกระดับคอบ่อพักย่อย (PB) JUF-13 ฝาเหล็ก (ไม่เปลี่ยนฝา - ไม่เปลี่ยนเฟรม) | ระดับ +0.15 ม.","งานยกระดับคอบ่อพักย่อย (PB) JUF-13 ฝาเหล็ก (ไม่เปลี่ยนฝา - ไม่เปลี่ยนเฟรม) | ระดับ +0.15 ม.","บ่อ","บ่อ","บ่อ","บ่อ","บ่อ","บ่อ","3478","14079","17557","3478","14079","17557","3478","14079","17557","equal","equal","equal","order_constrained_name_unit_source_ordinal","high","1","true","true","matched","false","split_three_digit_display_label;merged_group_description_forward_filled"
"prod:690e2d23-bfb6-47b4-b098-b0eb9dfdb86c","stable_uuid","690e2d23-bfb6-47b4-b098-b0eb9dfdb86c","ITEM-0601","LVU-PB0-104","LVU-PB0-104","true","true","true","602","true","false","true","530","529","677","true","20","1","21","p20:t1:r21:display-104","84b0041cf6985398212c6e39bfae36ab63813bed1113b5e3c5181069846f4d04","งานยกระดับคอบ่อพักย่อย (PB) JUF-13 ฝาเหล็ก (ไม่เปลี่ยนฝา - ไม่เปลี่ยนเฟรม) ระดับ +0.20 ม.","งานยกระดับคอบ่อพักย่อย (PB) JUF-13 ฝาเหล็ก (ไม่เปลี่ยนฝา - ไม่เปลี่ยนเฟรม) ระดับ +0.20 ม.","งานยกระดับคอบ่อพักย่อย (PB) JUF-13 ฝาเหล็ก (ไม่เปลี่ยนฝา - ไม่เปลี่ยนเฟรม) ระดับ +0.20 ม.","งานยกระดับคอบ่อพักย่อย (PB) JUF-13 ฝาเหล็ก (ไม่เปลี่ยนฝา - ไม่เปลี่ยนเฟรม) ระดับ +0.20 ม.","งานยกระดับคอบ่อพักย่อย (PB) JUF-13 ฝาเหล็ก (ไม่เปลี่ยนฝา - ไม่เปลี่ยนเฟรม) | ระดับ +0.20 ม.","งานยกระดับคอบ่อพักย่อย (PB) JUF-13 ฝาเหล็ก (ไม่เปลี่ยนฝา - ไม่เปลี่ยนเฟรม) | ระดับ +0.20 ม.","บ่อ","บ่อ","บ่อ","บ่อ","บ่อ","บ่อ","4264","14509","18773","4264","14509","18773","4264","14509","18773","equal","equal","equal","order_constrained_name_unit_source_ordinal","high","1","true","true","matched","false","merged_group_description_forward_filled"
"prod:f6092177-a448-444a-9530-1dbc5b2b70b9","stable_uuid","f6092177-a448-444a-9530-1dbc5b2b70b9","ITEM-0602","LVU-PB0-105","LVU-PB0-105","true","true","true","603","true","false","true","531","530","678","true","20","1","22","p20:t1:r22:display-105","a54dba975901ab20877f1410981c3c7362773a523a6be6afa4e1fe7b9400bee7","งานยกระดับคอบ่อพักย่อย (PB) JUF-13 ฝาเหล็ก (ไม่เปลี่ยนฝา - ไม่เปลี่ยนเฟรม) ระดับ +0.30 ม.","งานยกระดับคอบ่อพักย่อย (PB) JUF-13 ฝาเหล็ก (ไม่เปลี่ยนฝา - ไม่เปลี่ยนเฟรม) ระดับ +0.30 ม.","งานยกระดับคอบ่อพักย่อย (PB) JUF-13 ฝาเหล็ก (ไม่เปลี่ยนฝา - ไม่เปลี่ยนเฟรม) ระดับ +0.30 ม.","งานยกระดับคอบ่อพักย่อย (PB) JUF-13 ฝาเหล็ก (ไม่เปลี่ยนฝา - ไม่เปลี่ยนเฟรม) ระดับ +0.30 ม.","งานยกระดับคอบ่อพักย่อย (PB) JUF-13 ฝาเหล็ก (ไม่เปลี่ยนฝา - ไม่เปลี่ยนเฟรม) | ระดับ +0.30 ม.","งานยกระดับคอบ่อพักย่อย (PB) JUF-13 ฝาเหล็ก (ไม่เปลี่ยนฝา - ไม่เปลี่ยนเฟรม) | ระดับ +0.30 ม.","บ่อ","บ่อ","บ่อ","บ่อ","บ่อ","บ่อ","5924","15390","21314","5924","15390","21314","5924","15390","21314","equal","equal","equal","order_constrained_name_unit_source_ordinal","high","1","true","true","matched","false","merged_group_description_forward_filled"
"prod:40c1a2f3-dc5a-42d6-bd50-84e8d413d930","stable_uuid","40c1a2f3-dc5a-42d6-bd50-84e8d413d930","ITEM-0603","LVU-PB0-107","LVU-PB0-107","true","true","true","604","true","false","true","533","532","680","true","20","1","24","p20:t1:r24:display-107","1a25b07c17a2f9a12dd0a064b5868a78795cbe116bc1217e51c07a481b896e59","งานยกระดับคอบ่อพักย่อย (PB) JUF-13 ฝาเหล็ก (เปลี่ยนฝา - เปลี่ยนเฟรม) ระดับ +0.10 ม.","งานยกระดับคอบ่อพักย่อย (PB) JUF-13 ฝาเหล็ก (เปลี่ยนฝา - เปลี่ยนเฟรม) ระดับ +0.10 ม.","งานยกระดับคอบ่อพักย่อย (PB) JUF-13 ฝาเหล็ก (เปลี่ยนฝา - เปลี่ยนเฟรม) ระดับ +0.10 ม.","งานยกระดับคอบ่อพักย่อย (PB) JUF-13 ฝาเหล็ก (เปลี่ยนฝา - เปลี่ยนเฟรม) ระดับ +0.10 ม.","งานยกระดับคอบ่อพักย่อย (PB) JUF-13 ฝาเหล็ก (เปลี่ยนฝา - เปลี่ยนเฟรม) | ระดับ +0.10 ม.","งานยกระดับคอบ่อพักย่อย (PB) JUF-13 ฝาเหล็ก (เปลี่ยนฝา - เปลี่ยนเฟรม) | ระดับ +0.10 ม.","บ่อ","บ่อ","บ่อ","บ่อ","บ่อ","บ่อ","34147","11248","45395","34147","11248","45395","34147","11248","45395","equal","equal","equal","order_constrained_name_unit_source_ordinal","high","1","true","true","matched","false","merged_group_description_forward_filled"
"prod:0c070f51-dd00-4422-88e5-3c2cfdbab370","stable_uuid","0c070f51-dd00-4422-88e5-3c2cfdbab370","ITEM-0604","LVU-PB0-108","LVU-PB0-108","true","true","true","605","true","false","true","534","533","681","true","20","1","25","p20:t1:r25:display-108","31e4e69b7a79f044c83dbb1f6970aa7c59a946b6b78a821e0168b9232182a94a","งานยกระดับคอบ่อพักย่อย (PB) JUF-13 ฝาเหล็ก (เปลี่ยนฝา - เปลี่ยนเฟรม) ระดับ +0.15 ม.","งานยกระดับคอบ่อพักย่อย (PB) JUF-13 ฝาเหล็ก (เปลี่ยนฝา - เปลี่ยนเฟรม) ระดับ +0.15 ม.","งานยกระดับคอบ่อพักย่อย (PB) JUF-13 ฝาเหล็ก (เปลี่ยนฝา - เปลี่ยนเฟรม) ระดับ +0.15 ม.","งานยกระดับคอบ่อพักย่อย (PB) JUF-13 ฝาเหล็ก (เปลี่ยนฝา - เปลี่ยนเฟรม) ระดับ +0.15 ม.","งานยกระดับคอบ่อพักย่อย (PB) JUF-13 ฝาเหล็ก (เปลี่ยนฝา - เปลี่ยนเฟรม) | ระดับ +0.15 ม.","งานยกระดับคอบ่อพักย่อย (PB) JUF-13 ฝาเหล็ก (เปลี่ยนฝา - เปลี่ยนเฟรม) | ระดับ +0.15 ม.","บ่อ","บ่อ","บ่อ","บ่อ","บ่อ","บ่อ","34986","11693","46679","34986","11693","46679","34986","11693","46679","equal","equal","equal","order_constrained_name_unit_source_ordinal","high","1","true","true","matched","false","split_three_digit_display_label;merged_group_description_forward_filled"
"prod:2b436518-08f7-4912-9c2e-1ccce41ca61d","stable_uuid","2b436518-08f7-4912-9c2e-1ccce41ca61d","ITEM-0605","LVU-PB0-109","LVU-PB0-109","true","true","true","606","true","false","true","535","534","682","true","20","1","26","p20:t1:r26:display-109","5f6af1d3394c250da9dab1285ffa79879a5997200464d060fae1e7cab467b65e","งานยกระดับคอบ่อพักย่อย (PB) JUF-13 ฝาเหล็ก (เปลี่ยนฝา - เปลี่ยนเฟรม) ระดับ +0.20 ม.","งานยกระดับคอบ่อพักย่อย (PB) JUF-13 ฝาเหล็ก (เปลี่ยนฝา - เปลี่ยนเฟรม) ระดับ +0.20 ม.","งานยกระดับคอบ่อพักย่อย (PB) JUF-13 ฝาเหล็ก (เปลี่ยนฝา - เปลี่ยนเฟรม) ระดับ +0.20 ม.","งานยกระดับคอบ่อพักย่อย (PB) JUF-13 ฝาเหล็ก (เปลี่ยนฝา - เปลี่ยนเฟรม) ระดับ +0.20 ม.","งานยกระดับคอบ่อพักย่อย (PB) JUF-13 ฝาเหล็ก (เปลี่ยนฝา - เปลี่ยนเฟรม) | ระดับ +0.20 ม.","งานยกระดับคอบ่อพักย่อย (PB) JUF-13 ฝาเหล็ก (เปลี่ยนฝา - เปลี่ยนเฟรม) | ระดับ +0.20 ม.","บ่อ","บ่อ","บ่อ","บ่อ","บ่อ","บ่อ","35752","12120","47872","35752","12120","47872","35752","12120","47872","equal","equal","equal","order_constrained_name_unit_source_ordinal","high","1","true","true","matched","false","merged_group_description_forward_filled"
"prod:e6fb1849-9cf1-41a5-90bf-f6727dc757ec","stable_uuid","e6fb1849-9cf1-41a5-90bf-f6727dc757ec","ITEM-0606","LVU-PB0-110","LVU-PB0-110","true","true","true","607","true","false","true","536","535","683","true","20","1","27","p20:t1:r27:display-110","e38e753212ad1133b52859b013143c1109db899c19e53f27f3f9b47473da60c7","งานยกระดับคอบ่อพักย่อย (PB) JUF-13 ฝาเหล็ก (เปลี่ยนฝา - เปลี่ยนเฟรม) ระดับ +0.30 ม.","งานยกระดับคอบ่อพักย่อย (PB) JUF-13 ฝาเหล็ก (เปลี่ยนฝา - เปลี่ยนเฟรม) ระดับ +0.30 ม.","งานยกระดับคอบ่อพักย่อย (PB) JUF-13 ฝาเหล็ก (เปลี่ยนฝา - เปลี่ยนเฟรม) ระดับ +0.30 ม.","งานยกระดับคอบ่อพักย่อย (PB) JUF-13 ฝาเหล็ก (เปลี่ยนฝา - เปลี่ยนเฟรม) ระดับ +0.30 ม.","งานยกระดับคอบ่อพักย่อย (PB) JUF-13 ฝาเหล็ก (เปลี่ยนฝา - เปลี่ยนเฟรม) | ระดับ +0.30 ม.","งานยกระดับคอบ่อพักย่อย (PB) JUF-13 ฝาเหล็ก (เปลี่ยนฝา - เปลี่ยนเฟรม) | ระดับ +0.30 ม.","บ่อ","บ่อ","บ่อ","บ่อ","บ่อ","บ่อ","45424","15390","60814","45424","15390","60814","45424","15390","60814","equal","equal","equal","order_constrained_name_unit_source_ordinal","high","1","true","true","matched","false","merged_group_description_forward_filled"
"prod:645f9861-08d9-47af-b8d9-b26d023a3da1","stable_uuid","645f9861-08d9-47af-b8d9-b26d023a3da1","ITEM-0607","LVU-PB0-112","LVU-PB0-112","true","true","true","608","true","false","true","538","537","685","true","20","1","29","p20:t1:r29:display-112","b2807b798dd222ca5c7dc503142e983faeb27d03462bbc1b552c7071e8d0b4e0","งานยกระดับคอบ่อพักย่อย (PB) JUF-13 ฝาเหล็ก (เปลี่ยนฝา - ไม่เปลี่ยนเฟรม) ระดับ +0.10 ม.","งานยกระดับคอบ่อพักย่อย (PB) JUF-13 ฝาเหล็ก (เปลี่ยนฝา - ไม่เปลี่ยนเฟรม) ระดับ +0.10 ม.","งานยกระดับคอบ่อพักย่อย (PB) JUF-13 ฝาเหล็ก (เปลี่ยนฝา - ไม่เปลี่ยนเฟรม) ระดับ +0.10 ม.","งานยกระดับคอบ่อพักย่อย (PB) JUF-13 ฝาเหล็ก (เปลี่ยนฝา - ไม่เปลี่ยนเฟรม) ระดับ +0.10 ม.","งานยกระดับคอบ่อพักย่อย (PB) JUF-13 ฝาเหล็ก (เปลี่ยนฝา - ไม่เปลี่ยนเฟรม) | ระดับ +0.10 ม.","งานยกระดับคอบ่อพักย่อย (PB) JUF-13 ฝาเหล็ก (เปลี่ยนฝา - ไม่เปลี่ยนเฟรม) | ระดับ +0.10 ม.","บ่อ","บ่อ","บ่อ","บ่อ","บ่อ","บ่อ","34103","13627","47730","34103","13627","47730","34103","13627","47730","equal","equal","equal","order_constrained_name_unit_source_ordinal","high","1","true","true","matched","false","merged_group_description_forward_filled"
"prod:da9df268-ed21-45b4-bf18-d9ff11946f8c","stable_uuid","da9df268-ed21-45b4-bf18-d9ff11946f8c","ITEM-0608","LVU-PB0-113","LVU-PB0-113","true","true","true","609","true","false","true","539","538","686","true","20","1","30","p20:t1:r30:display-113","2720820e59a6faf830aaba270a8cb99dbd88d6d85e717d299427f6c2a330d355","งานยกระดับคอบ่อพักย่อย (PB) JUF-13 ฝาเหล็ก (เปลี่ยนฝา - ไม่เปลี่ยนเฟรม) ระดับ +0.15 ม.","งานยกระดับคอบ่อพักย่อย (PB) JUF-13 ฝาเหล็ก (เปลี่ยนฝา - ไม่เปลี่ยนเฟรม) ระดับ +0.15 ม.","งานยกระดับคอบ่อพักย่อย (PB) JUF-13 ฝาเหล็ก (เปลี่ยนฝา - ไม่เปลี่ยนเฟรม) ระดับ +0.15 ม.","งานยกระดับคอบ่อพักย่อย (PB) JUF-13 ฝาเหล็ก (เปลี่ยนฝา - ไม่เปลี่ยนเฟรม) ระดับ +0.15 ม.","งานยกระดับคอบ่อพักย่อย (PB) JUF-13 ฝาเหล็ก (เปลี่ยนฝา - ไม่เปลี่ยนเฟรม) | ระดับ +0.15 ม.","งานยกระดับคอบ่อพักย่อย (PB) JUF-13 ฝาเหล็ก (เปลี่ยนฝา - ไม่เปลี่ยนเฟรม) | ระดับ +0.15 ม.","บ่อ","บ่อ","บ่อ","บ่อ","บ่อ","บ่อ","34978","14079","49057","34978","14079","49057","34978","14079","49057","equal","equal","equal","order_constrained_name_unit_source_ordinal","high","1","true","true","matched","false","split_three_digit_display_label;merged_group_description_forward_filled"
"prod:8a1e86db-7f34-4ca9-9a49-770566c2965e","stable_uuid","8a1e86db-7f34-4ca9-9a49-770566c2965e","ITEM-0609","LVU-PB0-114","LVU-PB0-114","true","true","true","610","true","false","true","540","539","687","true","20","1","31","p20:t1:r31:display-114","5addfeb35252398c065d62ca0ce467812b9db69833867d46797d787597000458","งานยกระดับคอบ่อพักย่อย (PB) JUF-13 ฝาเหล็ก (เปลี่ยนฝา - ไม่เปลี่ยนเฟรม) ระดับ +0.20 ม.","งานยกระดับคอบ่อพักย่อย (PB) JUF-13 ฝาเหล็ก (เปลี่ยนฝา - ไม่เปลี่ยนเฟรม) ระดับ +0.20 ม.","งานยกระดับคอบ่อพักย่อย (PB) JUF-13 ฝาเหล็ก (เปลี่ยนฝา - ไม่เปลี่ยนเฟรม) ระดับ +0.20 ม.","งานยกระดับคอบ่อพักย่อย (PB) JUF-13 ฝาเหล็ก (เปลี่ยนฝา - ไม่เปลี่ยนเฟรม) ระดับ +0.20 ม.","งานยกระดับคอบ่อพักย่อย (PB) JUF-13 ฝาเหล็ก (เปลี่ยนฝา - ไม่เปลี่ยนเฟรม) | ระดับ +0.20 ม.","งานยกระดับคอบ่อพักย่อย (PB) JUF-13 ฝาเหล็ก (เปลี่ยนฝา - ไม่เปลี่ยนเฟรม) | ระดับ +0.20 ม.","บ่อ","บ่อ","บ่อ","บ่อ","บ่อ","บ่อ","35764","14509","50273","35764","14509","50273","35764","14509","50273","equal","equal","equal","order_constrained_name_unit_source_ordinal","high","1","true","true","matched","false","merged_group_description_forward_filled"
"prod:1f9c4bcc-465f-420b-97a5-da8d22e47fe5","stable_uuid","1f9c4bcc-465f-420b-97a5-da8d22e47fe5","ITEM-0610","LVU-PB0-115","LVU-PB0-115","true","true","true","611","true","false","true","541","540","688","true","20","1","32","p20:t1:r32:display-115","6b843a076de1bb59b728dd95aa2a28d30d2ad42b35d4550a67754b619072e137","งานยกระดับคอบ่อพักย่อย (PB) JUF-13 ฝาเหล็ก (เปลี่ยนฝา - ไม่เปลี่ยนเฟรม) ระดับ +0.30 ม.","งานยกระดับคอบ่อพักย่อย (PB) JUF-13 ฝาเหล็ก (เปลี่ยนฝา - ไม่เปลี่ยนเฟรม) ระดับ +0.30 ม.","งานยกระดับคอบ่อพักย่อย (PB) JUF-13 ฝาเหล็ก (เปลี่ยนฝา - ไม่เปลี่ยนเฟรม) ระดับ +0.30 ม.","งานยกระดับคอบ่อพักย่อย (PB) JUF-13 ฝาเหล็ก (เปลี่ยนฝา - ไม่เปลี่ยนเฟรม) ระดับ +0.30 ม.","งานยกระดับคอบ่อพักย่อย (PB) JUF-13 ฝาเหล็ก (เปลี่ยนฝา - ไม่เปลี่ยนเฟรม) | ระดับ +0.30 ม.","งานยกระดับคอบ่อพักย่อย (PB) JUF-13 ฝาเหล็ก (เปลี่ยนฝา - ไม่เปลี่ยนเฟรม) | ระดับ +0.30 ม.","บ่อ","บ่อ","บ่อ","บ่อ","บ่อ","บ่อ","37424","15390","52814","37424","15390","52814","37424","15390","52814","equal","equal","equal","order_constrained_name_unit_source_ordinal","high","1","true","true","matched","false","merged_group_description_forward_filled"
"prod:a2c1e268-b135-48dc-9754-ee245d0de605","stable_uuid","a2c1e268-b135-48dc-9754-ee245d0de605","ITEM-0611","LVU-PB0-117","LVU-PB0-117","true","true","true","612","true","false","true","543","542","690","true","21","1","4","p21:t1:r4:display-117","a5d981996bdcd971795951290349c35b7d26097e51872efcf82795d8aa41de69","งานยกระดับคอบ่อพักย่อย (PB) JUF-13 ฝาเหล็ก (ไม่เปลี่ยนฝา - เปลี่ยนเฟรม) ระดับ +0.10 ม.","งานยกระดับคอบ่อพักย่อย (PB) JUF-13 ฝาเหล็ก (ไม่เปลี่ยนฝา - เปลี่ยนเฟรม) ระดับ +0.10 ม.","งานยกระดับคอบ่อพักย่อย (PB) JUF-13 ฝาเหล็ก (ไม่เปลี่ยนฝา - เปลี่ยนเฟรม) ระดับ +0.10 ม.","งานยกระดับคอบ่อพักย่อย (PB) JUF-13 ฝาเหล็ก (ไม่เปลี่ยนฝา - เปลี่ยนเฟรม) ระดับ +0.10 ม.","1. งานวางท่อร้อยสายสื่อสารใต้ดิน หุ้มคอนกรีตเสริมเหล็ก (ค.ส.ล.) งานยกระดับคอบ่อพักย่อย (PB) JUF-13 ฝาเหล็ก (ไม่เปลี่ยนฝา - เปลี่ยนเฟรม) | ระดับ +0.10 ม.","1. งานวางท่อร้อยสายสื่อสารใต้ดิน หุ้มคอนกรีตเสริมเหล็ก (ค.ส.ล.) งานยกระดับคอบ่อพักย่อย (PB) JUF-13 ฝาเหล็ก (ไม่เปลี่ยนฝา - เปลี่ยนเฟรม) | ระดับ +0.10 ม.","บ่อ","บ่อ","บ่อ","บ่อ","บ่อ","บ่อ","10603","13627","24230","10603","13627","24230","10603","13627","24230","equal","equal","equal","order_constrained_name_unit_source_ordinal","high","0.721649","true","true","matched","false","merged_group_description_forward_filled"
"prod:f5b991ac-8a19-4d3a-b50b-41d83b573e7b","stable_uuid","f5b991ac-8a19-4d3a-b50b-41d83b573e7b","ITEM-0612","LVU-PB0-118","LVU-PB0-118","true","true","true","613","true","false","true","544","543","691","true","21","1","5","p21:t1:r5:display-118","6c3413acbc4b0c42cb49a7a41989649ed66f39e22293087582b593325b97ea32","งานยกระดับคอบ่อพักย่อย (PB) JUF-13 ฝาเหล็ก (ไม่เปลี่ยนฝา - เปลี่ยนเฟรม) ระดับ +0.15 ม.","งานยกระดับคอบ่อพักย่อย (PB) JUF-13 ฝาเหล็ก (ไม่เปลี่ยนฝา - เปลี่ยนเฟรม) ระดับ +0.15 ม.","งานยกระดับคอบ่อพักย่อย (PB) JUF-13 ฝาเหล็ก (ไม่เปลี่ยนฝา - เปลี่ยนเฟรม) ระดับ +0.15 ม.","งานยกระดับคอบ่อพักย่อย (PB) JUF-13 ฝาเหล็ก (ไม่เปลี่ยนฝา - เปลี่ยนเฟรม) ระดับ +0.15 ม.","1. งานวางท่อร้อยสายสื่อสารใต้ดิน หุ้มคอนกรีตเสริมเหล็ก (ค.ส.ล.) งานยกระดับคอบ่อพักย่อย (PB) JUF-13 ฝาเหล็ก (ไม่เปลี่ยนฝา - เปลี่ยนเฟรม) | ระดับ +0.15 ม.","1. งานวางท่อร้อยสายสื่อสารใต้ดิน หุ้มคอนกรีตเสริมเหล็ก (ค.ส.ล.) งานยกระดับคอบ่อพักย่อย (PB) JUF-13 ฝาเหล็ก (ไม่เปลี่ยนฝา - เปลี่ยนเฟรม) | ระดับ +0.15 ม.","บ่อ","บ่อ","บ่อ","บ่อ","บ่อ","บ่อ","11478","14079","25557","11478","14079","25557","11478","14079","25557","equal","equal","equal","order_constrained_name_unit_source_ordinal","high","0.721649","true","true","matched","false","split_three_digit_display_label;merged_group_description_forward_filled"
"prod:c0d02195-6ca1-4495-86ca-f346d5b008e9","stable_uuid","c0d02195-6ca1-4495-86ca-f346d5b008e9","ITEM-0613","LVU-PB0-119","LVU-PB0-119","true","true","true","614","true","false","true","545","544","692","true","21","1","6","p21:t1:r6:display-119","a1894b9c0063472d25bb9280ea563872bf7097fe75e25a1b3f61b9f1d0df7472","งานยกระดับคอบ่อพักย่อย (PB) JUF-13 ฝาเหล็ก (ไม่เปลี่ยนฝา - เปลี่ยนเฟรม) ระดับ +0.20 ม.","งานยกระดับคอบ่อพักย่อย (PB) JUF-13 ฝาเหล็ก (ไม่เปลี่ยนฝา - เปลี่ยนเฟรม) ระดับ +0.20 ม.","งานยกระดับคอบ่อพักย่อย (PB) JUF-13 ฝาเหล็ก (ไม่เปลี่ยนฝา - เปลี่ยนเฟรม) ระดับ +0.20 ม.","งานยกระดับคอบ่อพักย่อย (PB) JUF-13 ฝาเหล็ก (ไม่เปลี่ยนฝา - เปลี่ยนเฟรม) ระดับ +0.20 ม.","1. งานวางท่อร้อยสายสื่อสารใต้ดิน หุ้มคอนกรีตเสริมเหล็ก (ค.ส.ล.) งานยกระดับคอบ่อพักย่อย (PB) JUF-13 ฝาเหล็ก (ไม่เปลี่ยนฝา - เปลี่ยนเฟรม) | ระดับ +0.20 ม.","1. งานวางท่อร้อยสายสื่อสารใต้ดิน หุ้มคอนกรีตเสริมเหล็ก (ค.ส.ล.) งานยกระดับคอบ่อพักย่อย (PB) JUF-13 ฝาเหล็ก (ไม่เปลี่ยนฝา - เปลี่ยนเฟรม) | ระดับ +0.20 ม.","บ่อ","บ่อ","บ่อ","บ่อ","บ่อ","บ่อ","12264","14509","26773","12264","14509","26773","12264","14509","26773","equal","equal","equal","order_constrained_name_unit_source_ordinal","high","0.721649","true","true","matched","false","merged_group_description_forward_filled"
"prod:d4e3296c-a2ef-4b95-a7d0-b87b43b31226","stable_uuid","d4e3296c-a2ef-4b95-a7d0-b87b43b31226","ITEM-0614","LVU-PB0-120","LVU-PB0-120","true","true","true","615","true","false","true","546","545","693","true","21","1","7","p21:t1:r7:display-120","b23946ab5f54f0eb1ec3dbefd839b9e81cad8c540a4801a48668ef596aed5676","งานยกระดับคอบ่อพักย่อย (PB) JUF-13 ฝาเหล็ก (ไม่เปลี่ยนฝา - เปลี่ยนเฟรม) ระดับ +0.30 ม.","งานยกระดับคอบ่อพักย่อย (PB) JUF-13 ฝาเหล็ก (ไม่เปลี่ยนฝา - เปลี่ยนเฟรม) ระดับ +0.30 ม.","งานยกระดับคอบ่อพักย่อย (PB) JUF-13 ฝาเหล็ก (ไม่เปลี่ยนฝา - เปลี่ยนเฟรม) ระดับ +0.30 ม.","งานยกระดับคอบ่อพักย่อย (PB) JUF-13 ฝาเหล็ก (ไม่เปลี่ยนฝา - เปลี่ยนเฟรม) ระดับ +0.30 ม.","1. งานวางท่อร้อยสายสื่อสารใต้ดิน หุ้มคอนกรีตเสริมเหล็ก (ค.ส.ล.) งานยกระดับคอบ่อพักย่อย (PB) JUF-13 ฝาเหล็ก (ไม่เปลี่ยนฝา - เปลี่ยนเฟรม) | ระดับ +0.30 ม.","1. งานวางท่อร้อยสายสื่อสารใต้ดิน หุ้มคอนกรีตเสริมเหล็ก (ค.ส.ล.) งานยกระดับคอบ่อพักย่อย (PB) JUF-13 ฝาเหล็ก (ไม่เปลี่ยนฝา - เปลี่ยนเฟรม) | ระดับ +0.30 ม.","บ่อ","บ่อ","บ่อ","บ่อ","บ่อ","บ่อ","13924","15390","29314","13924","15390","29314","13924","15390","29314","equal","equal","equal","order_constrained_name_unit_source_ordinal","high","0.721649","true","true","matched","false","merged_group_description_forward_filled"
"prod:40779d45-c955-458e-8744-35f698d1a872","stable_uuid","40779d45-c955-458e-8744-35f698d1a872","ITEM-0615","LVU-MH0-002","LVU-MH0-002","true","true","true","616","true","false","true","548","547","697","true","21","1","11","p21:t1:r11:display-2","4f16890ef379150a37bb5f4dd6a439b8f667f32ba9a793cddcdee3e6d3f48ac8","งานยกระดับคอบ่อพัก (MH) A-1 (ไม่เปลี่ยนฝา - ไม่เปลี่ยนเฟรม) 1 ฝา ระดับ +0.10 ม.","งานยกระดับคอบ่อพัก (MH) A-1 (ไม่เปลี่ยนฝา - ไม่เปลี่ยนเฟรม) 1 ฝา ระดับ +0.10 ม.","งานยกระดับคอบ่อพัก (MH) A-1 (ไม่เปลี่ยนฝา - ไม่เปลี่ยนเฟรม) 1 ฝา ระดับ +0.10 ม.","งานยกระดับคอบ่อพัก (MH) A-1 (ไม่เปลี่ยนฝา - ไม่เปลี่ยนเฟรม) 1 ฝา ระดับ +0.10 ม.","งานยกระดับคอบ่อพัก (MH) A-1 (ไม่เปลี่ยนฝา - ไม่เปลี่ยนเฟรม) 1 ฝา | ระดับ +0.10 ม.","งานยกระดับคอบ่อพัก (MH) A-1 (ไม่เปลี่ยนฝา - ไม่เปลี่ยนเฟรม) 1 ฝา | ระดับ +0.10 ม.","บ่อ","บ่อ","บ่อ","บ่อ","บ่อ","บ่อ","2869","7091","9960","2869","7427","10296","2869","7427","10296","different","equal","different","order_constrained_name_unit_source_ordinal","high","1","true","true","proposed_confirmed_correction","true","merged_group_description_forward_filled"
"prod:2205221d-b1c6-4c25-a17b-be19a01fb6e8","stable_uuid","2205221d-b1c6-4c25-a17b-be19a01fb6e8","ITEM-0616","LVU-MH0-003","LVU-MH0-003","true","true","true","617","true","false","true","549","548","698","true","21","1","12","p21:t1:r12:display-3","229f228eef7977b0ef27a0f1025d7e57ab7ebebc3ca283da08466bceabb8b0a4","งานยกระดับคอบ่อพัก (MH) A-1 (ไม่เปลี่ยนฝา - ไม่เปลี่ยนเฟรม) 1 ฝา ระดับ +0.15 ม.","งานยกระดับคอบ่อพัก (MH) A-1 (ไม่เปลี่ยนฝา - ไม่เปลี่ยนเฟรม) 1 ฝา ระดับ +0.15 ม.","งานยกระดับคอบ่อพัก (MH) A-1 (ไม่เปลี่ยนฝา - ไม่เปลี่ยนเฟรม) 1 ฝา ระดับ +0.15 ม.","งานยกระดับคอบ่อพัก (MH) A-1 (ไม่เปลี่ยนฝา - ไม่เปลี่ยนเฟรม) 1 ฝา ระดับ +0.15 ม.","งานยกระดับคอบ่อพัก (MH) A-1 (ไม่เปลี่ยนฝา - ไม่เปลี่ยนเฟรม) 1 ฝา | ระดับ +0.15 ม.","งานยกระดับคอบ่อพัก (MH) A-1 (ไม่เปลี่ยนฝา - ไม่เปลี่ยนเฟรม) 1 ฝา | ระดับ +0.15 ม.","บ่อ","บ่อ","บ่อ","บ่อ","บ่อ","บ่อ","3438","7417","10855","3438","7724","11162","3438","7724","11162","different","equal","different","order_constrained_name_unit_source_ordinal","high","1","true","true","proposed_confirmed_correction","true","merged_group_description_forward_filled"
"prod:59dd5bbc-9f14-4948-9922-04637a26535c","stable_uuid","59dd5bbc-9f14-4948-9922-04637a26535c","ITEM-0617","LVU-MH0-004","LVU-MH0-004","true","true","true","618","true","false","true","550","549","699","true","21","1","13","p21:t1:r13:display-4","eb1efe15330985be2efbf992b90dad7d51eb9f1cdd9e0f047fe5e19b93b86de7","งานยกระดับคอบ่อพัก (MH) A-1 (ไม่เปลี่ยนฝา - ไม่เปลี่ยนเฟรม) 1 ฝา ระดับ +0.20 ม.","งานยกระดับคอบ่อพัก (MH) A-1 (ไม่เปลี่ยนฝา - ไม่เปลี่ยนเฟรม) 1 ฝา ระดับ +0.20 ม.","งานยกระดับคอบ่อพัก (MH) A-1 (ไม่เปลี่ยนฝา - ไม่เปลี่ยนเฟรม) 1 ฝา ระดับ +0.20 ม.","งานยกระดับคอบ่อพัก (MH) A-1 (ไม่เปลี่ยนฝา - ไม่เปลี่ยนเฟรม) 1 ฝา ระดับ +0.20 ม.","งานยกระดับคอบ่อพัก (MH) A-1 (ไม่เปลี่ยนฝา - ไม่เปลี่ยนเฟรม) 1 ฝา | ระดับ +0.20 ม.","งานยกระดับคอบ่อพัก (MH) A-1 (ไม่เปลี่ยนฝา - ไม่เปลี่ยนเฟรม) 1 ฝา | ระดับ +0.20 ม.","บ่อ","บ่อ","บ่อ","บ่อ","บ่อ","บ่อ","4027","7782","11809","4027","8042","12069","4027","8042","12069","different","equal","different","order_constrained_name_unit_source_ordinal","high","1","true","true","proposed_confirmed_correction","true","merged_group_description_forward_filled"
"prod:dfff30ec-a715-4cb1-aa2f-3b5c4e86d386","stable_uuid","dfff30ec-a715-4cb1-aa2f-3b5c4e86d386","ITEM-0618","LVU-MH0-005","LVU-MH0-005","true","true","true","619","true","false","true","551","550","700","true","21","1","14","p21:t1:r14:display-5","b8e5d7cb3e50b48c10b49a5baf4d6544dafb98ba55c3589ab1974001efb45132","งานยกระดับคอบ่อพัก (MH) A-1 (ไม่เปลี่ยนฝา - ไม่เปลี่ยนเฟรม) 1 ฝา ระดับ +0.30 ม.","งานยกระดับคอบ่อพัก (MH) A-1 (ไม่เปลี่ยนฝา - ไม่เปลี่ยนเฟรม) 1 ฝา ระดับ +0.30 ม.","งานยกระดับคอบ่อพัก (MH) A-1 (ไม่เปลี่ยนฝา - ไม่เปลี่ยนเฟรม) 1 ฝา ระดับ +0.30 ม.","งานยกระดับคอบ่อพัก (MH) A-1 (ไม่เปลี่ยนฝา - ไม่เปลี่ยนเฟรม) 1 ฝา ระดับ +0.30 ม.","งานยกระดับคอบ่อพัก (MH) A-1 (ไม่เปลี่ยนฝา - ไม่เปลี่ยนเฟรม) 1 ฝา | ระดับ +0.30 ม.","งานยกระดับคอบ่อพัก (MH) A-1 (ไม่เปลี่ยนฝา - ไม่เปลี่ยนเฟรม) 1 ฝา | ระดับ +0.30 ม.","บ่อ","บ่อ","บ่อ","บ่อ","บ่อ","บ่อ","5167","8433","13600","5167","8637","13804","5167","8637","13804","different","equal","different","order_constrained_name_unit_source_ordinal","high","1","true","true","proposed_confirmed_correction","true","merged_group_description_forward_filled"
"prod:f0aff709-2054-4b59-8650-8a4ebfdc7429","stable_uuid","f0aff709-2054-4b59-8650-8a4ebfdc7429","ITEM-0619","LVU-MH0-006","LVU-MH0-006","true","true","true","620","true","false","true","552","551","701","true","21","1","15","p21:t1:r15:display-6","342ecabf723809e8189081209fca49ca04e865826e0a7786d9e58fee5186922a","งานยกระดับคอบ่อพัก (MH) A-1 (ไม่เปลี่ยนฝา - ไม่เปลี่ยนเฟรม) 1 ฝา ระดับ +0.40 ม.","งานยกระดับคอบ่อพัก (MH) A-1 (ไม่เปลี่ยนฝา - ไม่เปลี่ยนเฟรม) 1 ฝา ระดับ +0.40 ม.","งานยกระดับคอบ่อพัก (MH) A-1 (ไม่เปลี่ยนฝา - ไม่เปลี่ยนเฟรม) 1 ฝา ระดับ +0.40 ม.","งานยกระดับคอบ่อพัก (MH) A-1 (ไม่เปลี่ยนฝา - ไม่เปลี่ยนเฟรม) 1 ฝา ระดับ +0.40 ม.","งานยกระดับคอบ่อพัก (MH) A-1 (ไม่เปลี่ยนฝา - ไม่เปลี่ยนเฟรม) 1 ฝา | ระดับ +0.40 ม.","งานยกระดับคอบ่อพัก (MH) A-1 (ไม่เปลี่ยนฝา - ไม่เปลี่ยนเฟรม) 1 ฝา | ระดับ +0.40 ม.","บ่อ","บ่อ","บ่อ","บ่อ","บ่อ","บ่อ","6325","9124","15449","6325","9253","15578","6325","9253","15578","different","equal","different","order_constrained_name_unit_source_ordinal","high","1","true","true","proposed_confirmed_correction","true","merged_group_description_forward_filled"
"prod:c102adf3-5bbf-4d16-a8fe-54d44bb32c8b","stable_uuid","c102adf3-5bbf-4d16-a8fe-54d44bb32c8b","ITEM-0620","LVU-MH0-007","LVU-MH0-007","true","true","true","621","true","false","true","553","552","702","true","21","1","16","p21:t1:r16:display-7","b3250733d255abbfd22fa7c433d1d4b819860d0b65abb78ee757cf79d50fea40","งานยกระดับคอบ่อพัก (MH) A-1 (ไม่เปลี่ยนฝา - ไม่เปลี่ยนเฟรม) 1 ฝา ระดับ +0.50 ม.","งานยกระดับคอบ่อพัก (MH) A-1 (ไม่เปลี่ยนฝา - ไม่เปลี่ยนเฟรม) 1 ฝา ระดับ +0.50 ม.","งานยกระดับคอบ่อพัก (MH) A-1 (ไม่เปลี่ยนฝา - ไม่เปลี่ยนเฟรม) 1 ฝา ระดับ +0.50 ม.","งานยกระดับคอบ่อพัก (MH) A-1 (ไม่เปลี่ยนฝา - ไม่เปลี่ยนเฟรม) 1 ฝา ระดับ +0.50 ม.","งานยกระดับคอบ่อพัก (MH) A-1 (ไม่เปลี่ยนฝา - ไม่เปลี่ยนเฟรม) 1 ฝา | ระดับ +0.50 ม.","งานยกระดับคอบ่อพัก (MH) A-1 (ไม่เปลี่ยนฝา - ไม่เปลี่ยนเฟรม) 1 ฝา | ระดับ +0.50 ม.","บ่อ","บ่อ","บ่อ","บ่อ","บ่อ","บ่อ","7465","9775","17240","7465","9848","17313","7465","9848","17313","different","equal","different","order_constrained_name_unit_source_ordinal","high","1","true","true","proposed_confirmed_correction","true","merged_group_description_forward_filled"
"prod:62843343-f9ff-453c-8d7f-92677f416921","stable_uuid","62843343-f9ff-453c-8d7f-92677f416921","ITEM-0621","LVU-MH0-009","LVU-MH0-009","true","true","true","622","true","false","true","555","554","704","true","21","1","18","p21:t1:r18:display-9","54a3069fadc1715434fdf086f9b89d72b4c2752145665f78a2843d56ae6f3ba5","งานยกระดับคอบ่อพัก (MH) A-1 (เปลี่ยนฝา - เปลี่ยนเฟรม) 1 ฝา ระดับ +0.10 ม.","งานยกระดับคอบ่อพัก (MH) A-1 (เปลี่ยนฝา - เปลี่ยนเฟรม) 1 ฝา ระดับ +0.10 ม.","งานยกระดับคอบ่อพัก (MH) A-1 (เปลี่ยนฝา - เปลี่ยนเฟรม) 1 ฝา ระดับ +0.10 ม.","งานยกระดับคอบ่อพัก (MH) A-1 (เปลี่ยนฝา - เปลี่ยนเฟรม) 1 ฝา ระดับ +0.10 ม.","งานยกระดับคอบ่อพัก (MH) A-1 (เปลี่ยนฝา - เปลี่ยนเฟรม) 1 ฝา | ระดับ +0.10 ม.","งานยกระดับคอบ่อพัก (MH) A-1 (เปลี่ยนฝา - เปลี่ยนเฟรม) 1 ฝา | ระดับ +0.10 ม.","บ่อ","บ่อ","บ่อ","บ่อ","บ่อ","บ่อ","24369","7091","31460","24369","7427","31796","24369","7427","31796","different","equal","different","order_constrained_name_unit_source_ordinal","high","1","true","true","proposed_confirmed_correction","true","merged_group_description_forward_filled"
"prod:5cf43d1e-e593-4d77-b3e9-3292f16ea178","stable_uuid","5cf43d1e-e593-4d77-b3e9-3292f16ea178","ITEM-0622","LVU-MH0-010","LVU-MH0-010","true","true","true","623","true","false","true","556","555","705","true","21","1","19","p21:t1:r19:display-10","3de43338149d414f99878d3c30342504e360b94e6f2f4e053834f38ebf75d4e9","งานยกระดับคอบ่อพัก (MH) A-1 (เปลี่ยนฝา - เปลี่ยนเฟรม) 1 ฝา ระดับ +0.15 ม.","งานยกระดับคอบ่อพัก (MH) A-1 (เปลี่ยนฝา - เปลี่ยนเฟรม) 1 ฝา ระดับ +0.15 ม.","งานยกระดับคอบ่อพัก (MH) A-1 (เปลี่ยนฝา - เปลี่ยนเฟรม) 1 ฝา ระดับ +0.15 ม.","งานยกระดับคอบ่อพัก (MH) A-1 (เปลี่ยนฝา - เปลี่ยนเฟรม) 1 ฝา ระดับ +0.15 ม.","งานยกระดับคอบ่อพัก (MH) A-1 (เปลี่ยนฝา - เปลี่ยนเฟรม) 1 ฝา | ระดับ +0.15 ม.","งานยกระดับคอบ่อพัก (MH) A-1 (เปลี่ยนฝา - เปลี่ยนเฟรม) 1 ฝา | ระดับ +0.15 ม.","บ่อ","บ่อ","บ่อ","บ่อ","บ่อ","บ่อ","24938","7417","32355","24938","7724","32662","24938","7724","32662","different","equal","different","order_constrained_name_unit_source_ordinal","high","1","true","true","proposed_confirmed_correction","true","merged_group_description_forward_filled"
"prod:57801cb6-2b72-4bf9-a05f-cf06e5594e55","stable_uuid","57801cb6-2b72-4bf9-a05f-cf06e5594e55","ITEM-0623","LVU-MH0-011","LVU-MH0-011","true","true","true","624","true","false","true","557","556","706","true","21","1","20","p21:t1:r20:display-11","36c37c777b3d8501189b8d9282abf9a2fbe21c65ceed751d11cab200d2b3213f","งานยกระดับคอบ่อพัก (MH) A-1 (เปลี่ยนฝา - เปลี่ยนเฟรม) 1 ฝา ระดับ +0.20 ม.","งานยกระดับคอบ่อพัก (MH) A-1 (เปลี่ยนฝา - เปลี่ยนเฟรม) 1 ฝา ระดับ +0.20 ม.","งานยกระดับคอบ่อพัก (MH) A-1 (เปลี่ยนฝา - เปลี่ยนเฟรม) 1 ฝา ระดับ +0.20 ม.","งานยกระดับคอบ่อพัก (MH) A-1 (เปลี่ยนฝา - เปลี่ยนเฟรม) 1 ฝา ระดับ +0.20 ม.","งานยกระดับคอบ่อพัก (MH) A-1 (เปลี่ยนฝา - เปลี่ยนเฟรม) 1 ฝา | ระดับ +0.20 ม.","งานยกระดับคอบ่อพัก (MH) A-1 (เปลี่ยนฝา - เปลี่ยนเฟรม) 1 ฝา | ระดับ +0.20 ม.","บ่อ","บ่อ","บ่อ","บ่อ","บ่อ","บ่อ","26667","7782","34449","26667","8637","35304","26667","8637","35304","different","equal","different","order_constrained_name_unit_source_ordinal","high","1","true","true","proposed_confirmed_correction","true","merged_group_description_forward_filled"
"prod:ced3def1-9a2f-43a4-a4c4-5d62b8711ed2","stable_uuid","ced3def1-9a2f-43a4-a4c4-5d62b8711ed2","ITEM-0624","LVU-MH0-012","LVU-MH0-012","true","true","true","625","true","false","true","558","557","707","true","21","1","21","p21:t1:r21:display-12","ad158ebc4a9d9c7d7cc267ccf984400eb57e59f93f922d751fdf217767ea1537","งานยกระดับคอบ่อพัก (MH) A-1 (เปลี่ยนฝา - เปลี่ยนเฟรม) 1 ฝา ระดับ +0.30 ม.","งานยกระดับคอบ่อพัก (MH) A-1 (เปลี่ยนฝา - เปลี่ยนเฟรม) 1 ฝา ระดับ +0.30 ม.","งานยกระดับคอบ่อพัก (MH) A-1 (เปลี่ยนฝา - เปลี่ยนเฟรม) 1 ฝา ระดับ +0.30 ม.","งานยกระดับคอบ่อพัก (MH) A-1 (เปลี่ยนฝา - เปลี่ยนเฟรม) 1 ฝา ระดับ +0.30 ม.","งานยกระดับคอบ่อพัก (MH) A-1 (เปลี่ยนฝา - เปลี่ยนเฟรม) 1 ฝา | ระดับ +0.30 ม.","งานยกระดับคอบ่อพัก (MH) A-1 (เปลี่ยนฝา - เปลี่ยนเฟรม) 1 ฝา | ระดับ +0.30 ม.","บ่อ","บ่อ","บ่อ","บ่อ","บ่อ","บ่อ","26667","8433","35100","26667","8637","35304","26667","8637","35304","different","equal","different","order_constrained_name_unit_source_ordinal","high","1","true","true","proposed_confirmed_correction","true","merged_group_description_forward_filled"
"prod:e8d7456b-e39b-417b-8faa-e5463836c177","stable_uuid","e8d7456b-e39b-417b-8faa-e5463836c177","ITEM-0625","LVU-MH0-013","LVU-MH0-013","true","true","true","626","true","false","true","559","558","708","true","21","1","22","p21:t1:r22:display-13","f437cde9e19169ab4ae71e55a9874cff54d4da3e1cd79584042a0257713b3b39","งานยกระดับคอบ่อพัก (MH) A-1 (เปลี่ยนฝา - เปลี่ยนเฟรม) 1 ฝา ระดับ +0.40 ม.","งานยกระดับคอบ่อพัก (MH) A-1 (เปลี่ยนฝา - เปลี่ยนเฟรม) 1 ฝา ระดับ +0.40 ม.","งานยกระดับคอบ่อพัก (MH) A-1 (เปลี่ยนฝา - เปลี่ยนเฟรม) 1 ฝา ระดับ +0.40 ม.","งานยกระดับคอบ่อพัก (MH) A-1 (เปลี่ยนฝา - เปลี่ยนเฟรม) 1 ฝา ระดับ +0.40 ม.","งานยกระดับคอบ่อพัก (MH) A-1 (เปลี่ยนฝา - เปลี่ยนเฟรม) 1 ฝา | ระดับ +0.40 ม.","งานยกระดับคอบ่อพัก (MH) A-1 (เปลี่ยนฝา - เปลี่ยนเฟรม) 1 ฝา | ระดับ +0.40 ม.","บ่อ","บ่อ","บ่อ","บ่อ","บ่อ","บ่อ","27825","9124","36949","27825","9253","37078","27825","9253","37078","different","equal","different","order_constrained_name_unit_source_ordinal","high","1","true","true","proposed_confirmed_correction","true","merged_group_description_forward_filled"
"prod:51bb9762-1089-4c66-aca9-4e774531f081","stable_uuid","51bb9762-1089-4c66-aca9-4e774531f081","ITEM-0626","LVU-MH0-014","LVU-MH0-014","true","true","true","627","true","false","true","560","559","709","true","21","1","23","p21:t1:r23:display-14","7237af8f0a0fbc2a8722e763a956f4a929f7edad225775208482fdddf29f4c8a","งานยกระดับคอบ่อพัก (MH) A-1 (เปลี่ยนฝา - เปลี่ยนเฟรม) 1 ฝา ระดับ +0.50 ม.","งานยกระดับคอบ่อพัก (MH) A-1 (เปลี่ยนฝา - เปลี่ยนเฟรม) 1 ฝา ระดับ +0.50 ม.","งานยกระดับคอบ่อพัก (MH) A-1 (เปลี่ยนฝา - เปลี่ยนเฟรม) 1 ฝา ระดับ +0.50 ม.","งานยกระดับคอบ่อพัก (MH) A-1 (เปลี่ยนฝา - เปลี่ยนเฟรม) 1 ฝา ระดับ +0.50 ม.","งานยกระดับคอบ่อพัก (MH) A-1 (เปลี่ยนฝา - เปลี่ยนเฟรม) 1 ฝา | ระดับ +0.50 ม.","งานยกระดับคอบ่อพัก (MH) A-1 (เปลี่ยนฝา - เปลี่ยนเฟรม) 1 ฝา | ระดับ +0.50 ม.","บ่อ","บ่อ","บ่อ","บ่อ","บ่อ","บ่อ","28965","9775","38740","28965","9848","38813","28965","9848","38813","different","equal","different","order_constrained_name_unit_source_ordinal","high","1","true","true","proposed_confirmed_correction","true","merged_group_description_forward_filled"
"prod:57162766-1e8f-4768-8c2e-19f76c940927","stable_uuid","57162766-1e8f-4768-8c2e-19f76c940927","ITEM-0627","LVU-MH0-016","LVU-MH0-016","true","true","true","628","true","false","true","562","561","711","true","21","1","25","p21:t1:r25:display-16","31270fcb825d16bea883126ec697a02095811152aa90ca53b62b0aea0f9a9f0b","งานยกระดับคอบ่อพัก (MH) A-1 (ไม่เปลี่ยนฝา - เปลี่ยนเฟรม) 1 ฝา ระดับ +0.10 ม.","งานยกระดับคอบ่อพัก (MH) A-1 (ไม่เปลี่ยนฝา - เปลี่ยนเฟรม) 1 ฝา ระดับ +0.10 ม.","งานยกระดับคอบ่อพัก (MH) A-1 (ไม่เปลี่ยนฝา - เปลี่ยนเฟรม) 1 ฝา ระดับ +0.10 ม.","งานยกระดับคอบ่อพัก (MH) A-1 (ไม่เปลี่ยนฝา - เปลี่ยนเฟรม) 1 ฝา ระดับ +0.10 ม.","งานยกระดับคอบ่อพัก (MH) A-1 (ไม่เปลี่ยนฝา - เปลี่ยนเฟรม) 1 ฝา | ระดับ +0.10 ม.","งานยกระดับคอบ่อพัก (MH) A-1 (ไม่เปลี่ยนฝา - เปลี่ยนเฟรม) 1 ฝา | ระดับ +0.10 ม.","บ่อ","บ่อ","บ่อ","บ่อ","บ่อ","บ่อ","17569","7091","24660","17569","7427","24996","17569","7427","24996","different","equal","different","order_constrained_name_unit_source_ordinal","high","1","true","true","proposed_confirmed_correction","true","merged_group_description_forward_filled"
"prod:d404cdec-792a-4394-89fd-b5c2c51837f8","stable_uuid","d404cdec-792a-4394-89fd-b5c2c51837f8","ITEM-0628","LVU-MH0-017","LVU-MH0-017","true","true","true","629","true","false","true","563","562","712","true","21","1","26","p21:t1:r26:display-17","e63ae30d8c51f886db8384a65f926daf736b4be20b7b900ce707c9221464c94b","งานยกระดับคอบ่อพัก (MH) A-1 (ไม่เปลี่ยนฝา - เปลี่ยนเฟรม) 1 ฝา ระดับ +0.15 ม.","งานยกระดับคอบ่อพัก (MH) A-1 (ไม่เปลี่ยนฝา - เปลี่ยนเฟรม) 1 ฝา ระดับ +0.15 ม.","งานยกระดับคอบ่อพัก (MH) A-1 (ไม่เปลี่ยนฝา - เปลี่ยนเฟรม) 1 ฝา ระดับ +0.15 ม.","งานยกระดับคอบ่อพัก (MH) A-1 (ไม่เปลี่ยนฝา - เปลี่ยนเฟรม) 1 ฝา ระดับ +0.15 ม.","งานยกระดับคอบ่อพัก (MH) A-1 (ไม่เปลี่ยนฝา - เปลี่ยนเฟรม) 1 ฝา | ระดับ +0.15 ม.","งานยกระดับคอบ่อพัก (MH) A-1 (ไม่เปลี่ยนฝา - เปลี่ยนเฟรม) 1 ฝา | ระดับ +0.15 ม.","บ่อ","บ่อ","บ่อ","บ่อ","บ่อ","บ่อ","18138","7417","25555","18138","7724","25862","18138","7724","25862","different","equal","different","order_constrained_name_unit_source_ordinal","high","1","true","true","proposed_confirmed_correction","true","merged_group_description_forward_filled"
"prod:25328e10-8b31-4197-a180-cd99b2969267","stable_uuid","25328e10-8b31-4197-a180-cd99b2969267","ITEM-0629","LVU-MH0-018","LVU-MH0-018","true","true","true","630","true","false","true","564","563","713","true","21","1","27","p21:t1:r27:display-18","d26ea187dd07a6d9f4e6c824aa5bc2c12177eb90d78c8271b35a81dc47a237c1","งานยกระดับคอบ่อพัก (MH) A-1 (ไม่เปลี่ยนฝา - เปลี่ยนเฟรม) 1 ฝา ระดับ +0.20 ม.","งานยกระดับคอบ่อพัก (MH) A-1 (ไม่เปลี่ยนฝา - เปลี่ยนเฟรม) 1 ฝา ระดับ +0.20 ม.","งานยกระดับคอบ่อพัก (MH) A-1 (ไม่เปลี่ยนฝา - เปลี่ยนเฟรม) 1 ฝา ระดับ +0.20 ม.","งานยกระดับคอบ่อพัก (MH) A-1 (ไม่เปลี่ยนฝา - เปลี่ยนเฟรม) 1 ฝา ระดับ +0.20 ม.","งานยกระดับคอบ่อพัก (MH) A-1 (ไม่เปลี่ยนฝา - เปลี่ยนเฟรม) 1 ฝา | ระดับ +0.20 ม.","งานยกระดับคอบ่อพัก (MH) A-1 (ไม่เปลี่ยนฝา - เปลี่ยนเฟรม) 1 ฝา | ระดับ +0.20 ม.","บ่อ","บ่อ","บ่อ","บ่อ","บ่อ","บ่อ","18727","7782","26509","18727","8042","26769","18727","8042","26769","different","equal","different","order_constrained_name_unit_source_ordinal","high","1","true","true","proposed_confirmed_correction","true","merged_group_description_forward_filled"
"prod:4df41b83-e81b-433d-aefd-28f6616896a9","stable_uuid","4df41b83-e81b-433d-aefd-28f6616896a9","ITEM-0630","LVU-MH0-019","LVU-MH0-019","true","true","true","631","true","false","true","565","564","714","true","21","1","28","p21:t1:r28:display-19","38d0a3dfc5d5f24b5ead3296c128dfc1193c2c8790f5bc822ad6e30e410d6141","งานยกระดับคอบ่อพัก (MH) A-1 (ไม่เปลี่ยนฝา - เปลี่ยนเฟรม) 1 ฝา ระดับ +0.30 ม.","งานยกระดับคอบ่อพัก (MH) A-1 (ไม่เปลี่ยนฝา - เปลี่ยนเฟรม) 1 ฝา ระดับ +0.30 ม.","งานยกระดับคอบ่อพัก (MH) A-1 (ไม่เปลี่ยนฝา - เปลี่ยนเฟรม) 1 ฝา ระดับ +0.30 ม.","งานยกระดับคอบ่อพัก (MH) A-1 (ไม่เปลี่ยนฝา - เปลี่ยนเฟรม) 1 ฝา ระดับ +0.30 ม.","งานยกระดับคอบ่อพัก (MH) A-1 (ไม่เปลี่ยนฝา - เปลี่ยนเฟรม) 1 ฝา | ระดับ +0.30 ม.","งานยกระดับคอบ่อพัก (MH) A-1 (ไม่เปลี่ยนฝา - เปลี่ยนเฟรม) 1 ฝา | ระดับ +0.30 ม.","บ่อ","บ่อ","บ่อ","บ่อ","บ่อ","บ่อ","19867","8433","28300","19867","8637","28504","19867","8637","28504","different","equal","different","order_constrained_name_unit_source_ordinal","high","1","true","true","proposed_confirmed_correction","true","merged_group_description_forward_filled"
"prod:14327b99-850d-43c2-b973-e47a7fa68267","stable_uuid","14327b99-850d-43c2-b973-e47a7fa68267","ITEM-0631","LVU-MH0-020","LVU-MH0-020","true","true","true","632","true","false","true","566","565","715","true","21","1","29","p21:t1:r29:display-20","6149cf14b21d6b01476b36433458b87b7849cda2e50e0b4c12d0a0bf08d73a30","งานยกระดับคอบ่อพัก (MH) A-1 (ไม่เปลี่ยนฝา - เปลี่ยนเฟรม) 1 ฝา ระดับ +0.40 ม.","งานยกระดับคอบ่อพัก (MH) A-1 (ไม่เปลี่ยนฝา - เปลี่ยนเฟรม) 1 ฝา ระดับ +0.40 ม.","งานยกระดับคอบ่อพัก (MH) A-1 (ไม่เปลี่ยนฝา - เปลี่ยนเฟรม) 1 ฝา ระดับ +0.40 ม.","งานยกระดับคอบ่อพัก (MH) A-1 (ไม่เปลี่ยนฝา - เปลี่ยนเฟรม) 1 ฝา ระดับ +0.40 ม.","งานยกระดับคอบ่อพัก (MH) A-1 (ไม่เปลี่ยนฝา - เปลี่ยนเฟรม) 1 ฝา | ระดับ +0.40 ม.","งานยกระดับคอบ่อพัก (MH) A-1 (ไม่เปลี่ยนฝา - เปลี่ยนเฟรม) 1 ฝา | ระดับ +0.40 ม.","บ่อ","บ่อ","บ่อ","บ่อ","บ่อ","บ่อ","21025","9124","30149","21025","9253","30278","21025","9253","30278","different","equal","different","order_constrained_name_unit_source_ordinal","high","1","true","true","proposed_confirmed_correction","true","merged_group_description_forward_filled"
"prod:31b4051d-cecd-4ea3-a2dd-5fcb2c1b7527","stable_uuid","31b4051d-cecd-4ea3-a2dd-5fcb2c1b7527","ITEM-0632","LVU-MH0-021","LVU-MH0-021","true","true","true","633","true","false","true","567","566","716","true","21","1","30","p21:t1:r30:display-21","fcf85fafecf20852e1d1c9de338d47730d73b8309377742e3a473675b00245a1","งานยกระดับคอบ่อพัก (MH) A-1 (ไม่เปลี่ยนฝา - เปลี่ยนเฟรม) 1 ฝา ระดับ +0.50 ม.","งานยกระดับคอบ่อพัก (MH) A-1 (ไม่เปลี่ยนฝา - เปลี่ยนเฟรม) 1 ฝา ระดับ +0.50 ม.","งานยกระดับคอบ่อพัก (MH) A-1 (ไม่เปลี่ยนฝา - เปลี่ยนเฟรม) 1 ฝา ระดับ +0.50 ม.","งานยกระดับคอบ่อพัก (MH) A-1 (ไม่เปลี่ยนฝา - เปลี่ยนเฟรม) 1 ฝา ระดับ +0.50 ม.","งานยกระดับคอบ่อพัก (MH) A-1 (ไม่เปลี่ยนฝา - เปลี่ยนเฟรม) 1 ฝา | ระดับ +0.50 ม.","งานยกระดับคอบ่อพัก (MH) A-1 (ไม่เปลี่ยนฝา - เปลี่ยนเฟรม) 1 ฝา | ระดับ +0.50 ม.","บ่อ","บ่อ","บ่อ","บ่อ","บ่อ","บ่อ","22165","9775","31940","22165","9848","32013","22165","9848","32013","different","equal","different","order_constrained_name_unit_source_ordinal","high","1","true","true","proposed_confirmed_correction","true","merged_group_description_forward_filled"
"prod:bea66bd4-4092-425a-9de3-d6452cb16f61","stable_uuid","bea66bd4-4092-425a-9de3-d6452cb16f61","ITEM-0633","LVU-MH0-023","LVU-MH0-023","true","true","true","634","true","false","true","569","568","718","true","22","1","4","p22:t1:r4:display-23","7cfb2ab8c58553dce02c457ac82a2f461fd26901a755554850bd153e2e51bbff","งานยกระดับคอบ่อพัก (MH) A-1 (เปลี่ยนฝา - ไม่เปลี่ยนเฟรม) 1 ฝา ระดับ +0.10 ม.","งานยกระดับคอบ่อพัก (MH) A-1 (เปลี่ยนฝา - ไม่เปลี่ยนเฟรม) 1 ฝา ระดับ +0.10 ม.","งานยกระดับคอบ่อพัก (MH) A-1 (เปลี่ยนฝา - ไม่เปลี่ยนเฟรม) 1 ฝา ระดับ +0.10 ม.","งานยกระดับคอบ่อพัก (MH) A-1 (เปลี่ยนฝา - ไม่เปลี่ยนเฟรม) 1 ฝา ระดับ +0.10 ม.","1. งานวางท่อร้อยสายสื่อสารใต้ดิน หุ้มคอนกรีตเสริมเหล็ก (ค.ส.ล.) งานยกระดับคอบ่อพัก (MH) A-1 (เปลี่ยนฝา - ไม่เปลี่ยนเฟรม) 1 ฝา | ระดับ +0.10 ม.","1. งานวางท่อร้อยสายสื่อสารใต้ดิน หุ้มคอนกรีตเสริมเหล็ก (ค.ส.ล.) งานยกระดับคอบ่อพัก (MH) A-1 (เปลี่ยนฝา - ไม่เปลี่ยนเฟรม) 1 ฝา | ระดับ +0.10 ม.","บ่อ","บ่อ","บ่อ","บ่อ","บ่อ","บ่อ","9669","7091","16760","9669","7427","17096","9669","7427","17096","different","equal","different","order_constrained_name_unit_source_ordinal","high","0.686047","true","true","proposed_confirmed_correction","true","merged_group_description_forward_filled"
"prod:d75d9306-c167-493e-b879-7c897640c203","stable_uuid","d75d9306-c167-493e-b879-7c897640c203","ITEM-0634","LVU-MH0-024","LVU-MH0-024","true","true","true","635","true","false","true","570","569","719","true","22","1","5","p22:t1:r5:display-24","0d7acf995cf781b2ce93462f4347f1ac638d311b9d68840af2d52cc1dac80094","งานยกระดับคอบ่อพัก (MH) A-1 (เปลี่ยนฝา - ไม่เปลี่ยนเฟรม) 1 ฝา ระดับ +0.15 ม.","งานยกระดับคอบ่อพัก (MH) A-1 (เปลี่ยนฝา - ไม่เปลี่ยนเฟรม) 1 ฝา ระดับ +0.15 ม.","งานยกระดับคอบ่อพัก (MH) A-1 (เปลี่ยนฝา - ไม่เปลี่ยนเฟรม) 1 ฝา ระดับ +0.15 ม.","งานยกระดับคอบ่อพัก (MH) A-1 (เปลี่ยนฝา - ไม่เปลี่ยนเฟรม) 1 ฝา ระดับ +0.15 ม.","1. งานวางท่อร้อยสายสื่อสารใต้ดิน หุ้มคอนกรีตเสริมเหล็ก (ค.ส.ล.) งานยกระดับคอบ่อพัก (MH) A-1 (เปลี่ยนฝา - ไม่เปลี่ยนเฟรม) 1 ฝา | ระดับ +0.15 ม.","1. งานวางท่อร้อยสายสื่อสารใต้ดิน หุ้มคอนกรีตเสริมเหล็ก (ค.ส.ล.) งานยกระดับคอบ่อพัก (MH) A-1 (เปลี่ยนฝา - ไม่เปลี่ยนเฟรม) 1 ฝา | ระดับ +0.15 ม.","บ่อ","บ่อ","บ่อ","บ่อ","บ่อ","บ่อ","10238","7417","17655","10238","7724","17962","10238","7724","17962","different","equal","different","order_constrained_name_unit_source_ordinal","high","0.686047","true","true","proposed_confirmed_correction","true","merged_group_description_forward_filled"
"prod:01dac95c-620c-4e39-b4ad-0228e33b6ed9","stable_uuid","01dac95c-620c-4e39-b4ad-0228e33b6ed9","ITEM-0635","LVU-MH0-025","LVU-MH0-025","true","true","true","636","true","false","true","571","570","720","true","22","1","6","p22:t1:r6:display-25","f7717ad329c18683b32079abf761bcb335bbbb0e893653f4693cbb07e9b994d9","งานยกระดับคอบ่อพัก (MH) A-1 (เปลี่ยนฝา - ไม่เปลี่ยนเฟรม) 1 ฝา ระดับ +0.20 ม.","งานยกระดับคอบ่อพัก (MH) A-1 (เปลี่ยนฝา - ไม่เปลี่ยนเฟรม) 1 ฝา ระดับ +0.20 ม.","งานยกระดับคอบ่อพัก (MH) A-1 (เปลี่ยนฝา - ไม่เปลี่ยนเฟรม) 1 ฝา ระดับ +0.20 ม.","งานยกระดับคอบ่อพัก (MH) A-1 (เปลี่ยนฝา - ไม่เปลี่ยนเฟรม) 1 ฝา ระดับ +0.20 ม.","1. งานวางท่อร้อยสายสื่อสารใต้ดิน หุ้มคอนกรีตเสริมเหล็ก (ค.ส.ล.) งานยกระดับคอบ่อพัก (MH) A-1 (เปลี่ยนฝา - ไม่เปลี่ยนเฟรม) 1 ฝา | ระดับ +0.20 ม.","1. งานวางท่อร้อยสายสื่อสารใต้ดิน หุ้มคอนกรีตเสริมเหล็ก (ค.ส.ล.) งานยกระดับคอบ่อพัก (MH) A-1 (เปลี่ยนฝา - ไม่เปลี่ยนเฟรม) 1 ฝา | ระดับ +0.20 ม.","บ่อ","บ่อ","บ่อ","บ่อ","บ่อ","บ่อ","10827","7782","18609","10827","8042","18869","10827","8042","18869","different","equal","different","order_constrained_name_unit_source_ordinal","high","0.686047","true","true","proposed_confirmed_correction","true","merged_group_description_forward_filled"
"prod:a89a5cc9-8432-4816-8600-a0d5a145d19c","stable_uuid","a89a5cc9-8432-4816-8600-a0d5a145d19c","ITEM-0636","LVU-MH0-026","LVU-MH0-026","true","true","true","637","true","false","true","572","571","721","true","22","1","7","p22:t1:r7:display-26","ac69d40b24921690bddd9ac7c56b9f2dd7f13c1b805061dce281cf2928a930dc","งานยกระดับคอบ่อพัก (MH) A-1 (เปลี่ยนฝา - ไม่เปลี่ยนเฟรม) 1 ฝา ระดับ +0.30 ม.","งานยกระดับคอบ่อพัก (MH) A-1 (เปลี่ยนฝา - ไม่เปลี่ยนเฟรม) 1 ฝา ระดับ +0.30 ม.","งานยกระดับคอบ่อพัก (MH) A-1 (เปลี่ยนฝา - ไม่เปลี่ยนเฟรม) 1 ฝา ระดับ +0.30 ม.","งานยกระดับคอบ่อพัก (MH) A-1 (เปลี่ยนฝา - ไม่เปลี่ยนเฟรม) 1 ฝา ระดับ +0.30 ม.","1. งานวางท่อร้อยสายสื่อสารใต้ดิน หุ้มคอนกรีตเสริมเหล็ก (ค.ส.ล.) งานยกระดับคอบ่อพัก (MH) A-1 (เปลี่ยนฝา - ไม่เปลี่ยนเฟรม) 1 ฝา | ระดับ +0.30 ม.","1. งานวางท่อร้อยสายสื่อสารใต้ดิน หุ้มคอนกรีตเสริมเหล็ก (ค.ส.ล.) งานยกระดับคอบ่อพัก (MH) A-1 (เปลี่ยนฝา - ไม่เปลี่ยนเฟรม) 1 ฝา | ระดับ +0.30 ม.","บ่อ","บ่อ","บ่อ","บ่อ","บ่อ","บ่อ","11967","8433","20400","11967","8637","20604","11967","8637","20604","different","equal","different","order_constrained_name_unit_source_ordinal","high","0.686047","true","true","proposed_confirmed_correction","true","merged_group_description_forward_filled"
"prod:4bd498d4-75ee-45e8-a2fb-d47931be5a75","stable_uuid","4bd498d4-75ee-45e8-a2fb-d47931be5a75","ITEM-0637","LVU-MH0-027","LVU-MH0-027","true","true","true","638","true","false","true","573","572","722","true","22","1","8","p22:t1:r8:display-27","64ef36c0ea8548166fb62f1b631e009b90864b05354220fed90750c619a7278f","งานยกระดับคอบ่อพัก (MH) A-1 (เปลี่ยนฝา - ไม่เปลี่ยนเฟรม) 1 ฝา ระดับ +0.40 ม.","งานยกระดับคอบ่อพัก (MH) A-1 (เปลี่ยนฝา - ไม่เปลี่ยนเฟรม) 1 ฝา ระดับ +0.40 ม.","งานยกระดับคอบ่อพัก (MH) A-1 (เปลี่ยนฝา - ไม่เปลี่ยนเฟรม) 1 ฝา ระดับ +0.40 ม.","งานยกระดับคอบ่อพัก (MH) A-1 (เปลี่ยนฝา - ไม่เปลี่ยนเฟรม) 1 ฝา ระดับ +0.40 ม.","1. งานวางท่อร้อยสายสื่อสารใต้ดิน หุ้มคอนกรีตเสริมเหล็ก (ค.ส.ล.) งานยกระดับคอบ่อพัก (MH) A-1 (เปลี่ยนฝา - ไม่เปลี่ยนเฟรม) 1 ฝา | ระดับ +0.40 ม.","1. งานวางท่อร้อยสายสื่อสารใต้ดิน หุ้มคอนกรีตเสริมเหล็ก (ค.ส.ล.) งานยกระดับคอบ่อพัก (MH) A-1 (เปลี่ยนฝา - ไม่เปลี่ยนเฟรม) 1 ฝา | ระดับ +0.40 ม.","บ่อ","บ่อ","บ่อ","บ่อ","บ่อ","บ่อ","11998","9124","21122","11998","8664","20662","11998","8664","20662","different","equal","different","order_constrained_name_unit_source_ordinal","high","0.686047","true","true","proposed_confirmed_correction","true","merged_group_description_forward_filled"
"prod:95d045a0-0e56-47df-897c-7bdddc0353a2","stable_uuid","95d045a0-0e56-47df-897c-7bdddc0353a2","ITEM-0638","LVU-MH0-028","LVU-MH0-028","true","true","true","639","true","false","true","574","573","723","true","22","1","9","p22:t1:r9:display-28","eea6066dfb8058191cef8010d902a1d4477b45ea6d066d0dfceb47ac5035427a","งานยกระดับคอบ่อพัก (MH) A-1 (เปลี่ยนฝา - ไม่เปลี่ยนเฟรม) 1 ฝา ระดับ +0.50 ม.","งานยกระดับคอบ่อพัก (MH) A-1 (เปลี่ยนฝา - ไม่เปลี่ยนเฟรม) 1 ฝา ระดับ +0.50 ม.","งานยกระดับคอบ่อพัก (MH) A-1 (เปลี่ยนฝา - ไม่เปลี่ยนเฟรม) 1 ฝา ระดับ +0.50 ม.","งานยกระดับคอบ่อพัก (MH) A-1 (เปลี่ยนฝา - ไม่เปลี่ยนเฟรม) 1 ฝา ระดับ +0.50 ม.","1. งานวางท่อร้อยสายสื่อสารใต้ดิน หุ้มคอนกรีตเสริมเหล็ก (ค.ส.ล.) งานยกระดับคอบ่อพัก (MH) A-1 (เปลี่ยนฝา - ไม่เปลี่ยนเฟรม) 1 ฝา | ระดับ +0.50 ม.","1. งานวางท่อร้อยสายสื่อสารใต้ดิน หุ้มคอนกรีตเสริมเหล็ก (ค.ส.ล.) งานยกระดับคอบ่อพัก (MH) A-1 (เปลี่ยนฝา - ไม่เปลี่ยนเฟรม) 1 ฝา | ระดับ +0.50 ม.","บ่อ","บ่อ","บ่อ","บ่อ","บ่อ","บ่อ","14265","9775","24040","14265","9848","24113","14265","9848","24113","different","equal","different","order_constrained_name_unit_source_ordinal","high","0.686047","true","true","proposed_confirmed_correction","true","merged_group_description_forward_filled"
"prod:29f60c35-d452-4785-9ee2-d0e6124c2ff3","stable_uuid","29f60c35-d452-4785-9ee2-d0e6124c2ff3","ITEM-0639","LVU-MH0-030","LVU-MH0-030","true","true","true","640","true","false","true","576","575","725","true","22","1","11","p22:t1:r11:display-30","f27d0644d8a9ea91e0f2df8b7b271a7ebf2b2be39fc4a2cf8e392f3de06ff741","งานยกระดับคอบ่อพัก (MH) A-3 (ไม่เปลี่ยนฝา - ไม่เปลี่ยนเฟรม) 2 ฝา ระดับ +0.10 ม.","งานยกระดับคอบ่อพัก (MH) A-3 (ไม่เปลี่ยนฝา - ไม่เปลี่ยนเฟรม) 2 ฝา ระดับ +0.10 ม.","งานยกระดับคอบ่อพัก (MH) A-3 (ไม่เปลี่ยนฝา - ไม่เปลี่ยนเฟรม) 2 ฝา ระดับ +0.10 ม.","งานยกระดับคอบ่อพัก (MH) A-3 (ไม่เปลี่ยนฝา - ไม่เปลี่ยนเฟรม) 2 ฝา ระดับ +0.10 ม.","งานยกระดับคอบ่อพัก (MH) A-3 (ไม่เปลี่ยนฝา - ไม่เปลี่ยนเฟรม) 2 ฝา | ระดับ +0.10 ม.","งานยกระดับคอบ่อพัก (MH) A-3 (ไม่เปลี่ยนฝา - ไม่เปลี่ยนเฟรม) 2 ฝา | ระดับ +0.10 ม.","บ่อ","บ่อ","บ่อ","บ่อ","บ่อ","บ่อ","4682","14182","18864","4682","14182","18864","4682","14182","18864","equal","equal","equal","order_constrained_name_unit_source_ordinal","high","1","true","true","matched","false","merged_group_description_forward_filled"
"prod:c6c66f73-03ae-4468-994f-a836a7578b24","stable_uuid","c6c66f73-03ae-4468-994f-a836a7578b24","ITEM-0640","LVU-MH0-031","LVU-MH0-031","true","true","true","641","true","false","true","577","576","726","true","22","1","12","p22:t1:r12:display-31","1d3344a0cc34b016736f40ef155d0b539fe3e22d69fa372ed02fd21f0a7dc544","งานยกระดับคอบ่อพัก (MH) A-3 (ไม่เปลี่ยนฝา - ไม่เปลี่ยนเฟรม) 2 ฝา ระดับ +0.15 ม.","งานยกระดับคอบ่อพัก (MH) A-3 (ไม่เปลี่ยนฝา - ไม่เปลี่ยนเฟรม) 2 ฝา ระดับ +0.15 ม.","งานยกระดับคอบ่อพัก (MH) A-3 (ไม่เปลี่ยนฝา - ไม่เปลี่ยนเฟรม) 2 ฝา ระดับ +0.15 ม.","งานยกระดับคอบ่อพัก (MH) A-3 (ไม่เปลี่ยนฝา - ไม่เปลี่ยนเฟรม) 2 ฝา ระดับ +0.15 ม.","งานยกระดับคอบ่อพัก (MH) A-3 (ไม่เปลี่ยนฝา - ไม่เปลี่ยนเฟรม) 2 ฝา | ระดับ +0.15 ม.","งานยกระดับคอบ่อพัก (MH) A-3 (ไม่เปลี่ยนฝา - ไม่เปลี่ยนเฟรม) 2 ฝา | ระดับ +0.15 ม.","บ่อ","บ่อ","บ่อ","บ่อ","บ่อ","บ่อ","5372","14508","19880","5372","14508","19880","5372","14508","19880","equal","equal","equal","order_constrained_name_unit_source_ordinal","high","1","true","true","matched","false","merged_group_description_forward_filled"
"prod:a3e4622b-b244-49be-8704-2cd0fbb4229b","stable_uuid","a3e4622b-b244-49be-8704-2cd0fbb4229b","ITEM-0641","LVU-MH0-032","LVU-MH0-032","true","true","true","642","true","false","true","578","577","727","true","22","1","13","p22:t1:r13:display-32","89ddff5b2e4381986ace6d4a7c0a0c38cc76d0d770eaaaf8ed1b5c00a8edc22e","งานยกระดับคอบ่อพัก (MH) A-3 (ไม่เปลี่ยนฝา - ไม่เปลี่ยนเฟรม) 2 ฝา ระดับ +0.20 ม.","งานยกระดับคอบ่อพัก (MH) A-3 (ไม่เปลี่ยนฝา - ไม่เปลี่ยนเฟรม) 2 ฝา ระดับ +0.20 ม.","งานยกระดับคอบ่อพัก (MH) A-3 (ไม่เปลี่ยนฝา - ไม่เปลี่ยนเฟรม) 2 ฝา ระดับ +0.20 ม.","งานยกระดับคอบ่อพัก (MH) A-3 (ไม่เปลี่ยนฝา - ไม่เปลี่ยนเฟรม) 2 ฝา ระดับ +0.20 ม.","งานยกระดับคอบ่อพัก (MH) A-3 (ไม่เปลี่ยนฝา - ไม่เปลี่ยนเฟรม) 2 ฝา | ระดับ +0.20 ม.","งานยกระดับคอบ่อพัก (MH) A-3 (ไม่เปลี่ยนฝา - ไม่เปลี่ยนเฟรม) 2 ฝา | ระดับ +0.20 ม.","บ่อ","บ่อ","บ่อ","บ่อ","บ่อ","บ่อ","6100","14873","20973","6100","14873","20973","6100","14873","20973","equal","equal","equal","order_constrained_name_unit_source_ordinal","high","1","true","true","matched","false","merged_group_description_forward_filled"
"prod:bd3d9172-8149-4229-944a-2de440bf8491","stable_uuid","bd3d9172-8149-4229-944a-2de440bf8491","ITEM-0642","LVU-MH0-033","LVU-MH0-033","true","true","true","643","true","false","true","579","578","728","true","22","1","14","p22:t1:r14:display-33","75d088ff1613591a8443f3b5cf56c6bea28a6974da3f619d3ac75a816e82f657","งานยกระดับคอบ่อพัก (MH) A-3 (ไม่เปลี่ยนฝา - ไม่เปลี่ยนเฟรม) 2 ฝา ระดับ +0.30 ม.","งานยกระดับคอบ่อพัก (MH) A-3 (ไม่เปลี่ยนฝา - ไม่เปลี่ยนเฟรม) 2 ฝา ระดับ +0.30 ม.","งานยกระดับคอบ่อพัก (MH) A-3 (ไม่เปลี่ยนฝา - ไม่เปลี่ยนเฟรม) 2 ฝา ระดับ +0.30 ม.","งานยกระดับคอบ่อพัก (MH) A-3 (ไม่เปลี่ยนฝา - ไม่เปลี่ยนเฟรม) 2 ฝา ระดับ +0.30 ม.","งานยกระดับคอบ่อพัก (MH) A-3 (ไม่เปลี่ยนฝา - ไม่เปลี่ยนเฟรม) 2 ฝา | ระดับ +0.30 ม.","งานยกระดับคอบ่อพัก (MH) A-3 (ไม่เปลี่ยนฝา - ไม่เปลี่ยนเฟรม) 2 ฝา | ระดับ +0.30 ม.","บ่อ","บ่อ","บ่อ","บ่อ","บ่อ","บ่อ","7477","15524","23001","7477","15524","23001","7477","15524","23001","equal","equal","equal","order_constrained_name_unit_source_ordinal","high","1","true","true","matched","false","merged_group_description_forward_filled"
"prod:dada21c9-bfe2-4a1c-8352-c3ed8508d8f5","stable_uuid","dada21c9-bfe2-4a1c-8352-c3ed8508d8f5","ITEM-0643","LVU-MH0-034","LVU-MH0-034","true","true","true","644","true","false","true","580","579","729","true","22","1","15","p22:t1:r15:display-34","d99352198e2528f4cc0347d4211dda7a0c8811728d02a3aa027024c6d3531acf","งานยกระดับคอบ่อพัก (MH) A-3 (ไม่เปลี่ยนฝา - ไม่เปลี่ยนเฟรม) 2 ฝา ระดับ +0.40 ม.","งานยกระดับคอบ่อพัก (MH) A-3 (ไม่เปลี่ยนฝา - ไม่เปลี่ยนเฟรม) 2 ฝา ระดับ +0.40 ม.","งานยกระดับคอบ่อพัก (MH) A-3 (ไม่เปลี่ยนฝา - ไม่เปลี่ยนเฟรม) 2 ฝา ระดับ +0.40 ม.","งานยกระดับคอบ่อพัก (MH) A-3 (ไม่เปลี่ยนฝา - ไม่เปลี่ยนเฟรม) 2 ฝา ระดับ +0.40 ม.","งานยกระดับคอบ่อพัก (MH) A-3 (ไม่เปลี่ยนฝา - ไม่เปลี่ยนเฟรม) 2 ฝา | ระดับ +0.40 ม.","งานยกระดับคอบ่อพัก (MH) A-3 (ไม่เปลี่ยนฝา - ไม่เปลี่ยนเฟรม) 2 ฝา | ระดับ +0.40 ม.","บ่อ","บ่อ","บ่อ","บ่อ","บ่อ","บ่อ","8896","16215","25111","8896","16215","25111","8896","16215","25111","equal","equal","equal","order_constrained_name_unit_source_ordinal","high","1","true","true","matched","false","merged_group_description_forward_filled"
"prod:0a7306bc-dfde-400f-b084-f7bf7530932d","stable_uuid","0a7306bc-dfde-400f-b084-f7bf7530932d","ITEM-0644","LVU-MH0-035","LVU-MH0-035","true","true","true","645","true","false","true","581","580","730","true","22","1","16","p22:t1:r16:display-35","8958d2337330701fa8508846782ebf15f2368ab6ebced68942ee82fcf07283af","งานยกระดับคอบ่อพัก (MH) A-3 (ไม่เปลี่ยนฝา - ไม่เปลี่ยนเฟรม) 2 ฝา ระดับ +0.50 ม.","งานยกระดับคอบ่อพัก (MH) A-3 (ไม่เปลี่ยนฝา - ไม่เปลี่ยนเฟรม) 2 ฝา ระดับ +0.50 ม.","งานยกระดับคอบ่อพัก (MH) A-3 (ไม่เปลี่ยนฝา - ไม่เปลี่ยนเฟรม) 2 ฝา ระดับ +0.50 ม.","งานยกระดับคอบ่อพัก (MH) A-3 (ไม่เปลี่ยนฝา - ไม่เปลี่ยนเฟรม) 2 ฝา ระดับ +0.50 ม.","งานยกระดับคอบ่อพัก (MH) A-3 (ไม่เปลี่ยนฝา - ไม่เปลี่ยนเฟรม) 2 ฝา | ระดับ +0.50 ม.","งานยกระดับคอบ่อพัก (MH) A-3 (ไม่เปลี่ยนฝา - ไม่เปลี่ยนเฟรม) 2 ฝา | ระดับ +0.50 ม.","บ่อ","บ่อ","บ่อ","บ่อ","บ่อ","บ่อ","10273","16866","27139","10273","16866","27139","10273","16866","27139","equal","equal","equal","order_constrained_name_unit_source_ordinal","high","1","true","true","matched","false","merged_group_description_forward_filled"
"prod:dd345983-4e89-4d28-85e0-e59e6ba15ef4","stable_uuid","dd345983-4e89-4d28-85e0-e59e6ba15ef4","ITEM-0645","LVU-MH0-037","LVU-MH0-037","true","true","true","646","true","false","true","583","582","732","true","22","1","18","p22:t1:r18:display-37","f369c30f8462fd7dedf2e777aae4de3814060169586e426a9991b9bf82342228","งานยกระดับคอบ่อพัก (MH) A-3 (เปลี่ยนฝา - เปลี่ยนเฟรม) 2 ฝา ระดับ +0.10 ม.","งานยกระดับคอบ่อพัก (MH) A-3 (เปลี่ยนฝา - เปลี่ยนเฟรม) 2 ฝา ระดับ +0.10 ม.","งานยกระดับคอบ่อพัก (MH) A-3 (เปลี่ยนฝา - เปลี่ยนเฟรม) 2 ฝา ระดับ +0.10 ม.","งานยกระดับคอบ่อพัก (MH) A-3 (เปลี่ยนฝา - เปลี่ยนเฟรม) 2 ฝา ระดับ +0.10 ม.","งานยกระดับคอบ่อพัก (MH) A-3 (เปลี่ยนฝา - เปลี่ยนเฟรม) 2 ฝา | ระดับ +0.10 ม.","งานยกระดับคอบ่อพัก (MH) A-3 (เปลี่ยนฝา - เปลี่ยนเฟรม) 2 ฝา | ระดับ +0.10 ม.","บ่อ","บ่อ","บ่อ","บ่อ","บ่อ","บ่อ","47682","14182","61864","47682","14182","61864","47682","14182","61864","equal","equal","equal","order_constrained_name_unit_source_ordinal","high","1","true","true","matched","false","merged_group_description_forward_filled"
"prod:e1394781-1906-41a5-a11c-6be21fff2628","stable_uuid","e1394781-1906-41a5-a11c-6be21fff2628","ITEM-0646","LVU-MH0-038","LVU-MH0-038","true","true","true","647","true","false","true","584","583","733","true","22","1","19","p22:t1:r19:display-38","18341136f1b13a44a0741755376876dadc8cab6011e734dbd9b049e020814427","งานยกระดับคอบ่อพัก (MH) A-3 (เปลี่ยนฝา - เปลี่ยนเฟรม) 2 ฝา ระดับ +0.15 ม.","งานยกระดับคอบ่อพัก (MH) A-3 (เปลี่ยนฝา - เปลี่ยนเฟรม) 2 ฝา ระดับ +0.15 ม.","งานยกระดับคอบ่อพัก (MH) A-3 (เปลี่ยนฝา - เปลี่ยนเฟรม) 2 ฝา ระดับ +0.15 ม.","งานยกระดับคอบ่อพัก (MH) A-3 (เปลี่ยนฝา - เปลี่ยนเฟรม) 2 ฝา ระดับ +0.15 ม.","งานยกระดับคอบ่อพัก (MH) A-3 (เปลี่ยนฝา - เปลี่ยนเฟรม) 2 ฝา | ระดับ +0.15 ม.","งานยกระดับคอบ่อพัก (MH) A-3 (เปลี่ยนฝา - เปลี่ยนเฟรม) 2 ฝา | ระดับ +0.15 ม.","บ่อ","บ่อ","บ่อ","บ่อ","บ่อ","บ่อ","48372","14508","62880","48372","14508","62880","48372","14508","62880","equal","equal","equal","order_constrained_name_unit_source_ordinal","high","1","true","true","matched","false","merged_group_description_forward_filled"
"prod:b874dfa6-9fa8-48e6-b14a-edb622766898","stable_uuid","b874dfa6-9fa8-48e6-b14a-edb622766898","ITEM-0647","LVU-MH0-039","LVU-MH0-039","true","true","true","648","true","false","true","585","584","734","true","22","1","20","p22:t1:r20:display-39","7fd213de37813a68f3ad40ea2617e56b255569a86d757e76d1eb0c4139fc8830","งานยกระดับคอบ่อพัก (MH) A-3 (เปลี่ยนฝา - เปลี่ยนเฟรม) 2 ฝา ระดับ +0.20 ม.","งานยกระดับคอบ่อพัก (MH) A-3 (เปลี่ยนฝา - เปลี่ยนเฟรม) 2 ฝา ระดับ +0.20 ม.","งานยกระดับคอบ่อพัก (MH) A-3 (เปลี่ยนฝา - เปลี่ยนเฟรม) 2 ฝา ระดับ +0.20 ม.","งานยกระดับคอบ่อพัก (MH) A-3 (เปลี่ยนฝา - เปลี่ยนเฟรม) 2 ฝา ระดับ +0.20 ม.","งานยกระดับคอบ่อพัก (MH) A-3 (เปลี่ยนฝา - เปลี่ยนเฟรม) 2 ฝา | ระดับ +0.20 ม.","งานยกระดับคอบ่อพัก (MH) A-3 (เปลี่ยนฝา - เปลี่ยนเฟรม) 2 ฝา | ระดับ +0.20 ม.","บ่อ","บ่อ","บ่อ","บ่อ","บ่อ","บ่อ","49100","14873","63973","49100","14873","63973","49100","14873","63973","equal","equal","equal","order_constrained_name_unit_source_ordinal","high","1","true","true","matched","false","merged_group_description_forward_filled"
"prod:8faf7f0b-8c9d-44ec-beaa-1c1cda5f6ba0","stable_uuid","8faf7f0b-8c9d-44ec-beaa-1c1cda5f6ba0","ITEM-0648","LVU-MH0-040","LVU-MH0-040","true","true","true","649","true","false","true","586","585","735","true","22","1","21","p22:t1:r21:display-40","3ca97e55ab6a0511a1fb52dace72892f29fdcefbe2b15d60c9718751d85f82a0","งานยกระดับคอบ่อพัก (MH) A-3 (เปลี่ยนฝา - เปลี่ยนเฟรม) 2 ฝา ระดับ +0.30 ม.","งานยกระดับคอบ่อพัก (MH) A-3 (เปลี่ยนฝา - เปลี่ยนเฟรม) 2 ฝา ระดับ +0.30 ม.","งานยกระดับคอบ่อพัก (MH) A-3 (เปลี่ยนฝา - เปลี่ยนเฟรม) 2 ฝา ระดับ +0.30 ม.","งานยกระดับคอบ่อพัก (MH) A-3 (เปลี่ยนฝา - เปลี่ยนเฟรม) 2 ฝา ระดับ +0.30 ม.","งานยกระดับคอบ่อพัก (MH) A-3 (เปลี่ยนฝา - เปลี่ยนเฟรม) 2 ฝา | ระดับ +0.30 ม.","งานยกระดับคอบ่อพัก (MH) A-3 (เปลี่ยนฝา - เปลี่ยนเฟรม) 2 ฝา | ระดับ +0.30 ม.","บ่อ","บ่อ","บ่อ","บ่อ","บ่อ","บ่อ","50477","15524","66001","50477","15524","66001","50477","15524","66001","equal","equal","equal","order_constrained_name_unit_source_ordinal","high","1","true","true","matched","false","merged_group_description_forward_filled"
"prod:74d13535-0e02-46fd-888e-335381a464d3","stable_uuid","74d13535-0e02-46fd-888e-335381a464d3","ITEM-0649","LVU-MH0-041","LVU-MH0-041","true","true","true","650","true","false","true","587","586","736","true","22","1","22","p22:t1:r22:display-41","04c856150b406a9c7fe80fb0a4e063df606dcd7145f9dab992bea984636d2e3f","งานยกระดับคอบ่อพัก (MH) A-3 (เปลี่ยนฝา - เปลี่ยนเฟรม) 2 ฝา ระดับ +0.40 ม.","งานยกระดับคอบ่อพัก (MH) A-3 (เปลี่ยนฝา - เปลี่ยนเฟรม) 2 ฝา ระดับ +0.40 ม.","งานยกระดับคอบ่อพัก (MH) A-3 (เปลี่ยนฝา - เปลี่ยนเฟรม) 2 ฝา ระดับ +0.40 ม.","งานยกระดับคอบ่อพัก (MH) A-3 (เปลี่ยนฝา - เปลี่ยนเฟรม) 2 ฝา ระดับ +0.40 ม.","งานยกระดับคอบ่อพัก (MH) A-3 (เปลี่ยนฝา - เปลี่ยนเฟรม) 2 ฝา | ระดับ +0.40 ม.","งานยกระดับคอบ่อพัก (MH) A-3 (เปลี่ยนฝา - เปลี่ยนเฟรม) 2 ฝา | ระดับ +0.40 ม.","บ่อ","บ่อ","บ่อ","บ่อ","บ่อ","บ่อ","51896","16215","68111","51896","16215","68111","51896","16215","68111","equal","equal","equal","order_constrained_name_unit_source_ordinal","high","1","true","true","matched","false","merged_group_description_forward_filled"
"prod:1813ebea-7ec8-4ffe-a21d-5bb0dfb618b8","stable_uuid","1813ebea-7ec8-4ffe-a21d-5bb0dfb618b8","ITEM-0650","LVU-MH0-042","LVU-MH0-042","true","true","true","651","true","false","true","588","587","737","true","22","1","23","p22:t1:r23:display-42","940744bb947771554d199742e8529cb6752b6b9b6052192e19be64dcca05efc9","งานยกระดับคอบ่อพัก (MH) A-3 (เปลี่ยนฝา - เปลี่ยนเฟรม) 2 ฝา ระดับ +0.50 ม.","งานยกระดับคอบ่อพัก (MH) A-3 (เปลี่ยนฝา - เปลี่ยนเฟรม) 2 ฝา ระดับ +0.50 ม.","งานยกระดับคอบ่อพัก (MH) A-3 (เปลี่ยนฝา - เปลี่ยนเฟรม) 2 ฝา ระดับ +0.50 ม.","งานยกระดับคอบ่อพัก (MH) A-3 (เปลี่ยนฝา - เปลี่ยนเฟรม) 2 ฝา ระดับ +0.50 ม.","งานยกระดับคอบ่อพัก (MH) A-3 (เปลี่ยนฝา - เปลี่ยนเฟรม) 2 ฝา | ระดับ +0.50 ม.","งานยกระดับคอบ่อพัก (MH) A-3 (เปลี่ยนฝา - เปลี่ยนเฟรม) 2 ฝา | ระดับ +0.50 ม.","บ่อ","บ่อ","บ่อ","บ่อ","บ่อ","บ่อ","53273","16866","70139","53273","16866","70139","53273","16866","70139","equal","equal","equal","order_constrained_name_unit_source_ordinal","high","1","true","true","matched","false","merged_group_description_forward_filled"
"prod:c7f5e666-e584-4741-8fae-623f363f81f7","stable_uuid","c7f5e666-e584-4741-8fae-623f363f81f7","ITEM-0651","LVU-MH0-044","LVU-MH0-044","true","true","true","652","true","false","true","590","589","739","true","22","1","25","p22:t1:r25:display-44","89f9badf04109c86d9b97c9e414c4d993425188b63bc3656edd920a15c7b9993","งานยกระดับคอบ่อพัก (MH) A-3 (เปลี่ยนฝา - ไม่เปลี่ยนเฟรม) 2 ฝา ระดับ +0.10 ม.","งานยกระดับคอบ่อพัก (MH) A-3 (เปลี่ยนฝา - ไม่เปลี่ยนเฟรม) 2 ฝา ระดับ +0.10 ม.","งานยกระดับคอบ่อพัก (MH) A-3 (เปลี่ยนฝา - ไม่เปลี่ยนเฟรม) 2 ฝา ระดับ +0.10 ม.","งานยกระดับคอบ่อพัก (MH) A-3 (เปลี่ยนฝา - ไม่เปลี่ยนเฟรม) 2 ฝา ระดับ +0.10 ม.","งานยกระดับคอบ่อพัก (MH) A-3 (เปลี่ยนฝา - ไม่เปลี่ยนเฟรม) 2 ฝา | ระดับ +0.10 ม.","งานยกระดับคอบ่อพัก (MH) A-3 (เปลี่ยนฝา - ไม่เปลี่ยนเฟรม) 2 ฝา | ระดับ +0.10 ม.","บ่อ","บ่อ","บ่อ","บ่อ","บ่อ","บ่อ","18282","14182","32464","18282","14182","32464","18282","14182","32464","equal","equal","equal","order_constrained_name_unit_source_ordinal","high","1","true","true","matched","false","merged_group_description_forward_filled"
"prod:2194ce99-2fca-4f76-b4e8-dbe38e91269d","stable_uuid","2194ce99-2fca-4f76-b4e8-dbe38e91269d","ITEM-0652","LVU-MH0-045","LVU-MH0-045","true","true","true","653","true","false","true","591","590","740","true","22","1","26","p22:t1:r26:display-45","bd3eba709c228e7e3d41cf2426b894b3beab74b356bcd54c247e9051c155db72","งานยกระดับคอบ่อพัก (MH) A-3 (เปลี่ยนฝา - ไม่เปลี่ยนเฟรม) 2 ฝา ระดับ +0.15 ม.","งานยกระดับคอบ่อพัก (MH) A-3 (เปลี่ยนฝา - ไม่เปลี่ยนเฟรม) 2 ฝา ระดับ +0.15 ม.","งานยกระดับคอบ่อพัก (MH) A-3 (เปลี่ยนฝา - ไม่เปลี่ยนเฟรม) 2 ฝา ระดับ +0.15 ม.","งานยกระดับคอบ่อพัก (MH) A-3 (เปลี่ยนฝา - ไม่เปลี่ยนเฟรม) 2 ฝา ระดับ +0.15 ม.","งานยกระดับคอบ่อพัก (MH) A-3 (เปลี่ยนฝา - ไม่เปลี่ยนเฟรม) 2 ฝา | ระดับ +0.15 ม.","งานยกระดับคอบ่อพัก (MH) A-3 (เปลี่ยนฝา - ไม่เปลี่ยนเฟรม) 2 ฝา | ระดับ +0.15 ม.","บ่อ","บ่อ","บ่อ","บ่อ","บ่อ","บ่อ","18972","14508","33480","18972","14508","33480","18972","14508","33480","equal","equal","equal","order_constrained_name_unit_source_ordinal","high","1","true","true","matched","false","merged_group_description_forward_filled"
"prod:5fb072cc-e9ff-413b-b42d-657c1dd5dbc5","stable_uuid","5fb072cc-e9ff-413b-b42d-657c1dd5dbc5","ITEM-0653","LVU-MH0-046","LVU-MH0-046","true","true","true","654","true","false","true","592","591","741","true","22","1","27","p22:t1:r27:display-46","99becbb5020eba02f3e3e5dfd3d50e2d896e164e04160774ddfd256b60892ae8","งานยกระดับคอบ่อพัก (MH) A-3 (เปลี่ยนฝา - ไม่เปลี่ยนเฟรม) 2 ฝา ระดับ +0.20 ม.","งานยกระดับคอบ่อพัก (MH) A-3 (เปลี่ยนฝา - ไม่เปลี่ยนเฟรม) 2 ฝา ระดับ +0.20 ม.","งานยกระดับคอบ่อพัก (MH) A-3 (เปลี่ยนฝา - ไม่เปลี่ยนเฟรม) 2 ฝา ระดับ +0.20 ม.","งานยกระดับคอบ่อพัก (MH) A-3 (เปลี่ยนฝา - ไม่เปลี่ยนเฟรม) 2 ฝา ระดับ +0.20 ม.","งานยกระดับคอบ่อพัก (MH) A-3 (เปลี่ยนฝา - ไม่เปลี่ยนเฟรม) 2 ฝา | ระดับ +0.20 ม.","งานยกระดับคอบ่อพัก (MH) A-3 (เปลี่ยนฝา - ไม่เปลี่ยนเฟรม) 2 ฝา | ระดับ +0.20 ม.","บ่อ","บ่อ","บ่อ","บ่อ","บ่อ","บ่อ","19700","14873","34573","19700","14873","34573","19700","14873","34573","equal","equal","equal","order_constrained_name_unit_source_ordinal","high","1","true","true","matched","false","merged_group_description_forward_filled"
"prod:23ffebcf-50ac-47da-a8c7-4994219d537a","stable_uuid","23ffebcf-50ac-47da-a8c7-4994219d537a","ITEM-0654","LVU-MH0-047","LVU-MH0-047","true","true","true","655","true","false","true","593","592","742","true","22","1","28","p22:t1:r28:display-47","1edba760a2eeabe7ebd66ee06637d04335b1edc30d5a43989e4bc6ba1dd46352","งานยกระดับคอบ่อพัก (MH) A-3 (เปลี่ยนฝา - ไม่เปลี่ยนเฟรม) 2 ฝา ระดับ +0.30 ม.","งานยกระดับคอบ่อพัก (MH) A-3 (เปลี่ยนฝา - ไม่เปลี่ยนเฟรม) 2 ฝา ระดับ +0.30 ม.","งานยกระดับคอบ่อพัก (MH) A-3 (เปลี่ยนฝา - ไม่เปลี่ยนเฟรม) 2 ฝา ระดับ +0.30 ม.","งานยกระดับคอบ่อพัก (MH) A-3 (เปลี่ยนฝา - ไม่เปลี่ยนเฟรม) 2 ฝา ระดับ +0.30 ม.","งานยกระดับคอบ่อพัก (MH) A-3 (เปลี่ยนฝา - ไม่เปลี่ยนเฟรม) 2 ฝา | ระดับ +0.30 ม.","งานยกระดับคอบ่อพัก (MH) A-3 (เปลี่ยนฝา - ไม่เปลี่ยนเฟรม) 2 ฝา | ระดับ +0.30 ม.","บ่อ","บ่อ","บ่อ","บ่อ","บ่อ","บ่อ","21077","15524","36601","21077","15524","36601","21077","15524","36601","equal","equal","equal","order_constrained_name_unit_source_ordinal","high","1","true","true","matched","false","merged_group_description_forward_filled"
"prod:f30fc0f8-b593-44ff-a20f-d1ad97396636","stable_uuid","f30fc0f8-b593-44ff-a20f-d1ad97396636","ITEM-0655","LVU-MH0-048","LVU-MH0-048","true","true","true","656","true","false","true","594","593","743","true","22","1","29","p22:t1:r29:display-48","0750abd3a6a06b9690a1c4368df526c67844a28e08a7f26556a31ff7f2ed3bdc","งานยกระดับคอบ่อพัก (MH) A-3 (เปลี่ยนฝา - ไม่เปลี่ยนเฟรม) 2 ฝา ระดับ +0.40 ม.","งานยกระดับคอบ่อพัก (MH) A-3 (เปลี่ยนฝา - ไม่เปลี่ยนเฟรม) 2 ฝา ระดับ +0.40 ม.","งานยกระดับคอบ่อพัก (MH) A-3 (เปลี่ยนฝา - ไม่เปลี่ยนเฟรม) 2 ฝา ระดับ +0.40 ม.","งานยกระดับคอบ่อพัก (MH) A-3 (เปลี่ยนฝา - ไม่เปลี่ยนเฟรม) 2 ฝา ระดับ +0.40 ม.","งานยกระดับคอบ่อพัก (MH) A-3 (เปลี่ยนฝา - ไม่เปลี่ยนเฟรม) 2 ฝา | ระดับ +0.40 ม.","งานยกระดับคอบ่อพัก (MH) A-3 (เปลี่ยนฝา - ไม่เปลี่ยนเฟรม) 2 ฝา | ระดับ +0.40 ม.","บ่อ","บ่อ","บ่อ","บ่อ","บ่อ","บ่อ","22496","16215","38711","22496","16215","38711","22496","16215","38711","equal","equal","equal","order_constrained_name_unit_source_ordinal","high","1","true","true","matched","false","merged_group_description_forward_filled"
"prod:c7557b04-8aca-4ca3-b2a0-21934385246a","stable_uuid","c7557b04-8aca-4ca3-b2a0-21934385246a","ITEM-0656","LVU-MH0-049","LVU-MH0-049","true","true","true","657","true","false","true","595","594","744","true","22","1","30","p22:t1:r30:display-49","4fde5e3210394074fb6f8a734bc7d705ec7dd579dd7a813e86ea5b8d09fa49a1","งานยกระดับคอบ่อพัก (MH) A-3 (เปลี่ยนฝา - ไม่เปลี่ยนเฟรม) 2 ฝา ระดับ +0.50 ม.","งานยกระดับคอบ่อพัก (MH) A-3 (เปลี่ยนฝา - ไม่เปลี่ยนเฟรม) 2 ฝา ระดับ +0.50 ม.","งานยกระดับคอบ่อพัก (MH) A-3 (เปลี่ยนฝา - ไม่เปลี่ยนเฟรม) 2 ฝา ระดับ +0.50 ม.","งานยกระดับคอบ่อพัก (MH) A-3 (เปลี่ยนฝา - ไม่เปลี่ยนเฟรม) 2 ฝา ระดับ +0.50 ม.","งานยกระดับคอบ่อพัก (MH) A-3 (เปลี่ยนฝา - ไม่เปลี่ยนเฟรม) 2 ฝา | ระดับ +0.50 ม.","งานยกระดับคอบ่อพัก (MH) A-3 (เปลี่ยนฝา - ไม่เปลี่ยนเฟรม) 2 ฝา | ระดับ +0.50 ม.","บ่อ","บ่อ","บ่อ","บ่อ","บ่อ","บ่อ","23873","16866","40739","23873","16866","40739","23873","16866","40739","equal","equal","equal","order_constrained_name_unit_source_ordinal","high","1","true","true","matched","false","merged_group_description_forward_filled"
"prod:ca2142c5-0c9e-473b-93b6-89b389fcc558","stable_uuid","ca2142c5-0c9e-473b-93b6-89b389fcc558","ITEM-0657","LVU-MH0-051","LVU-MH0-051","true","true","true","658","true","false","true","597","596","746","true","23","1","4","p23:t1:r4:display-51","3994eaeb680acd69ce09933da011ca5eab37b73e52e48c2b716a849ca97d7846","งานยกระดับคอบ่อพัก (MH) A-3 (ไม่เปลี่ยนฝา - เปลี่ยนเฟรม) 2 ฝา ระดับ +0.10 ม.","งานยกระดับคอบ่อพัก (MH) A-3 (ไม่เปลี่ยนฝา - เปลี่ยนเฟรม) 2 ฝา ระดับ +0.10 ม.","งานยกระดับคอบ่อพัก (MH) A-3 (ไม่เปลี่ยนฝา - เปลี่ยนเฟรม) 2 ฝา ระดับ +0.10 ม.","งานยกระดับคอบ่อพัก (MH) A-3 (ไม่เปลี่ยนฝา - เปลี่ยนเฟรม) 2 ฝา ระดับ +0.10 ม.","1. งานวางท่อร้อยสายสื่อสารใต้ดิน หุ้มคอนกรีตเสริมเหล็ก (ค.ส.ล.) งานยกระดับคอบ่อพัก (MH) A-3 (ไม่เปลี่ยนฝา - เปลี่ยนเฟรม) 2 ฝา | ระดับ +0.10 ม.","1. งานวางท่อร้อยสายสื่อสารใต้ดิน หุ้มคอนกรีตเสริมเหล็ก (ค.ส.ล.) งานยกระดับคอบ่อพัก (MH) A-3 (ไม่เปลี่ยนฝา - เปลี่ยนเฟรม) 2 ฝา | ระดับ +0.10 ม.","บ่อ","บ่อ","บ่อ","บ่อ","บ่อ","บ่อ","34082","14182","48264","34082","14182","48264","34082","14182","48264","equal","equal","equal","order_constrained_name_unit_source_ordinal","high","0.686047","true","true","matched","false","merged_group_description_forward_filled"
"prod:14c9560b-2a6e-4bc4-9446-3211b7962cc5","stable_uuid","14c9560b-2a6e-4bc4-9446-3211b7962cc5","ITEM-0658","LVU-MH0-052","LVU-MH0-052","true","true","true","659","true","false","true","598","597","747","true","23","1","5","p23:t1:r5:display-52","7443306aa7c9511a97c51fd8cf974900ff23fb13069668027cc923c461552e30","งานยกระดับคอบ่อพัก (MH) A-3 (ไม่เปลี่ยนฝา - เปลี่ยนเฟรม) 2 ฝา ระดับ +0.15 ม.","งานยกระดับคอบ่อพัก (MH) A-3 (ไม่เปลี่ยนฝา - เปลี่ยนเฟรม) 2 ฝา ระดับ +0.15 ม.","งานยกระดับคอบ่อพัก (MH) A-3 (ไม่เปลี่ยนฝา - เปลี่ยนเฟรม) 2 ฝา ระดับ +0.15 ม.","งานยกระดับคอบ่อพัก (MH) A-3 (ไม่เปลี่ยนฝา - เปลี่ยนเฟรม) 2 ฝา ระดับ +0.15 ม.","1. งานวางท่อร้อยสายสื่อสารใต้ดิน หุ้มคอนกรีตเสริมเหล็ก (ค.ส.ล.) งานยกระดับคอบ่อพัก (MH) A-3 (ไม่เปลี่ยนฝา - เปลี่ยนเฟรม) 2 ฝา | ระดับ +0.15 ม.","1. งานวางท่อร้อยสายสื่อสารใต้ดิน หุ้มคอนกรีตเสริมเหล็ก (ค.ส.ล.) งานยกระดับคอบ่อพัก (MH) A-3 (ไม่เปลี่ยนฝา - เปลี่ยนเฟรม) 2 ฝา | ระดับ +0.15 ม.","บ่อ","บ่อ","บ่อ","บ่อ","บ่อ","บ่อ","34772","14508","49280","34772","14508","49280","34772","14508","49280","equal","equal","equal","order_constrained_name_unit_source_ordinal","high","0.686047","true","true","matched","false","merged_group_description_forward_filled"
"prod:54b048b8-caf4-4fa3-880b-d06971205b6b","stable_uuid","54b048b8-caf4-4fa3-880b-d06971205b6b","ITEM-0659","LVU-MH0-053","LVU-MH0-053","true","true","true","660","true","false","true","599","598","748","true","23","1","6","p23:t1:r6:display-53","31bfba9325bd4222806a03627d181de754f174399bc1c4c7852cb5a8ea701801","งานยกระดับคอบ่อพัก (MH) A-3 (ไม่เปลี่ยนฝา - เปลี่ยนเฟรม) 2 ฝา ระดับ +0.20 ม.","งานยกระดับคอบ่อพัก (MH) A-3 (ไม่เปลี่ยนฝา - เปลี่ยนเฟรม) 2 ฝา ระดับ +0.20 ม.","งานยกระดับคอบ่อพัก (MH) A-3 (ไม่เปลี่ยนฝา - เปลี่ยนเฟรม) 2 ฝา ระดับ +0.20 ม.","งานยกระดับคอบ่อพัก (MH) A-3 (ไม่เปลี่ยนฝา - เปลี่ยนเฟรม) 2 ฝา ระดับ +0.20 ม.","1. งานวางท่อร้อยสายสื่อสารใต้ดิน หุ้มคอนกรีตเสริมเหล็ก (ค.ส.ล.) งานยกระดับคอบ่อพัก (MH) A-3 (ไม่เปลี่ยนฝา - เปลี่ยนเฟรม) 2 ฝา | ระดับ +0.20 ม.","1. งานวางท่อร้อยสายสื่อสารใต้ดิน หุ้มคอนกรีตเสริมเหล็ก (ค.ส.ล.) งานยกระดับคอบ่อพัก (MH) A-3 (ไม่เปลี่ยนฝา - เปลี่ยนเฟรม) 2 ฝา | ระดับ +0.20 ม.","บ่อ","บ่อ","บ่อ","บ่อ","บ่อ","บ่อ","35500","14873","50373","35500","14873","50373","35500","14873","50373","equal","equal","equal","order_constrained_name_unit_source_ordinal","high","0.686047","true","true","matched","false","merged_group_description_forward_filled"
"prod:baf8b579-87f2-45a0-a1fa-f21e199af9b9","stable_uuid","baf8b579-87f2-45a0-a1fa-f21e199af9b9","ITEM-0660","LVU-MH0-054","LVU-MH0-054","true","true","true","661","true","false","true","600","599","749","true","23","1","7","p23:t1:r7:display-54","29f9801393b17ab750b271b3a98c19ca6edc0f9873e7828e5e493555ddfb1753","งานยกระดับคอบ่อพัก (MH) A-3 (ไม่เปลี่ยนฝา - เปลี่ยนเฟรม) 2 ฝา ระดับ +0.30 ม.","งานยกระดับคอบ่อพัก (MH) A-3 (ไม่เปลี่ยนฝา - เปลี่ยนเฟรม) 2 ฝา ระดับ +0.30 ม.","งานยกระดับคอบ่อพัก (MH) A-3 (ไม่เปลี่ยนฝา - เปลี่ยนเฟรม) 2 ฝา ระดับ +0.30 ม.","งานยกระดับคอบ่อพัก (MH) A-3 (ไม่เปลี่ยนฝา - เปลี่ยนเฟรม) 2 ฝา ระดับ +0.30 ม.","1. งานวางท่อร้อยสายสื่อสารใต้ดิน หุ้มคอนกรีตเสริมเหล็ก (ค.ส.ล.) งานยกระดับคอบ่อพัก (MH) A-3 (ไม่เปลี่ยนฝา - เปลี่ยนเฟรม) 2 ฝา | ระดับ +0.30 ม.","1. งานวางท่อร้อยสายสื่อสารใต้ดิน หุ้มคอนกรีตเสริมเหล็ก (ค.ส.ล.) งานยกระดับคอบ่อพัก (MH) A-3 (ไม่เปลี่ยนฝา - เปลี่ยนเฟรม) 2 ฝา | ระดับ +0.30 ม.","บ่อ","บ่อ","บ่อ","บ่อ","บ่อ","บ่อ","36877","15524","52401","36877","15524","52401","36877","15524","52401","equal","equal","equal","order_constrained_name_unit_source_ordinal","high","0.686047","true","true","matched","false","merged_group_description_forward_filled"
"prod:a701efdb-f1cc-4f7d-aff9-8282cbb88614","stable_uuid","a701efdb-f1cc-4f7d-aff9-8282cbb88614","ITEM-0661","LVU-MH0-055","LVU-MH0-055","true","true","true","662","true","false","true","601","600","750","true","23","1","8","p23:t1:r8:display-55","e36cfd71be4dfca605250bfb983c820f1191813f6092ac9d01387969abc62167","งานยกระดับคอบ่อพัก (MH) A-3 (ไม่เปลี่ยนฝา - เปลี่ยนเฟรม) 2 ฝา ระดับ +0.40 ม.","งานยกระดับคอบ่อพัก (MH) A-3 (ไม่เปลี่ยนฝา - เปลี่ยนเฟรม) 2 ฝา ระดับ +0.40 ม.","งานยกระดับคอบ่อพัก (MH) A-3 (ไม่เปลี่ยนฝา - เปลี่ยนเฟรม) 2 ฝา ระดับ +0.40 ม.","งานยกระดับคอบ่อพัก (MH) A-3 (ไม่เปลี่ยนฝา - เปลี่ยนเฟรม) 2 ฝา ระดับ +0.40 ม.","1. งานวางท่อร้อยสายสื่อสารใต้ดิน หุ้มคอนกรีตเสริมเหล็ก (ค.ส.ล.) งานยกระดับคอบ่อพัก (MH) A-3 (ไม่เปลี่ยนฝา - เปลี่ยนเฟรม) 2 ฝา | ระดับ +0.40 ม.","1. งานวางท่อร้อยสายสื่อสารใต้ดิน หุ้มคอนกรีตเสริมเหล็ก (ค.ส.ล.) งานยกระดับคอบ่อพัก (MH) A-3 (ไม่เปลี่ยนฝา - เปลี่ยนเฟรม) 2 ฝา | ระดับ +0.40 ม.","บ่อ","บ่อ","บ่อ","บ่อ","บ่อ","บ่อ","38296","16215","54511","38296","16215","54511","38296","16215","54511","equal","equal","equal","order_constrained_name_unit_source_ordinal","high","0.686047","true","true","matched","false","merged_group_description_forward_filled"
"prod:3556955a-16dd-4a02-a3d3-44a07fa00f9f","stable_uuid","3556955a-16dd-4a02-a3d3-44a07fa00f9f","ITEM-0662","LVU-MH0-056","LVU-MH0-056","true","true","true","663","true","false","true","602","601","751","true","23","1","9","p23:t1:r9:display-56","1a07899ef6e805128a9d83a70b44ef174f0d8fb03b0ff73366b8c90933efcffe","งานยกระดับคอบ่อพัก (MH) A-3 (ไม่เปลี่ยนฝา - เปลี่ยนเฟรม) 2 ฝา ระดับ +0.50 ม.","งานยกระดับคอบ่อพัก (MH) A-3 (ไม่เปลี่ยนฝา - เปลี่ยนเฟรม) 2 ฝา ระดับ +0.50 ม.","งานยกระดับคอบ่อพัก (MH) A-3 (ไม่เปลี่ยนฝา - เปลี่ยนเฟรม) 2 ฝา ระดับ +0.50 ม.","งานยกระดับคอบ่อพัก (MH) A-3 (ไม่เปลี่ยนฝา - เปลี่ยนเฟรม) 2 ฝา ระดับ +0.50 ม.","1. งานวางท่อร้อยสายสื่อสารใต้ดิน หุ้มคอนกรีตเสริมเหล็ก (ค.ส.ล.) งานยกระดับคอบ่อพัก (MH) A-3 (ไม่เปลี่ยนฝา - เปลี่ยนเฟรม) 2 ฝา | ระดับ +0.50 ม.","1. งานวางท่อร้อยสายสื่อสารใต้ดิน หุ้มคอนกรีตเสริมเหล็ก (ค.ส.ล.) งานยกระดับคอบ่อพัก (MH) A-3 (ไม่เปลี่ยนฝา - เปลี่ยนเฟรม) 2 ฝา | ระดับ +0.50 ม.","บ่อ","บ่อ","บ่อ","บ่อ","บ่อ","บ่อ","39673","16866","56539","39673","16866","56539","39673","16866","56539","equal","equal","equal","order_constrained_name_unit_source_ordinal","high","0.686047","true","true","matched","false","merged_group_description_forward_filled"
"prod:00699698-f707-4f10-a300-3166178a147a","stable_uuid","00699698-f707-4f10-a300-3166178a147a","ITEM-0663","CIS-H08-001","CIS-H08-001","true","true","true","664","true","false","true","93","92","159","false","","","","","","งานวางท่อ 1-Ø63 มม. HDPE PE80 PN8 กลบทราย","งานวางท่อ 1-Ø63 มม. HDPE PE80 PN8 กลบทราย","งานวางท่อ 1-Ø63 มม. HDPE PE80 PN8 กลบทราย","งานวางท่อ 1-Ø63 มม. HDPE PE80 PN8 กลบทราย","","","ม.","ม.","ม.","ม.","","","386","212","598","386","212","598","","","","equal","not_comparable","not_comparable","stable_uuid_authority","high","","","","source_version_difference","true","no_filed_pdf_row"
"prod:d74fda19-2084-4aaa-83be-a0806dec1108","stable_uuid","d74fda19-2084-4aaa-83be-a0806dec1108","ITEM-0664","CIS-H08-002","CIS-H08-002","true","true","true","665","true","false","true","94","93","160","false","","","","","","งานวางท่อ 2-Ø63 มม. HDPE PE80 PN8 กลบทราย","งานวางท่อ 2-Ø63 มม. HDPE PE80 PN8 กลบทราย","งานวางท่อ 2-Ø63 มม. HDPE PE80 PN8 กลบทราย","งานวางท่อ 2-Ø63 มม. HDPE PE80 PN8 กลบทราย","","","ม.","ม.","ม.","ม.","","","505","240","745","505","240","745","","","","equal","not_comparable","not_comparable","stable_uuid_authority","high","","","","source_version_difference","true","no_filed_pdf_row"
"prod:1a1efc3d-3c60-4e00-8831-fca0a010bc22","stable_uuid","1a1efc3d-3c60-4e00-8831-fca0a010bc22","ITEM-0665","CIS-H08-003","CIS-H08-003","true","true","true","666","true","false","true","95","94","161","false","","","","","","งานวางท่อ 3-Ø63 มม. HDPE PE80 PN8 กลบทราย","งานวางท่อ 3-Ø63 มม. HDPE PE80 PN8 กลบทราย","งานวางท่อ 3-Ø63 มม. HDPE PE80 PN8 กลบทราย","งานวางท่อ 3-Ø63 มม. HDPE PE80 PN8 กลบทราย","","","ม.","ม.","ม.","ม.","","","623","270","893","623","270","893","","","","equal","not_comparable","not_comparable","stable_uuid_authority","high","","","","source_version_difference","true","no_filed_pdf_row"
"prod:647aaa48-114a-421a-af12-4e57d31c5c4d","stable_uuid","647aaa48-114a-421a-af12-4e57d31c5c4d","ITEM-0666","CIS-H08-004","CIS-H08-004","true","true","true","667","true","false","true","96","95","162","false","","","","","","งานวางท่อ 4-Ø63 มม. HDPE PE80 PN8 กลบทราย","งานวางท่อ 4-Ø63 มม. HDPE PE80 PN8 กลบทราย","งานวางท่อ 4-Ø63 มม. HDPE PE80 PN8 กลบทราย","งานวางท่อ 4-Ø63 มม. HDPE PE80 PN8 กลบทราย","","","ม.","ม.","ม.","ม.","","","1223","647","1870","1223","647","1870","","","","equal","not_comparable","not_comparable","stable_uuid_authority","high","","","","source_version_difference","true","no_filed_pdf_row"
"prod:7c62facd-31b9-4a00-8ff5-87a296bcf387","stable_uuid","7c62facd-31b9-4a00-8ff5-87a296bcf387","ITEM-0667","CIS-H08-005","CIS-H08-005","true","true","true","668","true","false","true","97","96","163","false","","","","","","งานวางท่อ 6-Ø63 มม. HDPE PE80 PN8 กลบทราย","งานวางท่อ 6-Ø63 มม. HDPE PE80 PN8 กลบทราย","งานวางท่อ 6-Ø63 มม. HDPE PE80 PN8 กลบทราย","งานวางท่อ 6-Ø63 มม. HDPE PE80 PN8 กลบทราย","","","ม.","ม.","ม.","ม.","","","1450","702","2152","1450","702","2152","","","","equal","not_comparable","not_comparable","stable_uuid_authority","high","","","","source_version_difference","true","no_filed_pdf_row"
"prod:8e737e89-fba3-4968-80cb-c7bb83c9f3c0","stable_uuid","8e737e89-fba3-4968-80cb-c7bb83c9f3c0","ITEM-0668","CIS-H08-006","CIS-H08-006","true","true","true","669","true","false","true","98","97","164","false","","","","","","งานวางท่อ 12-Ø63 มม. HDPE PE80 PN8 กลบทราย","งานวางท่อ 12-Ø63 มม. HDPE PE80 PN8 กลบทราย","งานวางท่อ 12-Ø63 มม. HDPE PE80 PN8 กลบทราย","งานวางท่อ 12-Ø63 มม. HDPE PE80 PN8 กลบทราย","","","ม.","ม.","ม.","ม.","","","2150","868","3018","2150","868","3018","","","","equal","not_comparable","not_comparable","stable_uuid_authority","high","","","","source_version_difference","true","no_filed_pdf_row"
"prod:510a8b70-29ec-4eb2-935f-8e04fa6fb4be","stable_uuid","510a8b70-29ec-4eb2-935f-8e04fa6fb4be","ITEM-0669","CIS-H08-007","CIS-H08-007","true","true","true","670","true","false","true","99","98","165","false","","","","","","งานวางท่อ 1-Ø110 มม. HDPE PE80 PN8 กลบทราย","งานวางท่อ 1-Ø110 มม. HDPE PE80 PN8 กลบทราย","งานวางท่อ 1-Ø110 มม. HDPE PE80 PN8 กลบทราย","งานวางท่อ 1-Ø110 มม. HDPE PE80 PN8 กลบทราย","","","ม.","ม.","ม.","ม.","","","607","221","828","607","221","828","","","","equal","not_comparable","not_comparable","stable_uuid_authority","high","","","","source_version_difference","true","no_filed_pdf_row"
"prod:00ac9320-30b2-4ef7-80b2-672c681eb592","stable_uuid","00ac9320-30b2-4ef7-80b2-672c681eb592","ITEM-0670","CIS-H08-008","CIS-H08-008","true","true","true","671","true","false","true","100","99","166","false","","","","","","งานวางท่อ 2-Ø110 มม. HDPE PE80 PN8 กลบทราย","งานวางท่อ 2-Ø110 มม. HDPE PE80 PN8 กลบทราย","งานวางท่อ 2-Ø110 มม. HDPE PE80 PN8 กลบทราย","งานวางท่อ 2-Ø110 มม. HDPE PE80 PN8 กลบทราย","","","ม.","ม.","ม.","ม.","","","947","258","1205","947","258","1205","","","","equal","not_comparable","not_comparable","stable_uuid_authority","high","","","","source_version_difference","true","no_filed_pdf_row"
"prod:9beb3f08-3ddd-40f9-aa7a-fbd9e367e140","stable_uuid","9beb3f08-3ddd-40f9-aa7a-fbd9e367e140","ITEM-0671","CIS-H08-009","CIS-H08-009","true","true","true","672","true","false","true","101","100","167","false","","","","","","งานวางท่อ 3-Ø110 มม. HDPE PE80 PN8 กลบทราย","งานวางท่อ 3-Ø110 มม. HDPE PE80 PN8 กลบทราย","งานวางท่อ 3-Ø110 มม. HDPE PE80 PN8 กลบทราย","งานวางท่อ 3-Ø110 มม. HDPE PE80 PN8 กลบทราย","","","ม.","ม.","ม.","ม.","","","1286","297","1583","1286","297","1583","","","","equal","not_comparable","not_comparable","stable_uuid_authority","high","","","","source_version_difference","true","no_filed_pdf_row"
"prod:f228140c-2a74-4468-8fe8-d59b230834d8","stable_uuid","f228140c-2a74-4468-8fe8-d59b230834d8","ITEM-0672","CIS-H08-010","CIS-H08-010","true","true","true","673","true","false","true","102","101","168","false","","","","","","งานวางท่อ 4-Ø110 มม. HDPE PE80 PN8 กลบทราย","งานวางท่อ 4-Ø110 มม. HDPE PE80 PN8 กลบทราย","งานวางท่อ 4-Ø110 มม. HDPE PE80 PN8 กลบทราย","งานวางท่อ 4-Ø110 มม. HDPE PE80 PN8 กลบทราย","","","ม.","ม.","ม.","ม.","","","2107","683","2790","2107","683","2790","","","","equal","not_comparable","not_comparable","stable_uuid_authority","high","","","","source_version_difference","true","no_filed_pdf_row"
"prod:bf771873-3e08-41a0-8c14-a12fcc34e2b8","stable_uuid","bf771873-3e08-41a0-8c14-a12fcc34e2b8","ITEM-0673","CIS-H08-011","CIS-H08-011","true","true","true","674","true","false","true","103","102","169","false","","","","","","งานวางท่อ 6-Ø110 มม. HDPE PE80 PN8 กลบทราย","งานวางท่อ 6-Ø110 มม. HDPE PE80 PN8 กลบทราย","งานวางท่อ 6-Ø110 มม. HDPE PE80 PN8 กลบทราย","งานวางท่อ 6-Ø110 มม. HDPE PE80 PN8 กลบทราย","","","ม.","ม.","ม.","ม.","","","2776","756","3532","2776","756","3532","","","","equal","not_comparable","not_comparable","stable_uuid_authority","high","","","","source_version_difference","true","no_filed_pdf_row"
"prod:38bdaece-6e5b-47d6-8bf0-a52574456c16","stable_uuid","38bdaece-6e5b-47d6-8bf0-a52574456c16","ITEM-0674","CIS-H08-012","CIS-H08-012","true","true","true","675","true","false","true","104","103","170","false","","","","","","งานวางท่อ 12-Ø110 มม. HDPE PE80 PN8 กลบทราย","งานวางท่อ 12-Ø110 มม. HDPE PE80 PN8 กลบทราย","งานวางท่อ 12-Ø110 มม. HDPE PE80 PN8 กลบทราย","งานวางท่อ 12-Ø110 มม. HDPE PE80 PN8 กลบทราย","","","ม.","ม.","ม.","ม.","","","4802","976","5778","4802","976","5778","","","","equal","not_comparable","not_comparable","stable_uuid_authority","high","","","","source_version_difference","true","no_filed_pdf_row"
"prod:45efb19a-5cd5-4393-9694-aa1b7a3cfed3","stable_uuid","45efb19a-5cd5-4393-9694-aa1b7a3cfed3","ITEM-0675","CIS-H08-013","CIS-H08-013","true","true","true","676","true","false","true","105","104","171","false","","","","","","งานวางท่อ 1-Ø125 มม. HDPE PE80 PN8 กลบทราย","งานวางท่อ 1-Ø125 มม. HDPE PE80 PN8 กลบทราย","งานวางท่อ 1-Ø125 มม. HDPE PE80 PN8 กลบทราย","งานวางท่อ 1-Ø125 มม. HDPE PE80 PN8 กลบทราย","","","ม.","ม.","ม.","ม.","","","1194","576","1770","1194","576","1770","","","","equal","not_comparable","not_comparable","stable_uuid_authority","high","","","","source_version_difference","true","no_filed_pdf_row"
"prod:98d4749b-a5b4-4733-8762-f1b2dfd842c1","stable_uuid","98d4749b-a5b4-4733-8762-f1b2dfd842c1","ITEM-0676","CIS-H08-014","CIS-H08-014","true","true","true","677","true","false","true","106","105","172","false","","","","","","งานวางท่อ 2-Ø125 มม. HDPE PE80 PN8 กลบทราย","งานวางท่อ 2-Ø125 มม. HDPE PE80 PN8 กลบทราย","งานวางท่อ 2-Ø125 มม. HDPE PE80 PN8 กลบทราย","งานวางท่อ 2-Ø125 มม. HDPE PE80 PN8 กลบทราย","","","ม.","ม.","ม.","ม.","","","1631","616","2247","1631","616","2247","","","","equal","not_comparable","not_comparable","stable_uuid_authority","high","","","","source_version_difference","true","no_filed_pdf_row"
"prod:f8b91c82-7819-4979-beee-2fcd34a4a3ec","stable_uuid","f8b91c82-7819-4979-beee-2fcd34a4a3ec","ITEM-0677","CIS-H08-015","CIS-H08-015","true","true","true","678","true","false","true","107","106","173","false","","","","","","งานวางท่อ 4-Ø125 มม. HDPE PE80 PN8 กลบทราย","งานวางท่อ 4-Ø125 มม. HDPE PE80 PN8 กลบทราย","งานวางท่อ 4-Ø125 มม. HDPE PE80 PN8 กลบทราย","งานวางท่อ 4-Ø125 มม. HDPE PE80 PN8 กลบทราย","","","ม.","ม.","ม.","ม.","","","2483","695","3178","2483","695","3178","","","","equal","not_comparable","not_comparable","stable_uuid_authority","high","","","","source_version_difference","true","no_filed_pdf_row"
"prod:376bd8e8-9a48-47fc-abcd-da36348fce9c","stable_uuid","376bd8e8-9a48-47fc-abcd-da36348fce9c","ITEM-0678","CIS-H08-016","CIS-H08-016","true","true","true","679","true","false","true","108","107","174","false","","","","","","งานวางท่อ 6-Ø125 มม. HDPE PE80 PN8 กลบทราย","งานวางท่อ 6-Ø125 มม. HDPE PE80 PN8 กลบทราย","งานวางท่อ 6-Ø125 มม. HDPE PE80 PN8 กลบทราย","งานวางท่อ 6-Ø125 มม. HDPE PE80 PN8 กลบทราย","","","ม.","ม.","ม.","ม.","","","3712","1042","4754","3712","1042","4754","","","","equal","not_comparable","not_comparable","stable_uuid_authority","high","","","","source_version_difference","true","no_filed_pdf_row"
"prod:c0f5e1be-8531-4f6a-9ad8-59a36bd12ef6","stable_uuid","c0f5e1be-8531-4f6a-9ad8-59a36bd12ef6","ITEM-0679","CIS-H08-017","CIS-H08-017","true","true","true","680","true","false","true","109","108","175","false","","","","","","งานวางท่อ 12-Ø125 มม. HDPE PE80 PN8 กลบทราย","งานวางท่อ 12-Ø125 มม. HDPE PE80 PN8 กลบทราย","งานวางท่อ 12-Ø125 มม. HDPE PE80 PN8 กลบทราย","งานวางท่อ 12-Ø125 มม. HDPE PE80 PN8 กลบทราย","","","ม.","ม.","ม.","ม.","","","6304","1281","7585","6304","1281","7585","","","","equal","not_comparable","not_comparable","stable_uuid_authority","high","","","","source_version_difference","true","no_filed_pdf_row"
"prod:51e4f091-d9c8-4b07-bf59-d112f8e7ee8e","stable_uuid","51e4f091-d9c8-4b07-bf59-d112f8e7ee8e","ITEM-0680","CIS-H08-018","CIS-H08-018","true","true","true","681","true","false","true","110","109","176","false","","","","","","งานวางท่อ 24-Ø125 มม. HDPE PE80 PN8 กลบทราย","งานวางท่อ 24-Ø125 มม. HDPE PE80 PN8 กลบทราย","งานวางท่อ 24-Ø125 มม. HDPE PE80 PN8 กลบทราย","งานวางท่อ 24-Ø125 มม. HDPE PE80 PN8 กลบทราย","","","ม.","ม.","ม.","ม.","","","10981","1464","12445","10981","1464","12445","","","","equal","not_comparable","not_comparable","stable_uuid_authority","high","","","","source_version_difference","true","no_filed_pdf_row"
"prod:5f671233-8467-4b67-b309-9f68f213c51f","stable_uuid","5f671233-8467-4b67-b309-9f68f213c51f","ITEM-0681","CIS-H08-019","CIS-H08-019","true","true","true","682","true","false","true","111","110","177","false","","","","","","งานวางท่อ 2-Ø140 มม. HDPE PE80 PN8 กลบทราย","งานวางท่อ 2-Ø140 มม. HDPE PE80 PN8 กลบทราย","งานวางท่อ 2-Ø140 มม. HDPE PE80 PN8 กลบทราย","งานวางท่อ 2-Ø140 มม. HDPE PE80 PN8 กลบทราย","","","ม.","ม.","ม.","ม.","","","1825","625","2450","1825","625","2450","","","","equal","not_comparable","not_comparable","stable_uuid_authority","high","","","","source_version_difference","true","no_filed_pdf_row"
"prod:7d223aa8-0774-4f4b-9f8a-f01192d9fa6e","stable_uuid","7d223aa8-0774-4f4b-9f8a-f01192d9fa6e","ITEM-0682","CIS-H08-020","CIS-H08-020","true","true","true","683","true","false","true","112","111","178","false","","","","","","งานวางท่อ 4-Ø140 มม. HDPE PE80 PN8 กลบทราย","งานวางท่อ 4-Ø140 มม. HDPE PE80 PN8 กลบทราย","งานวางท่อ 4-Ø140 มม. HDPE PE80 PN8 กลบทราย","งานวางท่อ 4-Ø140 มม. HDPE PE80 PN8 กลบทราย","","","ม.","ม.","ม.","ม.","","","2917","719","3636","2917","719","3636","","","","equal","not_comparable","not_comparable","stable_uuid_authority","high","","","","source_version_difference","true","no_filed_pdf_row"
"prod:4a403b76-1bf4-4de0-94c3-7936941ec574","stable_uuid","4a403b76-1bf4-4de0-94c3-7936941ec574","ITEM-0683","","CIC-H06-001","true","true","false","684","true","false","false","","","","false","","","","","","งานวางท่อ 1-Ø110 มม. HDPE PE80 PN6 หุ้ม ค.ส.ล.","งานวางท่อ 1-Ø110 มม. HDPE PE80 PN6 หุ้ม ค.ส.ล.","","","","","ม.","ม.","","","","","1202","600","1802","","","","","","","not_comparable","not_comparable","not_comparable","stable_uuid_authority","high","","","","source_version_difference","true","no_workbook_source;no_filed_pdf_row"
"prod:6374c1e9-228a-47d0-9369-480b41424fd3","stable_uuid","6374c1e9-228a-47d0-9369-480b41424fd3","ITEM-0684","","CIC-H06-002","true","true","false","685","true","false","false","","","","false","","","","","","งานวางท่อ 2-Ø110 มม. HDPE PE80 PN6 หุ้ม ค.ส.ล.","งานวางท่อ 2-Ø110 มม. HDPE PE80 PN6 หุ้ม ค.ส.ล.","","","","","ม.","ม.","","","","","1803","683","2486","","","","","","","not_comparable","not_comparable","not_comparable","stable_uuid_authority","high","","","","source_version_difference","true","no_workbook_source;no_filed_pdf_row"
"prod:5fec1165-7678-422d-ae3f-10c95f70d528","stable_uuid","5fec1165-7678-422d-ae3f-10c95f70d528","ITEM-0685","","CIC-H06-003","true","true","false","686","true","false","false","","","","false","","","","","","งานวางท่อ 4-Ø110 มม. HDPE PE80 PN6 หุ้ม ค.ส.ล.","งานวางท่อ 4-Ø110 มม. HDPE PE80 PN6 หุ้ม ค.ส.ล.","","","","","ม.","ม.","","","","","2265","959","3224","","","","","","","not_comparable","not_comparable","not_comparable","stable_uuid_authority","high","","","","source_version_difference","true","no_workbook_source;no_filed_pdf_row"
"prod:81de3107-a3e3-4357-9c4e-eba5aced5549","stable_uuid","81de3107-a3e3-4357-9c4e-eba5aced5549","ITEM-0686","","CIC-H06-004","true","true","false","687","true","false","false","","","","false","","","","","","งานวางท่อ 6-Ø110 มม. HDPE PE80 PN6 หุ้ม ค.ส.ล.","งานวางท่อ 6-Ø110 มม. HDPE PE80 PN6 หุ้ม ค.ส.ล.","","","","","ม.","ม.","","","","","3611","1137","4748","","","","","","","not_comparable","not_comparable","not_comparable","stable_uuid_authority","high","","","","source_version_difference","true","no_workbook_source;no_filed_pdf_row"
"prod:c40fa670-1258-4078-90fb-d12ced1bc347","stable_uuid","c40fa670-1258-4078-90fb-d12ced1bc347","ITEM-0687","","CIC-H06-005","true","true","false","688","true","false","false","","","","false","","","","","","งานวางท่อ 1-Ø125 มม. HDPE PE80 PN6 หุ้ม ค.ส.ล.","งานวางท่อ 1-Ø125 มม. HDPE PE80 PN6 หุ้ม ค.ส.ล.","","","","","ม.","ม.","","","","","1275","602","1877","","","","","","","not_comparable","not_comparable","not_comparable","stable_uuid_authority","high","","","","source_version_difference","true","no_workbook_source;no_filed_pdf_row"
"prod:1bb7f2f4-15ed-40ae-b6a1-3fe0fc2f0a29","stable_uuid","1bb7f2f4-15ed-40ae-b6a1-3fe0fc2f0a29","ITEM-0688","","CIC-H06-006","true","true","false","689","true","false","false","","","","false","","","","","","งานวางท่อ 2-Ø125 มม. HDPE PE80 PN6 หุ้ม ค.ส.ล.","งานวางท่อ 2-Ø125 มม. HDPE PE80 PN6 หุ้ม ค.ส.ล.","","","","","ม.","ม.","","","","","2202","722","2924","","","","","","","not_comparable","not_comparable","not_comparable","stable_uuid_authority","high","","","","source_version_difference","true","no_workbook_source;no_filed_pdf_row"
"prod:7a7a1ea1-63d7-4aff-91ef-6b937e39e183","stable_uuid","7a7a1ea1-63d7-4aff-91ef-6b937e39e183","ITEM-0689","","CIC-H06-007","true","true","false","690","true","false","false","","","","false","","","","","","งานวางท่อ 4-Ø125 มม. HDPE PE80 PN6 หุ้ม ค.ส.ล.","งานวางท่อ 4-Ø125 มม. HDPE PE80 PN6 หุ้ม ค.ส.ล.","","","","","ม.","ม.","","","","","2930","807","3737","","","","","","","not_comparable","not_comparable","not_comparable","stable_uuid_authority","high","","","","source_version_difference","true","no_workbook_source;no_filed_pdf_row"
"prod:1e0df31e-9d07-48de-9fae-1e3c65ccf69e","stable_uuid","1e0df31e-9d07-48de-9fae-1e3c65ccf69e","ITEM-0690","","CIC-H06-008","true","true","false","691","true","false","false","","","","false","","","","","","งานวางท่อ 6-Ø125 มม. HDPE PE80 PN6 หุ้ม ค.ส.ล.","งานวางท่อ 6-Ø125 มม. HDPE PE80 PN6 หุ้ม ค.ส.ล.","","","","","ม.","ม.","","","","","3871","920","4791","","","","","","","not_comparable","not_comparable","not_comparable","stable_uuid_authority","high","","","","source_version_difference","true","no_workbook_source;no_filed_pdf_row"
"prod:63536296-50d6-4b2b-86c6-a1f434f5ebe9","stable_uuid","63536296-50d6-4b2b-86c6-a1f434f5ebe9","ITEM-0691","","CIC-H06-009","true","true","false","692","true","false","false","","","","false","","","","","","งานวางท่อ 12-Ø125 มม. HDPE PE80 PN6 หุ้ม ค.ส.ล.","งานวางท่อ 12-Ø125 มม. HDPE PE80 PN6 หุ้ม ค.ส.ล.","","","","","ม.","ม.","","","","","6560","1231","7791","","","","","","","not_comparable","not_comparable","not_comparable","stable_uuid_authority","high","","","","source_version_difference","true","no_workbook_source;no_filed_pdf_row"
"prod:713c6ee7-1f5f-493e-a726-7987bb468664","stable_uuid","713c6ee7-1f5f-493e-a726-7987bb468664","ITEM-0692","","CIC-H06-010","true","true","false","693","true","false","false","","","","false","","","","","","งานวางท่อ 16-Ø125 มม. HDPE PE80 PN6 หุ้ม ค.ส.ล.","งานวางท่อ 16-Ø125 มม. HDPE PE80 PN6 หุ้ม ค.ส.ล.","","","","","ม.","ม.","","","","","8576","1514","10090","","","","","","","not_comparable","not_comparable","not_comparable","stable_uuid_authority","high","","","","source_version_difference","true","no_workbook_source;no_filed_pdf_row"
"prod:98b98893-59b8-42c4-b030-c6c9f3cb2854","stable_uuid","98b98893-59b8-42c4-b030-c6c9f3cb2854","ITEM-0693","CIS-H06-007","CIS-H06-007","true","true","true","694","true","false","true","87","86","151","false","","","","","","งานวางท่อ 1-Ø110 มม. HDPE PE80 PN6 กลบทราย","งานวางท่อ 1-Ø110 มม. HDPE PE80 PN6 กลบทราย","งานวางท่อ 1-Ø110 มม. HDPE PE80 PN6 กลบทราย","งานวางท่อ 1-Ø110 มม. HDPE PE80 PN6 กลบทราย","","","ม.","ม.","ม.","ม.","","","547","221","768","478","221","699","","","","different","not_comparable","not_comparable","stable_uuid_authority","high","","","","source_version_difference","true","no_filed_pdf_row"
"prod:007f668e-c727-41b7-a1a4-a99a2f7e17c4","stable_uuid","007f668e-c727-41b7-a1a4-a99a2f7e17c4","ITEM-0694","CIS-H06-008","CIS-H06-008","true","true","true","695","true","false","true","88","87","152","false","","","","","","งานวางท่อ 2-Ø110 มม. HDPE PE80 PN6 กลบทราย","งานวางท่อ 2-Ø110 มม. HDPE PE80 PN6 กลบทราย","งานวางท่อ 2-Ø110 มม. HDPE PE80 PN6 กลบทราย","งานวางท่อ 2-Ø110 มม. HDPE PE80 PN6 กลบทราย","","","ม.","ม.","ม.","ม.","","","827","258","1085","689","258","947","","","","different","not_comparable","not_comparable","stable_uuid_authority","high","","","","source_version_difference","true","no_filed_pdf_row"
"prod:26ad397d-46d0-4a1c-b5a9-ddb77159e3af","stable_uuid","26ad397d-46d0-4a1c-b5a9-ddb77159e3af","ITEM-0695","CIS-H06-009","CIS-H06-009","true","true","true","696","true","false","true","89","88","153","false","","","","","","งานวางท่อ 3-Ø110 มม. HDPE PE80 PN6 กลบทราย","งานวางท่อ 3-Ø110 มม. HDPE PE80 PN6 กลบทราย","งานวางท่อ 3-Ø110 มม. HDPE PE80 PN6 กลบทราย","งานวางท่อ 3-Ø110 มม. HDPE PE80 PN6 กลบทราย","","","ม.","ม.","ม.","ม.","","","1106","297","1403","899","297","1196","","","","different","not_comparable","not_comparable","stable_uuid_authority","high","","","","source_version_difference","true","no_filed_pdf_row"
"prod:88ce6cd7-b2a1-431a-881a-3fd186b39425","stable_uuid","88ce6cd7-b2a1-431a-881a-3fd186b39425","ITEM-0696","CIS-H06-010","CIS-H06-010","true","true","true","697","true","false","true","90","89","154","false","","","","","","งานวางท่อ 4-Ø110 มม. HDPE PE80 PN6 กลบทราย","งานวางท่อ 4-Ø110 มม. HDPE PE80 PN6 กลบทราย","งานวางท่อ 4-Ø110 มม. HDPE PE80 PN6 กลบทราย","งานวางท่อ 4-Ø110 มม. HDPE PE80 PN6 กลบทราย","","","ม.","ม.","ม.","ม.","","","1867","683","2550","1591","683","2274","","","","different","not_comparable","not_comparable","stable_uuid_authority","high","","","","source_version_difference","true","no_filed_pdf_row"
"prod:b30844bc-7d46-44d0-87fb-e2a1ea69e73a","stable_uuid","b30844bc-7d46-44d0-87fb-e2a1ea69e73a","ITEM-0697","CIS-H06-011","CIS-H06-011","true","true","true","698","true","false","true","91","90","155","false","","","","","","งานวางท่อ 6-Ø110 มม. HDPE PE80 PN6 กลบทราย","งานวางท่อ 6-Ø110 มม. HDPE PE80 PN6 กลบทราย","งานวางท่อ 6-Ø110 มม. HDPE PE80 PN6 กลบทราย","งานวางท่อ 6-Ø110 มม. HDPE PE80 PN6 กลบทราย","","","ม.","ม.","ม.","ม.","","","2416","756","3172","2002","756","2758","","","","different","not_comparable","not_comparable","stable_uuid_authority","high","","","","source_version_difference","true","no_filed_pdf_row"
"prod:b5cf66a8-39b6-4c61-bdf7-6dc15b6dad8d","stable_uuid","b5cf66a8-39b6-4c61-bdf7-6dc15b6dad8d","ITEM-0698","CIS-H06-012","CIS-H06-012","true","true","true","699","true","false","true","92","91","156","false","","","","","","งานวางท่อ 12-Ø110 มม. HDPE PE80 PN6 กลบทราย","งานวางท่อ 12-Ø110 มม. HDPE PE80 PN6 กลบทราย","งานวางท่อ 12-Ø110 มม. HDPE PE80 PN6 กลบทราย","งานวางท่อ 12-Ø110 มม. HDPE PE80 PN6 กลบทราย","","","ม.","ม.","ม.","ม.","","","4082","976","5058","3254","976","4230","","","","different","not_comparable","not_comparable","stable_uuid_authority","high","","","","source_version_difference","true","no_filed_pdf_row"
"prod:33fefd12-7a85-4a79-bb1e-b639b8209f0f","stable_uuid","33fefd12-7a85-4a79-bb1e-b639b8209f0f","ITEM-0699","","JNT-PVC-013","true","true","false","700","true","false","false","","","","false","","","","","","งานสร้างจุดเชื่อมท่อ 1-Ø4"" PVC หุ้ม ค.ส.ล. (0.325x0.325x1.00 ม.)","งานสร้างจุดเชื่อมท่อ 1-Ø4"" PVC หุ้ม ค.ส.ล. (0.325x0.325x1.00 ม.)","","","","","จุด","จุด","","","","","752","236","988","","","","","","","not_comparable","not_comparable","not_comparable","stable_uuid_authority","high","","","","source_version_difference","true","no_workbook_source;no_filed_pdf_row"
"prod:116b568b-dc8b-428a-961d-6b15c19bf570","stable_uuid","116b568b-dc8b-428a-961d-6b15c19bf570","ITEM-0700","","RSR-PL0-040","true","true","false","701","true","false","false","","","","false","","","","","","งานสร้างท่อโค้ง 1-Ø63 มม. HDPE PE80 PN6 ขึ้นเสา ตามแบบมาตรฐานเลขที่ 152","งานสร้างท่อโค้ง 1-Ø63 มม. HDPE PE80 PN6 ขึ้นเสา ตามแบบมาตรฐานเลขที่ 152","","","","","จุด","จุด","","","","","1902","715","2617","","","","","","","not_comparable","not_comparable","not_comparable","stable_uuid_authority","high","","","","source_version_difference","true","no_workbook_source;no_filed_pdf_row"
"prod:3cf2ff5d-4e3e-48b2-a1a5-fc0529e23b6d","stable_uuid","3cf2ff5d-4e3e-48b2-a1a5-fc0529e23b6d","ITEM-0701","","RSR-PL0-041","true","true","false","702","true","false","false","","","","false","","","","","","งานสร้างท่อโค้ง 2-Ø63 มม. HDPE PE80 PN6 ขึ้นเสา ตามแบบมาตรฐานเลขที่ 152","งานสร้างท่อโค้ง 2-Ø63 มม. HDPE PE80 PN6 ขึ้นเสา ตามแบบมาตรฐานเลขที่ 152","","","","","จุด","จุด","","","","","2775","960","3735","","","","","","","not_comparable","not_comparable","not_comparable","stable_uuid_authority","high","","","","source_version_difference","true","no_workbook_source;no_filed_pdf_row"
"prod:f8c48291-a58b-4437-9108-f8c7a38d3c98","stable_uuid","f8c48291-a58b-4437-9108-f8c7a38d3c98","ITEM-0702","","RSR-PL0-042","true","true","false","703","true","false","false","","","","false","","","","","","งานสร้างท่อโค้ง 4-Ø63 มม. HDPE PE80 PN6 ขึ้นเสา ตามแบบมาตรฐานเลขที่ 152","งานสร้างท่อโค้ง 4-Ø63 มม. HDPE PE80 PN6 ขึ้นเสา ตามแบบมาตรฐานเลขที่ 152","","","","","จุด","จุด","","","","","5123","1594","6717","","","","","","","not_comparable","not_comparable","not_comparable","stable_uuid_authority","high","","","","source_version_difference","true","no_workbook_source;no_filed_pdf_row"
"prod:69264c50-0aa3-41e4-8efa-57f514fbc0f8","stable_uuid","69264c50-0aa3-41e4-8efa-57f514fbc0f8","ITEM-0703","RSR-PL0-014","RSR-PL0-014","true","true","true","704","true","false","true","264","263","360","false","","","","","","งานสร้างท่อโค้ง 1-Ø110 มม. HDPE PE80 PN6 ขึ้นเสา ตามแบบมาตรฐานเลขที่ 152","งานสร้างท่อโค้ง 1-Ø110 มม. HDPE PE80 PN6 ขึ้นเสา ตามแบบมาตรฐานเลขที่ 152","งานสร้างท่อโค้ง 1-Ø110 มม. HDPE PE80 PN6 ขึ้นเสา ตามแบบมาตรฐานเลขที่ 152","งานสร้างท่อโค้ง 1-Ø110 มม. HDPE PE80 PN6 ขึ้นเสา ตามแบบมาตรฐานเลขที่ 152","","","จุด","จุด","จุด","จุด","","","2892","749","3641","2747","749","3496","","","","different","not_comparable","not_comparable","stable_uuid_authority","high","","","","source_version_difference","true","no_filed_pdf_row"
"prod:92d0bd54-3ecc-4d6e-8ad1-ba3eac30da52","stable_uuid","92d0bd54-3ecc-4d6e-8ad1-ba3eac30da52","ITEM-0704","RSR-PL0-015","RSR-PL0-015","true","true","true","705","true","false","true","265","264","361","false","","","","","","งานสร้างท่อโค้ง 2-Ø110 มม. HDPE PE80 PN6 ขึ้นเสา ตามแบบมาตรฐานเลขที่ 152","งานสร้างท่อโค้ง 2-Ø110 มม. HDPE PE80 PN6 ขึ้นเสา ตามแบบมาตรฐานเลขที่ 152","งานสร้างท่อโค้ง 2-Ø110 มม. HDPE PE80 PN6 ขึ้นเสา ตามแบบมาตรฐานเลขที่ 152","งานสร้างท่อโค้ง 2-Ø110 มม. HDPE PE80 PN6 ขึ้นเสา ตามแบบมาตรฐานเลขที่ 152","","","จุด","จุด","จุด","จุด","","","5048","1093","6141","4758","1093","5851","","","","different","not_comparable","not_comparable","stable_uuid_authority","high","","","","source_version_difference","true","no_filed_pdf_row"
"prod:283d1a1f-2bc4-4600-bb85-c109ac02448b","stable_uuid","283d1a1f-2bc4-4600-bb85-c109ac02448b","ITEM-0705","RSR-PL0-016","RSR-PL0-016","true","true","true","706","true","false","true","266","265","362","false","","","","","","งานสร้างท่อโค้ง 4-Ø110 มม. HDPE PE80 PN6 ขึ้นเสา ตามแบบมาตรฐานเลขที่ 152","งานสร้างท่อโค้ง 4-Ø110 มม. HDPE PE80 PN6 ขึ้นเสา ตามแบบมาตรฐานเลขที่ 152","งานสร้างท่อโค้ง 4-Ø110 มม. HDPE PE80 PN6 ขึ้นเสา ตามแบบมาตรฐานเลขที่ 152","งานสร้างท่อโค้ง 4-Ø110 มม. HDPE PE80 PN6 ขึ้นเสา ตามแบบมาตรฐานเลขที่ 152","","","จุด","จุด","จุด","จุด","","","9119","1738","10857","8539","1738","10277","","","","different","not_comparable","not_comparable","stable_uuid_authority","high","","","","source_version_difference","true","no_filed_pdf_row"
"prod:c6e19e31-073f-482a-8189-f56e262fdc5e","stable_uuid","c6e19e31-073f-482a-8189-f56e262fdc5e","ITEM-0706","RSR-PL0-017","RSR-PL0-017","true","true","true","707","true","false","true","267","266","363","false","","","","","","งานสร้างท่อโค้ง 6-Ø110 มม. HDPE PE80 PN6 ขึ้นเสา ตามแบบมาตรฐานเลขที่ 152","งานสร้างท่อโค้ง 6-Ø110 มม. HDPE PE80 PN6 ขึ้นเสา ตามแบบมาตรฐานเลขที่ 152","งานสร้างท่อโค้ง 6-Ø110 มม. HDPE PE80 PN6 ขึ้นเสา ตามแบบมาตรฐานเลขที่ 152","งานสร้างท่อโค้ง 6-Ø110 มม. HDPE PE80 PN6 ขึ้นเสา ตามแบบมาตรฐานเลขที่ 152","","","จุด","จุด","จุด","จุด","","","11253","2274","13527","10769","2274","13043","","","","different","not_comparable","not_comparable","stable_uuid_authority","high","","","","source_version_difference","true","no_filed_pdf_row"
"prod:348b177f-cc3d-409b-a948-a60b1c2a5f87","stable_uuid","348b177f-cc3d-409b-a948-a60b1c2a5f87","ITEM-0707","","RSR-PL0-043","true","true","false","708","true","false","false","","","","false","","","","","","งานสร้างท่อโค้ง 1-Ø125 มม. HDPE PE80 PN6 ขึ้นเสา ตามแบบมาตรฐานเลขที่ 152","งานสร้างท่อโค้ง 1-Ø125 มม. HDPE PE80 PN6 ขึ้นเสา ตามแบบมาตรฐานเลขที่ 152","","","","","จุด","จุด","","","","","3239","790","4029","","","","","","","not_comparable","not_comparable","not_comparable","stable_uuid_authority","high","","","","source_version_difference","true","no_workbook_source;no_filed_pdf_row"
"prod:44a3bf83-6558-4fc1-ad97-d6bd1f04cc3f","stable_uuid","44a3bf83-6558-4fc1-ad97-d6bd1f04cc3f","ITEM-0708","","RSR-PL0-044","true","true","false","709","true","false","false","","","","false","","","","","","งานสร้างท่อโค้ง 2-Ø125 มม. HDPE PE80 PN6 ขึ้นเสา ตามแบบมาตรฐานเลขที่ 152","งานสร้างท่อโค้ง 2-Ø125 มม. HDPE PE80 PN6 ขึ้นเสา ตามแบบมาตรฐานเลขที่ 152","","","","","จุด","จุด","","","","","5202","1070","6272","","","","","","","not_comparable","not_comparable","not_comparable","stable_uuid_authority","high","","","","source_version_difference","true","no_workbook_source;no_filed_pdf_row"
"prod:d7117e52-5910-457a-b726-d12efbbb8ea1","stable_uuid","d7117e52-5910-457a-b726-d12efbbb8ea1","ITEM-0709","","RSR-PL0-045","true","true","false","710","true","false","false","","","","false","","","","","","งานสร้างท่อโค้ง 4-Ø125 มม. HDPE PE80 PN6 ขึ้นเสา ตามแบบมาตรฐานเลขที่ 152","งานสร้างท่อโค้ง 4-Ø125 มม. HDPE PE80 PN6 ขึ้นเสา ตามแบบมาตรฐานเลขที่ 152","","","","","จุด","จุด","","","","","8887","1587","10474","","","","","","","not_comparable","not_comparable","not_comparable","stable_uuid_authority","high","","","","source_version_difference","true","no_workbook_source;no_filed_pdf_row"
"prod:e0f7236b-c21f-4c29-8933-3010ad7b8445","stable_uuid","e0f7236b-c21f-4c29-8933-3010ad7b8445","ITEM-0710","","RSR-PL0-046","true","true","false","711","true","false","false","","","","false","","","","","","งานสร้างท่อโค้ง 6-Ø125 มม. HDPE PE80 PN6 ขึ้นเสา ตามแบบมาตรฐานเลขที่ 152","งานสร้างท่อโค้ง 6-Ø125 มม. HDPE PE80 PN6 ขึ้นเสา ตามแบบมาตรฐานเลขที่ 152","","","","","จุด","จุด","","","","","11661","2246","13907","","","","","","","not_comparable","not_comparable","not_comparable","stable_uuid_authority","high","","","","source_version_difference","true","no_workbook_source;no_filed_pdf_row"
"wb:CIS-H06-001@row81","workbook_exclusion_no_uuid","","","CIS-H06-001","CIS-H06-001","false","false","true","712","false","true","true","81","80","145","false","","","","","","","","งานวางท่อ 1-Ø90 มม. HDPE PE80 PN6 กลบทราย","งานวางท่อ 1-Ø90 มม. HDPE PE80 PN6 กลบทราย","","","","","ม.","ม.","","","","","","457","216","673","","","","not_comparable","not_comparable","not_comparable","authority_exclusion","authority_rejected","","","","rejected_or_no_authority","true","no_filed_pdf_row"
"wb:CIS-H06-002@row82","workbook_exclusion_no_uuid","","","CIS-H06-002","CIS-H06-002","false","false","true","713","false","true","true","82","81","146","false","","","","","","","","งานวางท่อ 2-Ø90 มม. HDPE PE80 PN6 กลบทราย","งานวางท่อ 2-Ø90 มม. HDPE PE80 PN6 กลบทราย","","","","","ม.","ม.","","","","","","647","248","895","","","","not_comparable","not_comparable","not_comparable","authority_exclusion","authority_rejected","","","","rejected_or_no_authority","true","no_filed_pdf_row"
"wb:CIS-H06-003@row83","workbook_exclusion_no_uuid","","","CIS-H06-003","CIS-H06-003","false","false","true","714","false","true","true","83","82","147","false","","","","","","","","งานวางท่อ 3-Ø90 มม. HDPE PE80 PN6 กลบทราย","งานวางท่อ 3-Ø90 มม. HDPE PE80 PN6 กลบทราย","","","","","ม.","ม.","","","","","","836","282","1118","","","","not_comparable","not_comparable","not_comparable","authority_exclusion","authority_rejected","","","","rejected_or_no_authority","true","no_filed_pdf_row"
"wb:CIS-H06-004@row84","workbook_exclusion_no_uuid","","","CIS-H06-004","CIS-H06-004","false","false","true","715","false","true","true","84","83","148","false","","","","","","","","งานวางท่อ 4-Ø90 มม. HDPE PE80 PN6 กลบทราย","งานวางท่อ 4-Ø90 มม. HDPE PE80 PN6 กลบทราย","","","","","ม.","ม.","","","","","","1507","663","2170","","","","not_comparable","not_comparable","not_comparable","authority_exclusion","authority_rejected","","","","rejected_or_no_authority","true","no_filed_pdf_row"
"wb:CIS-H06-005@row85","workbook_exclusion_no_uuid","","","CIS-H06-005","CIS-H06-005","false","false","true","716","false","true","true","85","84","149","false","","","","","","","","งานวางท่อ 6-Ø90 มม. HDPE PE80 PN6 กลบทราย","งานวางท่อ 6-Ø90 มม. HDPE PE80 PN6 กลบทราย","","","","","ม.","ม.","","","","","","1876","726","2602","","","","not_comparable","not_comparable","not_comparable","authority_exclusion","authority_rejected","","","","rejected_or_no_authority","true","no_filed_pdf_row"
"wb:CIS-H06-006@row86","workbook_exclusion_no_uuid","","","CIS-H06-006","CIS-H06-006","false","false","true","717","false","true","true","86","85","150","false","","","","","","","","งานวางท่อ 12-Ø90 มม. HDPE PE80 PN6 กลบทราย","งานวางท่อ 12-Ø90 มม. HDPE PE80 PN6 กลบทราย","","","","","ม.","ม.","","","","","","3002","916","3918","","","","not_comparable","not_comparable","not_comparable","authority_exclusion","authority_rejected","","","","rejected_or_no_authority","true","no_filed_pdf_row"
"wb:CRS-GIP-025@row164","workbook_exclusion_no_uuid","","","CRS-GIP-025","CRS-GIP-025","false","false","true","718","false","true","true","164","163","239","true","6","1","31","p06:t1:r31:display-25","0081bc2a7fea108ac8aa34dc35698fa8ef0adae3d3815fae49fe8ccd91a507f3","","","งานวางท่อ 4-Ø125 มม. HDPE PE80 PN6 CROSSING","งานวางท่อ 4-Ø125 มม. HDPE PE80 PN6 CROSSING","งานวางท่อ 4-Ø125 มม. HDPE PE80 PN8 CROSSING","งานวางท่อ 4-Ø125 มม. HDPE PE80 PN8 CROSSING","","","ม.","ม.","ม.","ม.","","","","1477","173","1650","1477","173","1650","not_comparable","equal","not_comparable","order_constrained_name_unit_source_ordinal","authority_rejected","0.942857","true","true","rejected_or_no_authority","true",""
"wb:RSR-PL0-010@row260","workbook_exclusion_no_uuid","","","RSR-PL0-010","RSR-PL0-010","false","false","true","720","false","true","true","260","259","356","false","","","","","","","","งานสร้างท่อโค้ง 1-Ø90 มม. HDPE PE80 PN6 ขึ้นเสา ตามแบบมาตรฐานเลขที่ 152","งานสร้างท่อโค้ง 1-Ø90 มม. HDPE PE80 PN6 ขึ้นเสา ตามแบบมาตรฐานเลขที่ 152","","","","","จุด","จุด","","","","","","2397","729","3126","","","","not_comparable","not_comparable","not_comparable","authority_exclusion","authority_rejected","","","","rejected_or_no_authority","true","no_filed_pdf_row"
"wb:RSR-PL0-011@row261","workbook_exclusion_no_uuid","","","RSR-PL0-011","RSR-PL0-011","false","false","true","721","false","true","true","261","260","357","false","","","","","","","","งานสร้างท่อโค้ง 2-Ø90 มม. HDPE PE80 PN6 ขึ้นเสา ตามแบบมาตรฐานเลขที่ 152","งานสร้างท่อโค้ง 2-Ø90 มม. HDPE PE80 PN6 ขึ้นเสา ตามแบบมาตรฐานเลขที่ 152","","","","","จุด","จุด","","","","","","4058","1053","5111","","","","not_comparable","not_comparable","not_comparable","authority_exclusion","authority_rejected","","","","rejected_or_no_authority","true","no_filed_pdf_row"
"wb:RSR-PL0-012@row262","workbook_exclusion_no_uuid","","","RSR-PL0-012","RSR-PL0-012","false","false","true","722","false","true","true","262","261","358","false","","","","","","","","งานสร้างท่อโค้ง 4-Ø90 มม. HDPE PE80 PN6 ขึ้นเสา ตามแบบมาตรฐานเลขที่ 152","งานสร้างท่อโค้ง 4-Ø90 มม. HDPE PE80 PN6 ขึ้นเสา ตามแบบมาตรฐานเลขที่ 152","","","","","จุด","จุด","","","","","","7139","1658","8797","","","","not_comparable","not_comparable","not_comparable","authority_exclusion","authority_rejected","","","","rejected_or_no_authority","true","no_filed_pdf_row"
"wb:RSR-PL0-013@row263","workbook_exclusion_no_uuid","","","RSR-PL0-013","RSR-PL0-013","false","false","true","723","false","true","true","263","262","359","false","","","","","","","","งานสร้างท่อโค้ง 6-Ø90 มม. HDPE PE80 PN6 ขึ้นเสา ตามแบบมาตรฐานเลขที่ 152","งานสร้างท่อโค้ง 6-Ø90 มม. HDPE PE80 PN6 ขึ้นเสา ตามแบบมาตรฐานเลขที่ 152","","","","","จุด","จุด","","","","","","8532","2164","10696","","","","not_comparable","not_comparable","not_comparable","authority_exclusion","authority_rejected","","","","rejected_or_no_authority","true","no_filed_pdf_row"
"wb:RSR-PL0-018@row268","workbook_exclusion_no_uuid","","","RSR-PL0-018","RSR-PL0-018","false","false","true","724","false","true","true","268","267","366","false","","","","","","","","งานสร้างท่อโค้ง 1-Ø63 มม. HDPE PE80 PN8 ขึ้นเสา ตามแบบมาตรฐานเลขที่ 152","งานสร้างท่อโค้ง 1-Ø63 มม. HDPE PE80 PN8 ขึ้นเสา ตามแบบมาตรฐานเลขที่ 152","","","","","จุด","จุด","","","","","","1944","715","2659","","","","not_comparable","not_comparable","not_comparable","authority_exclusion","authority_rejected","","","","rejected_or_no_authority","true","no_filed_pdf_row"
"wb:RSR-PL0-019@row269","workbook_exclusion_no_uuid","","","RSR-PL0-019","RSR-PL0-019","false","false","true","725","false","true","true","269","268","367","false","","","","","","","","งานสร้างท่อโค้ง 2-Ø63 มม. HDPE PE80 PN8 ขึ้นเสา ตามแบบมาตรฐานเลขที่ 152","งานสร้างท่อโค้ง 2-Ø63 มม. HDPE PE80 PN8 ขึ้นเสา ตามแบบมาตรฐานเลขที่ 152","","","","","จุด","จุด","","","","","","2859","960","3819","","","","not_comparable","not_comparable","not_comparable","authority_exclusion","authority_rejected","","","","rejected_or_no_authority","true","no_filed_pdf_row"
"wb:RSR-PL0-020@row270","workbook_exclusion_no_uuid","","","RSR-PL0-020","RSR-PL0-020","false","false","true","726","false","true","true","270","269","368","false","","","","","","","","งานสร้างท่อโค้ง 4-Ø63 มม. HDPE PE80 PN8 ขึ้นเสา ตามแบบมาตรฐานเลขที่ 152","งานสร้างท่อโค้ง 4-Ø63 มม. HDPE PE80 PN8 ขึ้นเสา ตามแบบมาตรฐานเลขที่ 152","","","","","จุด","จุด","","","","","","5291","1594","6885","","","","not_comparable","not_comparable","not_comparable","authority_exclusion","authority_rejected","","","","rejected_or_no_authority","true","no_filed_pdf_row"
"wb:RSR-PL0-029@row279","workbook_exclusion_no_uuid","","","RSR-PL0-029","RSR-PL0-029","false","false","true","727","false","true","true","279","278","379","false","","","","","","","","งานสร้างท่อโค้ง 1-Ø63 มม. HDPE PE80 PN10 ขึ้นเสา ตามแบบมาตรฐานเลขที่ 152","งานสร้างท่อโค้ง 1-Ø63 มม. HDPE PE80 PN10 ขึ้นเสา ตามแบบมาตรฐานเลขที่ 152","","","","","จุด","จุด","","","","","","1992","715","2707","","","","not_comparable","not_comparable","not_comparable","authority_exclusion","authority_rejected","","","","rejected_or_no_authority","true","no_filed_pdf_row"
"wb:RSR-PL0-030@row280","workbook_exclusion_no_uuid","","","RSR-PL0-030","RSR-PL0-030","false","false","true","728","false","true","true","280","279","380","false","","","","","","","","งานสร้างท่อโค้ง 2-Ø63 มม. HDPE PE80 PN10 ขึ้นเสา ตามแบบมาตรฐานเลขที่ 152","งานสร้างท่อโค้ง 2-Ø63 มม. HDPE PE80 PN10 ขึ้นเสา ตามแบบมาตรฐานเลขที่ 152","","","","","จุด","จุด","","","","","","2955","960","3915","","","","not_comparable","not_comparable","not_comparable","authority_exclusion","authority_rejected","","","","rejected_or_no_authority","true","no_filed_pdf_row"
"wb:RSR-PL0-031@row281","workbook_exclusion_no_uuid","","","RSR-PL0-031","RSR-PL0-031","false","false","true","729","false","true","true","281","280","381","false","","","","","","","","งานสร้างท่อโค้ง 4-Ø63 มม. HDPE PE80 PN10 ขึ้นเสา ตามแบบมาตรฐานเลขที่ 152","งานสร้างท่อโค้ง 4-Ø63 มม. HDPE PE80 PN10 ขึ้นเสา ตามแบบมาตรฐานเลขที่ 152","","","","","จุด","จุด","","","","","","5483","1594","7077","","","","not_comparable","not_comparable","not_comparable","authority_exclusion","authority_rejected","","","","rejected_or_no_authority","true","no_filed_pdf_row"
